segment_id,recording_id,species,scientific_name,source_file,segment_number,start_time,end_time,segment_duration,recording_duration,sample_rate,file_path,split
XC1070499-Asian-Koel-2026010301a-garden-Makham_segment_0000.wav,XC1070499-Asian-Koel-2026010301a-garden-Makham,Asian Koel,Eudynamys scolopaceus,XC1070499-Asian-Koel-2026010301a-garden-Makham.wav,0,0.0,5.0,5,20.495,32000,dataset\segments\Eudynamys_scolopaceus\XC1070499-Asian-Koel-2026010301a-garden-Makham_segment_0000.wav,train
XC1070499-Asian-Koel-2026010301a-garden-Makham_segment_0001.wav,XC1070499-Asian-Koel-2026010301a-garden-Makham,Asian Koel,Eudynamys scolopaceus,XC1070499-Asian-Koel-2026010301a-garden-Makham.wav,1,2.5,7.5,5,20.495,32000,dataset\segments\Eudynamys_scolopaceus\XC1070499-Asian-Koel-2026010301a-garden-Makham_segment_0001.wav,train
XC1070499-Asian-Koel-2026010301a-garden-Makham_segment_0002.wav,XC1070499-Asian-Koel-2026010301a-garden-Makham,Asian Koel,Eudynamys scolopaceus,XC1070499-Asian-Koel-2026010301a-garden-Makham.wav,2,5.0,10.0,5,20.495,32000,dataset\segments\Eudynamys_scolopaceus\XC1070499-Asian-Koel-2026010301a-garden-Makham_segment_0002.wav,train
XC1070499-Asian-Koel-2026010301a-garden-Makham_segment_0003.wav,XC1070499-Asian-Koel-2026010301a-garden-Makham,Asian Koel,Eudynamys scolopaceus,XC1070499-Asian-Koel-2026010301a-garden-Makham.wav,3,7.5,12.5,5,20.495,32000,dataset\segments\Eudynamys_scolopaceus\XC1070499-Asian-Koel-2026010301a-garden-Makham_segment_0003.wav,train
XC1070499-Asian-Koel-2026010301a-garden-Makham_segment_0004.wav,XC1070499-Asian-Koel-2026010301a-garden-Makham,Asian Koel,Eudynamys scolopaceus,XC1070499-Asian-Koel-2026010301a-garden-Makham.wav,4,10.0,15.0,5,20.495,32000,dataset\segments\Eudynamys_scolopaceus\XC1070499-Asian-Koel-2026010301a-garden-Makham_segment_0004.wav,train
XC1070499-Asian-Koel-2026010301a-garden-Makham_segment_0005.wav,XC1070499-Asian-Koel-2026010301a-garden-Makham,Asian Koel,Eudynamys scolopaceus,XC1070499-Asian-Koel-2026010301a-garden-Makham.wav,5,12.5,17.5,5,20.495,32000,dataset\segments\Eudynamys_scolopaceus\XC1070499-Asian-Koel-2026010301a-garden-Makham_segment_0005.wav,train
XC1070499-Asian-Koel-2026010301a-garden-Makham_segment_0006.wav,XC1070499-Asian-Koel-2026010301a-garden-Makham,Asian Koel,Eudynamys scolopaceus,XC1070499-Asian-Koel-2026010301a-garden-Makham.wav,6,15.0,20.0,5,20.495,32000,dataset\segments\Eudynamys_scolopaceus\XC1070499-Asian-Koel-2026010301a-garden-Makham_segment_0006.wav,train
XC1071405-260104_3156-Asian-Koel-20260104-8am-Perlis-eBird-xeno_segment_0000.wav,XC1071405-260104_3156-Asian-Koel-20260104-8am-Perlis-eBird-xeno,Asian Koel,Eudynamys scolopaceus,XC1071405-260104_3156-Asian-Koel-20260104-8am-Perlis-eBird-xeno.wav,0,0.0,5.0,5,12.451,32000,dataset\segments\Eudynamys_scolopaceus\XC1071405-260104_3156-Asian-Koel-20260104-8am-Perlis-eBird-xeno_segment_0000.wav,train
XC1071405-260104_3156-Asian-Koel-20260104-8am-Perlis-eBird-xeno_segment_0001.wav,XC1071405-260104_3156-Asian-Koel-20260104-8am-Perlis-eBird-xeno,Asian Koel,Eudynamys scolopaceus,XC1071405-260104_3156-Asian-Koel-20260104-8am-Perlis-eBird-xeno.wav,1,2.5,7.5,5,12.451,32000,dataset\segments\Eudynamys_scolopaceus\XC1071405-260104_3156-Asian-Koel-20260104-8am-Perlis-eBird-xeno_segment_0001.wav,train
XC1071405-260104_3156-Asian-Koel-20260104-8am-Perlis-eBird-xeno_segment_0002.wav,XC1071405-260104_3156-Asian-Koel-20260104-8am-Perlis-eBird-xeno,Asian Koel,Eudynamys scolopaceus,XC1071405-260104_3156-Asian-Koel-20260104-8am-Perlis-eBird-xeno.wav,2,5.0,10.0,5,12.451,32000,dataset\segments\Eudynamys_scolopaceus\XC1071405-260104_3156-Asian-Koel-20260104-8am-Perlis-eBird-xeno_segment_0002.wav,train
"XC1078430-Koel,-Asian-_Ale-hman_2_segment_0000.wav","XC1078430-Koel,-Asian-_Ale-hman_2",Asian Koel,Eudynamys scolopaceus,"XC1078430-Koel,-Asian-_Ale-hman_2.wav",0,0.0,5.0,5,35.5,32000,"dataset\segments\Eudynamys_scolopaceus\XC1078430-Koel,-Asian-_Ale-hman_2_segment_0000.wav",train
"XC1078430-Koel,-Asian-_Ale-hman_2_segment_0001.wav","XC1078430-Koel,-Asian-_Ale-hman_2",Asian Koel,Eudynamys scolopaceus,"XC1078430-Koel,-Asian-_Ale-hman_2.wav",1,2.5,7.5,5,35.5,32000,"dataset\segments\Eudynamys_scolopaceus\XC1078430-Koel,-Asian-_Ale-hman_2_segment_0001.wav",train
"XC1078430-Koel,-Asian-_Ale-hman_2_segment_0002.wav","XC1078430-Koel,-Asian-_Ale-hman_2",Asian Koel,Eudynamys scolopaceus,"XC1078430-Koel,-Asian-_Ale-hman_2.wav",2,5.0,10.0,5,35.5,32000,"dataset\segments\Eudynamys_scolopaceus\XC1078430-Koel,-Asian-_Ale-hman_2_segment_0002.wav",train
"XC1078430-Koel,-Asian-_Ale-hman_2_segment_0003.wav","XC1078430-Koel,-Asian-_Ale-hman_2",Asian Koel,Eudynamys scolopaceus,"XC1078430-Koel,-Asian-_Ale-hman_2.wav",3,7.5,12.5,5,35.5,32000,"dataset\segments\Eudynamys_scolopaceus\XC1078430-Koel,-Asian-_Ale-hman_2_segment_0003.wav",train
"XC1078430-Koel,-Asian-_Ale-hman_2_segment_0004.wav","XC1078430-Koel,-Asian-_Ale-hman_2",Asian Koel,Eudynamys scolopaceus,"XC1078430-Koel,-Asian-_Ale-hman_2.wav",4,10.0,15.0,5,35.5,32000,"dataset\segments\Eudynamys_scolopaceus\XC1078430-Koel,-Asian-_Ale-hman_2_segment_0004.wav",train
"XC1078430-Koel,-Asian-_Ale-hman_2_segment_0005.wav","XC1078430-Koel,-Asian-_Ale-hman_2",Asian Koel,Eudynamys scolopaceus,"XC1078430-Koel,-Asian-_Ale-hman_2.wav",5,12.5,17.5,5,35.5,32000,"dataset\segments\Eudynamys_scolopaceus\XC1078430-Koel,-Asian-_Ale-hman_2_segment_0005.wav",train
"XC1078430-Koel,-Asian-_Ale-hman_2_segment_0006.wav","XC1078430-Koel,-Asian-_Ale-hman_2",Asian Koel,Eudynamys scolopaceus,"XC1078430-Koel,-Asian-_Ale-hman_2.wav",6,15.0,20.0,5,35.5,32000,"dataset\segments\Eudynamys_scolopaceus\XC1078430-Koel,-Asian-_Ale-hman_2_segment_0006.wav",train
"XC1078430-Koel,-Asian-_Ale-hman_2_segment_0007.wav","XC1078430-Koel,-Asian-_Ale-hman_2",Asian Koel,Eudynamys scolopaceus,"XC1078430-Koel,-Asian-_Ale-hman_2.wav",7,17.5,22.5,5,35.5,32000,"dataset\segments\Eudynamys_scolopaceus\XC1078430-Koel,-Asian-_Ale-hman_2_segment_0007.wav",train
"XC1078430-Koel,-Asian-_Ale-hman_2_segment_0008.wav","XC1078430-Koel,-Asian-_Ale-hman_2",Asian Koel,Eudynamys scolopaceus,"XC1078430-Koel,-Asian-_Ale-hman_2.wav",8,20.0,25.0,5,35.5,32000,"dataset\segments\Eudynamys_scolopaceus\XC1078430-Koel,-Asian-_Ale-hman_2_segment_0008.wav",train
"XC1078430-Koel,-Asian-_Ale-hman_2_segment_0009.wav","XC1078430-Koel,-Asian-_Ale-hman_2",Asian Koel,Eudynamys scolopaceus,"XC1078430-Koel,-Asian-_Ale-hman_2.wav",9,22.5,27.5,5,35.5,32000,"dataset\segments\Eudynamys_scolopaceus\XC1078430-Koel,-Asian-_Ale-hman_2_segment_0009.wav",train
"XC1078430-Koel,-Asian-_Ale-hman_2_segment_0010.wav","XC1078430-Koel,-Asian-_Ale-hman_2",Asian Koel,Eudynamys scolopaceus,"XC1078430-Koel,-Asian-_Ale-hman_2.wav",10,25.0,30.0,5,35.5,32000,"dataset\segments\Eudynamys_scolopaceus\XC1078430-Koel,-Asian-_Ale-hman_2_segment_0010.wav",train
"XC1078430-Koel,-Asian-_Ale-hman_2_segment_0011.wav","XC1078430-Koel,-Asian-_Ale-hman_2",Asian Koel,Eudynamys scolopaceus,"XC1078430-Koel,-Asian-_Ale-hman_2.wav",11,27.5,32.5,5,35.5,32000,"dataset\segments\Eudynamys_scolopaceus\XC1078430-Koel,-Asian-_Ale-hman_2_segment_0011.wav",train
"XC1078430-Koel,-Asian-_Ale-hman_2_segment_0012.wav","XC1078430-Koel,-Asian-_Ale-hman_2",Asian Koel,Eudynamys scolopaceus,"XC1078430-Koel,-Asian-_Ale-hman_2.wav",12,30.0,35.0,5,35.5,32000,"dataset\segments\Eudynamys_scolopaceus\XC1078430-Koel,-Asian-_Ale-hman_2_segment_0012.wav",train
XC1089796-Koel-8_11_segment_0000.wav,XC1089796-Koel-8_11,Asian Koel,Eudynamys scolopaceus,XC1089796-Koel-8_11.wav,0,0.0,5.0,5,19.008,32000,dataset\segments\Eudynamys_scolopaceus\XC1089796-Koel-8_11_segment_0000.wav,train
XC1089796-Koel-8_11_segment_0001.wav,XC1089796-Koel-8_11,Asian Koel,Eudynamys scolopaceus,XC1089796-Koel-8_11.wav,1,2.5,7.5,5,19.008,32000,dataset\segments\Eudynamys_scolopaceus\XC1089796-Koel-8_11_segment_0001.wav,train
XC1089796-Koel-8_11_segment_0002.wav,XC1089796-Koel-8_11,Asian Koel,Eudynamys scolopaceus,XC1089796-Koel-8_11.wav,2,5.0,10.0,5,19.008,32000,dataset\segments\Eudynamys_scolopaceus\XC1089796-Koel-8_11_segment_0002.wav,train
XC1089796-Koel-8_11_segment_0003.wav,XC1089796-Koel-8_11,Asian Koel,Eudynamys scolopaceus,XC1089796-Koel-8_11.wav,3,7.5,12.5,5,19.008,32000,dataset\segments\Eudynamys_scolopaceus\XC1089796-Koel-8_11_segment_0003.wav,train
XC1089796-Koel-8_11_segment_0004.wav,XC1089796-Koel-8_11,Asian Koel,Eudynamys scolopaceus,XC1089796-Koel-8_11.wav,4,10.0,15.0,5,19.008,32000,dataset\segments\Eudynamys_scolopaceus\XC1089796-Koel-8_11_segment_0004.wav,train
XC1089796-Koel-8_11_segment_0005.wav,XC1089796-Koel-8_11,Asian Koel,Eudynamys scolopaceus,XC1089796-Koel-8_11.wav,5,12.5,17.5,5,19.008,32000,dataset\segments\Eudynamys_scolopaceus\XC1089796-Koel-8_11_segment_0005.wav,train
XC1096403-asian-koel-Colombo-260304_2050-(10)_segment_0000.wav,XC1096403-asian-koel-Colombo-260304_2050-(10),Asian Koel,Eudynamys scolopaceus,XC1096403-asian-koel-Colombo-260304_2050-(10).wav,0,0.0,5.0,5,23.666,32000,dataset\segments\Eudynamys_scolopaceus\XC1096403-asian-koel-Colombo-260304_2050-(10)_segment_0000.wav,train
XC1096403-asian-koel-Colombo-260304_2050-(10)_segment_0001.wav,XC1096403-asian-koel-Colombo-260304_2050-(10),Asian Koel,Eudynamys scolopaceus,XC1096403-asian-koel-Colombo-260304_2050-(10).wav,1,2.5,7.5,5,23.666,32000,dataset\segments\Eudynamys_scolopaceus\XC1096403-asian-koel-Colombo-260304_2050-(10)_segment_0001.wav,train
XC1096403-asian-koel-Colombo-260304_2050-(10)_segment_0002.wav,XC1096403-asian-koel-Colombo-260304_2050-(10),Asian Koel,Eudynamys scolopaceus,XC1096403-asian-koel-Colombo-260304_2050-(10).wav,2,5.0,10.0,5,23.666,32000,dataset\segments\Eudynamys_scolopaceus\XC1096403-asian-koel-Colombo-260304_2050-(10)_segment_0002.wav,train
XC1096403-asian-koel-Colombo-260304_2050-(10)_segment_0003.wav,XC1096403-asian-koel-Colombo-260304_2050-(10),Asian Koel,Eudynamys scolopaceus,XC1096403-asian-koel-Colombo-260304_2050-(10).wav,3,7.5,12.5,5,23.666,32000,dataset\segments\Eudynamys_scolopaceus\XC1096403-asian-koel-Colombo-260304_2050-(10)_segment_0003.wav,train
XC1096403-asian-koel-Colombo-260304_2050-(10)_segment_0004.wav,XC1096403-asian-koel-Colombo-260304_2050-(10),Asian Koel,Eudynamys scolopaceus,XC1096403-asian-koel-Colombo-260304_2050-(10).wav,4,10.0,15.0,5,23.666,32000,dataset\segments\Eudynamys_scolopaceus\XC1096403-asian-koel-Colombo-260304_2050-(10)_segment_0004.wav,train
XC1096403-asian-koel-Colombo-260304_2050-(10)_segment_0005.wav,XC1096403-asian-koel-Colombo-260304_2050-(10),Asian Koel,Eudynamys scolopaceus,XC1096403-asian-koel-Colombo-260304_2050-(10).wav,5,12.5,17.5,5,23.666,32000,dataset\segments\Eudynamys_scolopaceus\XC1096403-asian-koel-Colombo-260304_2050-(10)_segment_0005.wav,train
XC1096403-asian-koel-Colombo-260304_2050-(10)_segment_0006.wav,XC1096403-asian-koel-Colombo-260304_2050-(10),Asian Koel,Eudynamys scolopaceus,XC1096403-asian-koel-Colombo-260304_2050-(10).wav,6,15.0,20.0,5,23.666,32000,dataset\segments\Eudynamys_scolopaceus\XC1096403-asian-koel-Colombo-260304_2050-(10)_segment_0006.wav,train
XC1096403-asian-koel-Colombo-260304_2050-(10)_segment_0007.wav,XC1096403-asian-koel-Colombo-260304_2050-(10),Asian Koel,Eudynamys scolopaceus,XC1096403-asian-koel-Colombo-260304_2050-(10).wav,7,17.5,22.5,5,23.666,32000,dataset\segments\Eudynamys_scolopaceus\XC1096403-asian-koel-Colombo-260304_2050-(10)_segment_0007.wav,train
XC1096404-asian-koel-Colombo-260304_2050-(11)_segment_0000.wav,XC1096404-asian-koel-Colombo-260304_2050-(11),Asian Koel,Eudynamys scolopaceus,XC1096404-asian-koel-Colombo-260304_2050-(11).wav,0,0.0,5.0,5,20.799,32000,dataset\segments\Eudynamys_scolopaceus\XC1096404-asian-koel-Colombo-260304_2050-(11)_segment_0000.wav,train
XC1096404-asian-koel-Colombo-260304_2050-(11)_segment_0001.wav,XC1096404-asian-koel-Colombo-260304_2050-(11),Asian Koel,Eudynamys scolopaceus,XC1096404-asian-koel-Colombo-260304_2050-(11).wav,1,2.5,7.5,5,20.799,32000,dataset\segments\Eudynamys_scolopaceus\XC1096404-asian-koel-Colombo-260304_2050-(11)_segment_0001.wav,train
XC1096404-asian-koel-Colombo-260304_2050-(11)_segment_0002.wav,XC1096404-asian-koel-Colombo-260304_2050-(11),Asian Koel,Eudynamys scolopaceus,XC1096404-asian-koel-Colombo-260304_2050-(11).wav,2,5.0,10.0,5,20.799,32000,dataset\segments\Eudynamys_scolopaceus\XC1096404-asian-koel-Colombo-260304_2050-(11)_segment_0002.wav,train
XC1096404-asian-koel-Colombo-260304_2050-(11)_segment_0003.wav,XC1096404-asian-koel-Colombo-260304_2050-(11),Asian Koel,Eudynamys scolopaceus,XC1096404-asian-koel-Colombo-260304_2050-(11).wav,3,7.5,12.5,5,20.799,32000,dataset\segments\Eudynamys_scolopaceus\XC1096404-asian-koel-Colombo-260304_2050-(11)_segment_0003.wav,train
XC1096404-asian-koel-Colombo-260304_2050-(11)_segment_0004.wav,XC1096404-asian-koel-Colombo-260304_2050-(11),Asian Koel,Eudynamys scolopaceus,XC1096404-asian-koel-Colombo-260304_2050-(11).wav,4,10.0,15.0,5,20.799,32000,dataset\segments\Eudynamys_scolopaceus\XC1096404-asian-koel-Colombo-260304_2050-(11)_segment_0004.wav,train
XC1096404-asian-koel-Colombo-260304_2050-(11)_segment_0005.wav,XC1096404-asian-koel-Colombo-260304_2050-(11),Asian Koel,Eudynamys scolopaceus,XC1096404-asian-koel-Colombo-260304_2050-(11).wav,5,12.5,17.5,5,20.799,32000,dataset\segments\Eudynamys_scolopaceus\XC1096404-asian-koel-Colombo-260304_2050-(11)_segment_0005.wav,train
XC1096404-asian-koel-Colombo-260304_2050-(11)_segment_0006.wav,XC1096404-asian-koel-Colombo-260304_2050-(11),Asian Koel,Eudynamys scolopaceus,XC1096404-asian-koel-Colombo-260304_2050-(11).wav,6,15.0,20.0,5,20.799,32000,dataset\segments\Eudynamys_scolopaceus\XC1096404-asian-koel-Colombo-260304_2050-(11)_segment_0006.wav,train
XC1135257-噪鹃-杭州西溪湿地-20260518_segment_0000.wav,XC1135257-噪鹃-杭州西溪湿地-20260518,Asian Koel,Eudynamys scolopaceus,XC1135257-噪鹃-杭州西溪湿地-20260518.wav,0,0.0,5.0,5,43.535,32000,dataset\segments\Eudynamys_scolopaceus\XC1135257-噪鹃-杭州西溪湿地-20260518_segment_0000.wav,train
XC1135257-噪鹃-杭州西溪湿地-20260518_segment_0001.wav,XC1135257-噪鹃-杭州西溪湿地-20260518,Asian Koel,Eudynamys scolopaceus,XC1135257-噪鹃-杭州西溪湿地-20260518.wav,1,2.5,7.5,5,43.535,32000,dataset\segments\Eudynamys_scolopaceus\XC1135257-噪鹃-杭州西溪湿地-20260518_segment_0001.wav,train
XC1135257-噪鹃-杭州西溪湿地-20260518_segment_0002.wav,XC1135257-噪鹃-杭州西溪湿地-20260518,Asian Koel,Eudynamys scolopaceus,XC1135257-噪鹃-杭州西溪湿地-20260518.wav,2,5.0,10.0,5,43.535,32000,dataset\segments\Eudynamys_scolopaceus\XC1135257-噪鹃-杭州西溪湿地-20260518_segment_0002.wav,train
XC1135257-噪鹃-杭州西溪湿地-20260518_segment_0003.wav,XC1135257-噪鹃-杭州西溪湿地-20260518,Asian Koel,Eudynamys scolopaceus,XC1135257-噪鹃-杭州西溪湿地-20260518.wav,3,7.5,12.5,5,43.535,32000,dataset\segments\Eudynamys_scolopaceus\XC1135257-噪鹃-杭州西溪湿地-20260518_segment_0003.wav,train
XC1135257-噪鹃-杭州西溪湿地-20260518_segment_0004.wav,XC1135257-噪鹃-杭州西溪湿地-20260518,Asian Koel,Eudynamys scolopaceus,XC1135257-噪鹃-杭州西溪湿地-20260518.wav,4,10.0,15.0,5,43.535,32000,dataset\segments\Eudynamys_scolopaceus\XC1135257-噪鹃-杭州西溪湿地-20260518_segment_0004.wav,train
XC1135257-噪鹃-杭州西溪湿地-20260518_segment_0005.wav,XC1135257-噪鹃-杭州西溪湿地-20260518,Asian Koel,Eudynamys scolopaceus,XC1135257-噪鹃-杭州西溪湿地-20260518.wav,5,12.5,17.5,5,43.535,32000,dataset\segments\Eudynamys_scolopaceus\XC1135257-噪鹃-杭州西溪湿地-20260518_segment_0005.wav,train
XC1135257-噪鹃-杭州西溪湿地-20260518_segment_0006.wav,XC1135257-噪鹃-杭州西溪湿地-20260518,Asian Koel,Eudynamys scolopaceus,XC1135257-噪鹃-杭州西溪湿地-20260518.wav,6,15.0,20.0,5,43.535,32000,dataset\segments\Eudynamys_scolopaceus\XC1135257-噪鹃-杭州西溪湿地-20260518_segment_0006.wav,train
XC1135257-噪鹃-杭州西溪湿地-20260518_segment_0007.wav,XC1135257-噪鹃-杭州西溪湿地-20260518,Asian Koel,Eudynamys scolopaceus,XC1135257-噪鹃-杭州西溪湿地-20260518.wav,7,17.5,22.5,5,43.535,32000,dataset\segments\Eudynamys_scolopaceus\XC1135257-噪鹃-杭州西溪湿地-20260518_segment_0007.wav,train
XC1135257-噪鹃-杭州西溪湿地-20260518_segment_0008.wav,XC1135257-噪鹃-杭州西溪湿地-20260518,Asian Koel,Eudynamys scolopaceus,XC1135257-噪鹃-杭州西溪湿地-20260518.wav,8,20.0,25.0,5,43.535,32000,dataset\segments\Eudynamys_scolopaceus\XC1135257-噪鹃-杭州西溪湿地-20260518_segment_0008.wav,train
XC1135257-噪鹃-杭州西溪湿地-20260518_segment_0009.wav,XC1135257-噪鹃-杭州西溪湿地-20260518,Asian Koel,Eudynamys scolopaceus,XC1135257-噪鹃-杭州西溪湿地-20260518.wav,9,22.5,27.5,5,43.535,32000,dataset\segments\Eudynamys_scolopaceus\XC1135257-噪鹃-杭州西溪湿地-20260518_segment_0009.wav,train
XC1135257-噪鹃-杭州西溪湿地-20260518_segment_0010.wav,XC1135257-噪鹃-杭州西溪湿地-20260518,Asian Koel,Eudynamys scolopaceus,XC1135257-噪鹃-杭州西溪湿地-20260518.wav,10,25.0,30.0,5,43.535,32000,dataset\segments\Eudynamys_scolopaceus\XC1135257-噪鹃-杭州西溪湿地-20260518_segment_0010.wav,train
XC1135257-噪鹃-杭州西溪湿地-20260518_segment_0011.wav,XC1135257-噪鹃-杭州西溪湿地-20260518,Asian Koel,Eudynamys scolopaceus,XC1135257-噪鹃-杭州西溪湿地-20260518.wav,11,27.5,32.5,5,43.535,32000,dataset\segments\Eudynamys_scolopaceus\XC1135257-噪鹃-杭州西溪湿地-20260518_segment_0011.wav,train
XC1135257-噪鹃-杭州西溪湿地-20260518_segment_0012.wav,XC1135257-噪鹃-杭州西溪湿地-20260518,Asian Koel,Eudynamys scolopaceus,XC1135257-噪鹃-杭州西溪湿地-20260518.wav,12,30.0,35.0,5,43.535,32000,dataset\segments\Eudynamys_scolopaceus\XC1135257-噪鹃-杭州西溪湿地-20260518_segment_0012.wav,train
XC1135257-噪鹃-杭州西溪湿地-20260518_segment_0013.wav,XC1135257-噪鹃-杭州西溪湿地-20260518,Asian Koel,Eudynamys scolopaceus,XC1135257-噪鹃-杭州西溪湿地-20260518.wav,13,32.5,37.5,5,43.535,32000,dataset\segments\Eudynamys_scolopaceus\XC1135257-噪鹃-杭州西溪湿地-20260518_segment_0013.wav,train
XC1135257-噪鹃-杭州西溪湿地-20260518_segment_0014.wav,XC1135257-噪鹃-杭州西溪湿地-20260518,Asian Koel,Eudynamys scolopaceus,XC1135257-噪鹃-杭州西溪湿地-20260518.wav,14,35.0,40.0,5,43.535,32000,dataset\segments\Eudynamys_scolopaceus\XC1135257-噪鹃-杭州西溪湿地-20260518_segment_0014.wav,train
XC1135257-噪鹃-杭州西溪湿地-20260518_segment_0015.wav,XC1135257-噪鹃-杭州西溪湿地-20260518,Asian Koel,Eudynamys scolopaceus,XC1135257-噪鹃-杭州西溪湿地-20260518.wav,15,37.5,42.5,5,43.535,32000,dataset\segments\Eudynamys_scolopaceus\XC1135257-噪鹃-杭州西溪湿地-20260518_segment_0015.wav,train
XC1136883-Asian-Koel-20260524-01b-Garden-Makham_segment_0000.wav,XC1136883-Asian-Koel-20260524-01b-Garden-Makham,Asian Koel,Eudynamys scolopaceus,XC1136883-Asian-Koel-20260524-01b-Garden-Makham.wav,0,0.0,5.0,5,87.755,32000,dataset\segments\Eudynamys_scolopaceus\XC1136883-Asian-Koel-20260524-01b-Garden-Makham_segment_0000.wav,train
XC1136883-Asian-Koel-20260524-01b-Garden-Makham_segment_0001.wav,XC1136883-Asian-Koel-20260524-01b-Garden-Makham,Asian Koel,Eudynamys scolopaceus,XC1136883-Asian-Koel-20260524-01b-Garden-Makham.wav,1,2.5,7.5,5,87.755,32000,dataset\segments\Eudynamys_scolopaceus\XC1136883-Asian-Koel-20260524-01b-Garden-Makham_segment_0001.wav,train
XC1136883-Asian-Koel-20260524-01b-Garden-Makham_segment_0002.wav,XC1136883-Asian-Koel-20260524-01b-Garden-Makham,Asian Koel,Eudynamys scolopaceus,XC1136883-Asian-Koel-20260524-01b-Garden-Makham.wav,2,5.0,10.0,5,87.755,32000,dataset\segments\Eudynamys_scolopaceus\XC1136883-Asian-Koel-20260524-01b-Garden-Makham_segment_0002.wav,train
XC1136883-Asian-Koel-20260524-01b-Garden-Makham_segment_0003.wav,XC1136883-Asian-Koel-20260524-01b-Garden-Makham,Asian Koel,Eudynamys scolopaceus,XC1136883-Asian-Koel-20260524-01b-Garden-Makham.wav,3,7.5,12.5,5,87.755,32000,dataset\segments\Eudynamys_scolopaceus\XC1136883-Asian-Koel-20260524-01b-Garden-Makham_segment_0003.wav,train
XC1136883-Asian-Koel-20260524-01b-Garden-Makham_segment_0004.wav,XC1136883-Asian-Koel-20260524-01b-Garden-Makham,Asian Koel,Eudynamys scolopaceus,XC1136883-Asian-Koel-20260524-01b-Garden-Makham.wav,4,10.0,15.0,5,87.755,32000,dataset\segments\Eudynamys_scolopaceus\XC1136883-Asian-Koel-20260524-01b-Garden-Makham_segment_0004.wav,train
XC1136883-Asian-Koel-20260524-01b-Garden-Makham_segment_0005.wav,XC1136883-Asian-Koel-20260524-01b-Garden-Makham,Asian Koel,Eudynamys scolopaceus,XC1136883-Asian-Koel-20260524-01b-Garden-Makham.wav,5,12.5,17.5,5,87.755,32000,dataset\segments\Eudynamys_scolopaceus\XC1136883-Asian-Koel-20260524-01b-Garden-Makham_segment_0005.wav,train
XC1136883-Asian-Koel-20260524-01b-Garden-Makham_segment_0006.wav,XC1136883-Asian-Koel-20260524-01b-Garden-Makham,Asian Koel,Eudynamys scolopaceus,XC1136883-Asian-Koel-20260524-01b-Garden-Makham.wav,6,15.0,20.0,5,87.755,32000,dataset\segments\Eudynamys_scolopaceus\XC1136883-Asian-Koel-20260524-01b-Garden-Makham_segment_0006.wav,train
XC1136883-Asian-Koel-20260524-01b-Garden-Makham_segment_0007.wav,XC1136883-Asian-Koel-20260524-01b-Garden-Makham,Asian Koel,Eudynamys scolopaceus,XC1136883-Asian-Koel-20260524-01b-Garden-Makham.wav,7,17.5,22.5,5,87.755,32000,dataset\segments\Eudynamys_scolopaceus\XC1136883-Asian-Koel-20260524-01b-Garden-Makham_segment_0007.wav,train
XC1136883-Asian-Koel-20260524-01b-Garden-Makham_segment_0008.wav,XC1136883-Asian-Koel-20260524-01b-Garden-Makham,Asian Koel,Eudynamys scolopaceus,XC1136883-Asian-Koel-20260524-01b-Garden-Makham.wav,8,20.0,25.0,5,87.755,32000,dataset\segments\Eudynamys_scolopaceus\XC1136883-Asian-Koel-20260524-01b-Garden-Makham_segment_0008.wav,train
XC1136883-Asian-Koel-20260524-01b-Garden-Makham_segment_0009.wav,XC1136883-Asian-Koel-20260524-01b-Garden-Makham,Asian Koel,Eudynamys scolopaceus,XC1136883-Asian-Koel-20260524-01b-Garden-Makham.wav,9,22.5,27.5,5,87.755,32000,dataset\segments\Eudynamys_scolopaceus\XC1136883-Asian-Koel-20260524-01b-Garden-Makham_segment_0009.wav,train
XC1136883-Asian-Koel-20260524-01b-Garden-Makham_segment_0010.wav,XC1136883-Asian-Koel-20260524-01b-Garden-Makham,Asian Koel,Eudynamys scolopaceus,XC1136883-Asian-Koel-20260524-01b-Garden-Makham.wav,10,25.0,30.0,5,87.755,32000,dataset\segments\Eudynamys_scolopaceus\XC1136883-Asian-Koel-20260524-01b-Garden-Makham_segment_0010.wav,train
XC1136883-Asian-Koel-20260524-01b-Garden-Makham_segment_0011.wav,XC1136883-Asian-Koel-20260524-01b-Garden-Makham,Asian Koel,Eudynamys scolopaceus,XC1136883-Asian-Koel-20260524-01b-Garden-Makham.wav,11,27.5,32.5,5,87.755,32000,dataset\segments\Eudynamys_scolopaceus\XC1136883-Asian-Koel-20260524-01b-Garden-Makham_segment_0011.wav,train
XC1136883-Asian-Koel-20260524-01b-Garden-Makham_segment_0012.wav,XC1136883-Asian-Koel-20260524-01b-Garden-Makham,Asian Koel,Eudynamys scolopaceus,XC1136883-Asian-Koel-20260524-01b-Garden-Makham.wav,12,30.0,35.0,5,87.755,32000,dataset\segments\Eudynamys_scolopaceus\XC1136883-Asian-Koel-20260524-01b-Garden-Makham_segment_0012.wav,train
XC1136883-Asian-Koel-20260524-01b-Garden-Makham_segment_0013.wav,XC1136883-Asian-Koel-20260524-01b-Garden-Makham,Asian Koel,Eudynamys scolopaceus,XC1136883-Asian-Koel-20260524-01b-Garden-Makham.wav,13,32.5,37.5,5,87.755,32000,dataset\segments\Eudynamys_scolopaceus\XC1136883-Asian-Koel-20260524-01b-Garden-Makham_segment_0013.wav,train
XC1136883-Asian-Koel-20260524-01b-Garden-Makham_segment_0014.wav,XC1136883-Asian-Koel-20260524-01b-Garden-Makham,Asian Koel,Eudynamys scolopaceus,XC1136883-Asian-Koel-20260524-01b-Garden-Makham.wav,14,35.0,40.0,5,87.755,32000,dataset\segments\Eudynamys_scolopaceus\XC1136883-Asian-Koel-20260524-01b-Garden-Makham_segment_0014.wav,train
XC1136883-Asian-Koel-20260524-01b-Garden-Makham_segment_0015.wav,XC1136883-Asian-Koel-20260524-01b-Garden-Makham,Asian Koel,Eudynamys scolopaceus,XC1136883-Asian-Koel-20260524-01b-Garden-Makham.wav,15,37.5,42.5,5,87.755,32000,dataset\segments\Eudynamys_scolopaceus\XC1136883-Asian-Koel-20260524-01b-Garden-Makham_segment_0015.wav,train
XC1136883-Asian-Koel-20260524-01b-Garden-Makham_segment_0016.wav,XC1136883-Asian-Koel-20260524-01b-Garden-Makham,Asian Koel,Eudynamys scolopaceus,XC1136883-Asian-Koel-20260524-01b-Garden-Makham.wav,16,40.0,45.0,5,87.755,32000,dataset\segments\Eudynamys_scolopaceus\XC1136883-Asian-Koel-20260524-01b-Garden-Makham_segment_0016.wav,train
XC1136883-Asian-Koel-20260524-01b-Garden-Makham_segment_0017.wav,XC1136883-Asian-Koel-20260524-01b-Garden-Makham,Asian Koel,Eudynamys scolopaceus,XC1136883-Asian-Koel-20260524-01b-Garden-Makham.wav,17,42.5,47.5,5,87.755,32000,dataset\segments\Eudynamys_scolopaceus\XC1136883-Asian-Koel-20260524-01b-Garden-Makham_segment_0017.wav,train
XC1136883-Asian-Koel-20260524-01b-Garden-Makham_segment_0018.wav,XC1136883-Asian-Koel-20260524-01b-Garden-Makham,Asian Koel,Eudynamys scolopaceus,XC1136883-Asian-Koel-20260524-01b-Garden-Makham.wav,18,45.0,50.0,5,87.755,32000,dataset\segments\Eudynamys_scolopaceus\XC1136883-Asian-Koel-20260524-01b-Garden-Makham_segment_0018.wav,train
XC1136883-Asian-Koel-20260524-01b-Garden-Makham_segment_0019.wav,XC1136883-Asian-Koel-20260524-01b-Garden-Makham,Asian Koel,Eudynamys scolopaceus,XC1136883-Asian-Koel-20260524-01b-Garden-Makham.wav,19,47.5,52.5,5,87.755,32000,dataset\segments\Eudynamys_scolopaceus\XC1136883-Asian-Koel-20260524-01b-Garden-Makham_segment_0019.wav,train
XC1136883-Asian-Koel-20260524-01b-Garden-Makham_segment_0020.wav,XC1136883-Asian-Koel-20260524-01b-Garden-Makham,Asian Koel,Eudynamys scolopaceus,XC1136883-Asian-Koel-20260524-01b-Garden-Makham.wav,20,50.0,55.0,5,87.755,32000,dataset\segments\Eudynamys_scolopaceus\XC1136883-Asian-Koel-20260524-01b-Garden-Makham_segment_0020.wav,train
XC1136883-Asian-Koel-20260524-01b-Garden-Makham_segment_0021.wav,XC1136883-Asian-Koel-20260524-01b-Garden-Makham,Asian Koel,Eudynamys scolopaceus,XC1136883-Asian-Koel-20260524-01b-Garden-Makham.wav,21,52.5,57.5,5,87.755,32000,dataset\segments\Eudynamys_scolopaceus\XC1136883-Asian-Koel-20260524-01b-Garden-Makham_segment_0021.wav,train
XC1136883-Asian-Koel-20260524-01b-Garden-Makham_segment_0022.wav,XC1136883-Asian-Koel-20260524-01b-Garden-Makham,Asian Koel,Eudynamys scolopaceus,XC1136883-Asian-Koel-20260524-01b-Garden-Makham.wav,22,55.0,60.0,5,87.755,32000,dataset\segments\Eudynamys_scolopaceus\XC1136883-Asian-Koel-20260524-01b-Garden-Makham_segment_0022.wav,train
XC1136883-Asian-Koel-20260524-01b-Garden-Makham_segment_0023.wav,XC1136883-Asian-Koel-20260524-01b-Garden-Makham,Asian Koel,Eudynamys scolopaceus,XC1136883-Asian-Koel-20260524-01b-Garden-Makham.wav,23,57.5,62.5,5,87.755,32000,dataset\segments\Eudynamys_scolopaceus\XC1136883-Asian-Koel-20260524-01b-Garden-Makham_segment_0023.wav,train
XC1136883-Asian-Koel-20260524-01b-Garden-Makham_segment_0024.wav,XC1136883-Asian-Koel-20260524-01b-Garden-Makham,Asian Koel,Eudynamys scolopaceus,XC1136883-Asian-Koel-20260524-01b-Garden-Makham.wav,24,60.0,65.0,5,87.755,32000,dataset\segments\Eudynamys_scolopaceus\XC1136883-Asian-Koel-20260524-01b-Garden-Makham_segment_0024.wav,train
XC1136883-Asian-Koel-20260524-01b-Garden-Makham_segment_0025.wav,XC1136883-Asian-Koel-20260524-01b-Garden-Makham,Asian Koel,Eudynamys scolopaceus,XC1136883-Asian-Koel-20260524-01b-Garden-Makham.wav,25,62.5,67.5,5,87.755,32000,dataset\segments\Eudynamys_scolopaceus\XC1136883-Asian-Koel-20260524-01b-Garden-Makham_segment_0025.wav,train
XC1136883-Asian-Koel-20260524-01b-Garden-Makham_segment_0026.wav,XC1136883-Asian-Koel-20260524-01b-Garden-Makham,Asian Koel,Eudynamys scolopaceus,XC1136883-Asian-Koel-20260524-01b-Garden-Makham.wav,26,65.0,70.0,5,87.755,32000,dataset\segments\Eudynamys_scolopaceus\XC1136883-Asian-Koel-20260524-01b-Garden-Makham_segment_0026.wav,train
XC1136883-Asian-Koel-20260524-01b-Garden-Makham_segment_0027.wav,XC1136883-Asian-Koel-20260524-01b-Garden-Makham,Asian Koel,Eudynamys scolopaceus,XC1136883-Asian-Koel-20260524-01b-Garden-Makham.wav,27,67.5,72.5,5,87.755,32000,dataset\segments\Eudynamys_scolopaceus\XC1136883-Asian-Koel-20260524-01b-Garden-Makham_segment_0027.wav,train
XC1136883-Asian-Koel-20260524-01b-Garden-Makham_segment_0028.wav,XC1136883-Asian-Koel-20260524-01b-Garden-Makham,Asian Koel,Eudynamys scolopaceus,XC1136883-Asian-Koel-20260524-01b-Garden-Makham.wav,28,70.0,75.0,5,87.755,32000,dataset\segments\Eudynamys_scolopaceus\XC1136883-Asian-Koel-20260524-01b-Garden-Makham_segment_0028.wav,train
XC1136883-Asian-Koel-20260524-01b-Garden-Makham_segment_0029.wav,XC1136883-Asian-Koel-20260524-01b-Garden-Makham,Asian Koel,Eudynamys scolopaceus,XC1136883-Asian-Koel-20260524-01b-Garden-Makham.wav,29,72.5,77.5,5,87.755,32000,dataset\segments\Eudynamys_scolopaceus\XC1136883-Asian-Koel-20260524-01b-Garden-Makham_segment_0029.wav,train
XC1136883-Asian-Koel-20260524-01b-Garden-Makham_segment_0030.wav,XC1136883-Asian-Koel-20260524-01b-Garden-Makham,Asian Koel,Eudynamys scolopaceus,XC1136883-Asian-Koel-20260524-01b-Garden-Makham.wav,30,75.0,80.0,5,87.755,32000,dataset\segments\Eudynamys_scolopaceus\XC1136883-Asian-Koel-20260524-01b-Garden-Makham_segment_0030.wav,train
XC1136883-Asian-Koel-20260524-01b-Garden-Makham_segment_0031.wav,XC1136883-Asian-Koel-20260524-01b-Garden-Makham,Asian Koel,Eudynamys scolopaceus,XC1136883-Asian-Koel-20260524-01b-Garden-Makham.wav,31,77.5,82.5,5,87.755,32000,dataset\segments\Eudynamys_scolopaceus\XC1136883-Asian-Koel-20260524-01b-Garden-Makham_segment_0031.wav,train
XC1136883-Asian-Koel-20260524-01b-Garden-Makham_segment_0032.wav,XC1136883-Asian-Koel-20260524-01b-Garden-Makham,Asian Koel,Eudynamys scolopaceus,XC1136883-Asian-Koel-20260524-01b-Garden-Makham.wav,32,80.0,85.0,5,87.755,32000,dataset\segments\Eudynamys_scolopaceus\XC1136883-Asian-Koel-20260524-01b-Garden-Makham_segment_0032.wav,train
XC1136883-Asian-Koel-20260524-01b-Garden-Makham_segment_0033.wav,XC1136883-Asian-Koel-20260524-01b-Garden-Makham,Asian Koel,Eudynamys scolopaceus,XC1136883-Asian-Koel-20260524-01b-Garden-Makham.wav,33,82.5,87.5,5,87.755,32000,dataset\segments\Eudynamys_scolopaceus\XC1136883-Asian-Koel-20260524-01b-Garden-Makham_segment_0033.wav,train
XC1136884-Asian-Koel-20260524-01a-Garden-Makham_segment_0000.wav,XC1136884-Asian-Koel-20260524-01a-Garden-Makham,Asian Koel,Eudynamys scolopaceus,XC1136884-Asian-Koel-20260524-01a-Garden-Makham.wav,0,0.0,5.0,5,20.56,32000,dataset\segments\Eudynamys_scolopaceus\XC1136884-Asian-Koel-20260524-01a-Garden-Makham_segment_0000.wav,train
XC1136884-Asian-Koel-20260524-01a-Garden-Makham_segment_0001.wav,XC1136884-Asian-Koel-20260524-01a-Garden-Makham,Asian Koel,Eudynamys scolopaceus,XC1136884-Asian-Koel-20260524-01a-Garden-Makham.wav,1,2.5,7.5,5,20.56,32000,dataset\segments\Eudynamys_scolopaceus\XC1136884-Asian-Koel-20260524-01a-Garden-Makham_segment_0001.wav,train
XC1136884-Asian-Koel-20260524-01a-Garden-Makham_segment_0002.wav,XC1136884-Asian-Koel-20260524-01a-Garden-Makham,Asian Koel,Eudynamys scolopaceus,XC1136884-Asian-Koel-20260524-01a-Garden-Makham.wav,2,5.0,10.0,5,20.56,32000,dataset\segments\Eudynamys_scolopaceus\XC1136884-Asian-Koel-20260524-01a-Garden-Makham_segment_0002.wav,train
XC1136884-Asian-Koel-20260524-01a-Garden-Makham_segment_0003.wav,XC1136884-Asian-Koel-20260524-01a-Garden-Makham,Asian Koel,Eudynamys scolopaceus,XC1136884-Asian-Koel-20260524-01a-Garden-Makham.wav,3,7.5,12.5,5,20.56,32000,dataset\segments\Eudynamys_scolopaceus\XC1136884-Asian-Koel-20260524-01a-Garden-Makham_segment_0003.wav,train
XC1136884-Asian-Koel-20260524-01a-Garden-Makham_segment_0004.wav,XC1136884-Asian-Koel-20260524-01a-Garden-Makham,Asian Koel,Eudynamys scolopaceus,XC1136884-Asian-Koel-20260524-01a-Garden-Makham.wav,4,10.0,15.0,5,20.56,32000,dataset\segments\Eudynamys_scolopaceus\XC1136884-Asian-Koel-20260524-01a-Garden-Makham_segment_0004.wav,train
XC1136884-Asian-Koel-20260524-01a-Garden-Makham_segment_0005.wav,XC1136884-Asian-Koel-20260524-01a-Garden-Makham,Asian Koel,Eudynamys scolopaceus,XC1136884-Asian-Koel-20260524-01a-Garden-Makham.wav,5,12.5,17.5,5,20.56,32000,dataset\segments\Eudynamys_scolopaceus\XC1136884-Asian-Koel-20260524-01a-Garden-Makham_segment_0005.wav,train
XC1136884-Asian-Koel-20260524-01a-Garden-Makham_segment_0006.wav,XC1136884-Asian-Koel-20260524-01a-Garden-Makham,Asian Koel,Eudynamys scolopaceus,XC1136884-Asian-Koel-20260524-01a-Garden-Makham.wav,6,15.0,20.0,5,20.56,32000,dataset\segments\Eudynamys_scolopaceus\XC1136884-Asian-Koel-20260524-01a-Garden-Makham_segment_0006.wav,train
XC1163242-260318_PHL_Eudynamys-scolopaceus_SubicBay_04_segment_0000.wav,XC1163242-260318_PHL_Eudynamys-scolopaceus_SubicBay_04,Asian Koel,Eudynamys scolopaceus,XC1163242-260318_PHL_Eudynamys-scolopaceus_SubicBay_04.wav,0,0.0,5.0,5,32.119,32000,dataset\segments\Eudynamys_scolopaceus\XC1163242-260318_PHL_Eudynamys-scolopaceus_SubicBay_04_segment_0000.wav,train
XC1163242-260318_PHL_Eudynamys-scolopaceus_SubicBay_04_segment_0001.wav,XC1163242-260318_PHL_Eudynamys-scolopaceus_SubicBay_04,Asian Koel,Eudynamys scolopaceus,XC1163242-260318_PHL_Eudynamys-scolopaceus_SubicBay_04.wav,1,2.5,7.5,5,32.119,32000,dataset\segments\Eudynamys_scolopaceus\XC1163242-260318_PHL_Eudynamys-scolopaceus_SubicBay_04_segment_0001.wav,train
XC1163242-260318_PHL_Eudynamys-scolopaceus_SubicBay_04_segment_0002.wav,XC1163242-260318_PHL_Eudynamys-scolopaceus_SubicBay_04,Asian Koel,Eudynamys scolopaceus,XC1163242-260318_PHL_Eudynamys-scolopaceus_SubicBay_04.wav,2,5.0,10.0,5,32.119,32000,dataset\segments\Eudynamys_scolopaceus\XC1163242-260318_PHL_Eudynamys-scolopaceus_SubicBay_04_segment_0002.wav,train
XC1163242-260318_PHL_Eudynamys-scolopaceus_SubicBay_04_segment_0003.wav,XC1163242-260318_PHL_Eudynamys-scolopaceus_SubicBay_04,Asian Koel,Eudynamys scolopaceus,XC1163242-260318_PHL_Eudynamys-scolopaceus_SubicBay_04.wav,3,7.5,12.5,5,32.119,32000,dataset\segments\Eudynamys_scolopaceus\XC1163242-260318_PHL_Eudynamys-scolopaceus_SubicBay_04_segment_0003.wav,train
XC1163242-260318_PHL_Eudynamys-scolopaceus_SubicBay_04_segment_0004.wav,XC1163242-260318_PHL_Eudynamys-scolopaceus_SubicBay_04,Asian Koel,Eudynamys scolopaceus,XC1163242-260318_PHL_Eudynamys-scolopaceus_SubicBay_04.wav,4,10.0,15.0,5,32.119,32000,dataset\segments\Eudynamys_scolopaceus\XC1163242-260318_PHL_Eudynamys-scolopaceus_SubicBay_04_segment_0004.wav,train
XC1163242-260318_PHL_Eudynamys-scolopaceus_SubicBay_04_segment_0005.wav,XC1163242-260318_PHL_Eudynamys-scolopaceus_SubicBay_04,Asian Koel,Eudynamys scolopaceus,XC1163242-260318_PHL_Eudynamys-scolopaceus_SubicBay_04.wav,5,12.5,17.5,5,32.119,32000,dataset\segments\Eudynamys_scolopaceus\XC1163242-260318_PHL_Eudynamys-scolopaceus_SubicBay_04_segment_0005.wav,train
XC1163242-260318_PHL_Eudynamys-scolopaceus_SubicBay_04_segment_0006.wav,XC1163242-260318_PHL_Eudynamys-scolopaceus_SubicBay_04,Asian Koel,Eudynamys scolopaceus,XC1163242-260318_PHL_Eudynamys-scolopaceus_SubicBay_04.wav,6,15.0,20.0,5,32.119,32000,dataset\segments\Eudynamys_scolopaceus\XC1163242-260318_PHL_Eudynamys-scolopaceus_SubicBay_04_segment_0006.wav,train
XC1163242-260318_PHL_Eudynamys-scolopaceus_SubicBay_04_segment_0007.wav,XC1163242-260318_PHL_Eudynamys-scolopaceus_SubicBay_04,Asian Koel,Eudynamys scolopaceus,XC1163242-260318_PHL_Eudynamys-scolopaceus_SubicBay_04.wav,7,17.5,22.5,5,32.119,32000,dataset\segments\Eudynamys_scolopaceus\XC1163242-260318_PHL_Eudynamys-scolopaceus_SubicBay_04_segment_0007.wav,train
XC1163242-260318_PHL_Eudynamys-scolopaceus_SubicBay_04_segment_0008.wav,XC1163242-260318_PHL_Eudynamys-scolopaceus_SubicBay_04,Asian Koel,Eudynamys scolopaceus,XC1163242-260318_PHL_Eudynamys-scolopaceus_SubicBay_04.wav,8,20.0,25.0,5,32.119,32000,dataset\segments\Eudynamys_scolopaceus\XC1163242-260318_PHL_Eudynamys-scolopaceus_SubicBay_04_segment_0008.wav,train
XC1163242-260318_PHL_Eudynamys-scolopaceus_SubicBay_04_segment_0009.wav,XC1163242-260318_PHL_Eudynamys-scolopaceus_SubicBay_04,Asian Koel,Eudynamys scolopaceus,XC1163242-260318_PHL_Eudynamys-scolopaceus_SubicBay_04.wav,9,22.5,27.5,5,32.119,32000,dataset\segments\Eudynamys_scolopaceus\XC1163242-260318_PHL_Eudynamys-scolopaceus_SubicBay_04_segment_0009.wav,train
XC1163242-260318_PHL_Eudynamys-scolopaceus_SubicBay_04_segment_0010.wav,XC1163242-260318_PHL_Eudynamys-scolopaceus_SubicBay_04,Asian Koel,Eudynamys scolopaceus,XC1163242-260318_PHL_Eudynamys-scolopaceus_SubicBay_04.wav,10,25.0,30.0,5,32.119,32000,dataset\segments\Eudynamys_scolopaceus\XC1163242-260318_PHL_Eudynamys-scolopaceus_SubicBay_04_segment_0010.wav,train
XC1173492-260507_1292_Asian-Koel_segment_0000.wav,XC1173492-260507_1292_Asian-Koel,Asian Koel,Eudynamys scolopaceus,XC1173492-260507_1292_Asian-Koel.wav,0,0.0,5.0,5,49.296,32000,dataset\segments\Eudynamys_scolopaceus\XC1173492-260507_1292_Asian-Koel_segment_0000.wav,train
XC1173492-260507_1292_Asian-Koel_segment_0001.wav,XC1173492-260507_1292_Asian-Koel,Asian Koel,Eudynamys scolopaceus,XC1173492-260507_1292_Asian-Koel.wav,1,2.5,7.5,5,49.296,32000,dataset\segments\Eudynamys_scolopaceus\XC1173492-260507_1292_Asian-Koel_segment_0001.wav,train
XC1173492-260507_1292_Asian-Koel_segment_0002.wav,XC1173492-260507_1292_Asian-Koel,Asian Koel,Eudynamys scolopaceus,XC1173492-260507_1292_Asian-Koel.wav,2,5.0,10.0,5,49.296,32000,dataset\segments\Eudynamys_scolopaceus\XC1173492-260507_1292_Asian-Koel_segment_0002.wav,train
XC1173492-260507_1292_Asian-Koel_segment_0003.wav,XC1173492-260507_1292_Asian-Koel,Asian Koel,Eudynamys scolopaceus,XC1173492-260507_1292_Asian-Koel.wav,3,7.5,12.5,5,49.296,32000,dataset\segments\Eudynamys_scolopaceus\XC1173492-260507_1292_Asian-Koel_segment_0003.wav,train
XC1173492-260507_1292_Asian-Koel_segment_0004.wav,XC1173492-260507_1292_Asian-Koel,Asian Koel,Eudynamys scolopaceus,XC1173492-260507_1292_Asian-Koel.wav,4,10.0,15.0,5,49.296,32000,dataset\segments\Eudynamys_scolopaceus\XC1173492-260507_1292_Asian-Koel_segment_0004.wav,train
XC1173492-260507_1292_Asian-Koel_segment_0005.wav,XC1173492-260507_1292_Asian-Koel,Asian Koel,Eudynamys scolopaceus,XC1173492-260507_1292_Asian-Koel.wav,5,12.5,17.5,5,49.296,32000,dataset\segments\Eudynamys_scolopaceus\XC1173492-260507_1292_Asian-Koel_segment_0005.wav,train
XC1173492-260507_1292_Asian-Koel_segment_0006.wav,XC1173492-260507_1292_Asian-Koel,Asian Koel,Eudynamys scolopaceus,XC1173492-260507_1292_Asian-Koel.wav,6,15.0,20.0,5,49.296,32000,dataset\segments\Eudynamys_scolopaceus\XC1173492-260507_1292_Asian-Koel_segment_0006.wav,train
XC1173492-260507_1292_Asian-Koel_segment_0007.wav,XC1173492-260507_1292_Asian-Koel,Asian Koel,Eudynamys scolopaceus,XC1173492-260507_1292_Asian-Koel.wav,7,17.5,22.5,5,49.296,32000,dataset\segments\Eudynamys_scolopaceus\XC1173492-260507_1292_Asian-Koel_segment_0007.wav,train
XC1173492-260507_1292_Asian-Koel_segment_0008.wav,XC1173492-260507_1292_Asian-Koel,Asian Koel,Eudynamys scolopaceus,XC1173492-260507_1292_Asian-Koel.wav,8,20.0,25.0,5,49.296,32000,dataset\segments\Eudynamys_scolopaceus\XC1173492-260507_1292_Asian-Koel_segment_0008.wav,train
XC1173492-260507_1292_Asian-Koel_segment_0009.wav,XC1173492-260507_1292_Asian-Koel,Asian Koel,Eudynamys scolopaceus,XC1173492-260507_1292_Asian-Koel.wav,9,22.5,27.5,5,49.296,32000,dataset\segments\Eudynamys_scolopaceus\XC1173492-260507_1292_Asian-Koel_segment_0009.wav,train
XC1173492-260507_1292_Asian-Koel_segment_0010.wav,XC1173492-260507_1292_Asian-Koel,Asian Koel,Eudynamys scolopaceus,XC1173492-260507_1292_Asian-Koel.wav,10,25.0,30.0,5,49.296,32000,dataset\segments\Eudynamys_scolopaceus\XC1173492-260507_1292_Asian-Koel_segment_0010.wav,train
XC1173492-260507_1292_Asian-Koel_segment_0011.wav,XC1173492-260507_1292_Asian-Koel,Asian Koel,Eudynamys scolopaceus,XC1173492-260507_1292_Asian-Koel.wav,11,27.5,32.5,5,49.296,32000,dataset\segments\Eudynamys_scolopaceus\XC1173492-260507_1292_Asian-Koel_segment_0011.wav,train
XC1173492-260507_1292_Asian-Koel_segment_0012.wav,XC1173492-260507_1292_Asian-Koel,Asian Koel,Eudynamys scolopaceus,XC1173492-260507_1292_Asian-Koel.wav,12,30.0,35.0,5,49.296,32000,dataset\segments\Eudynamys_scolopaceus\XC1173492-260507_1292_Asian-Koel_segment_0012.wav,train
XC1173492-260507_1292_Asian-Koel_segment_0013.wav,XC1173492-260507_1292_Asian-Koel,Asian Koel,Eudynamys scolopaceus,XC1173492-260507_1292_Asian-Koel.wav,13,32.5,37.5,5,49.296,32000,dataset\segments\Eudynamys_scolopaceus\XC1173492-260507_1292_Asian-Koel_segment_0013.wav,train
XC1173492-260507_1292_Asian-Koel_segment_0014.wav,XC1173492-260507_1292_Asian-Koel,Asian Koel,Eudynamys scolopaceus,XC1173492-260507_1292_Asian-Koel.wav,14,35.0,40.0,5,49.296,32000,dataset\segments\Eudynamys_scolopaceus\XC1173492-260507_1292_Asian-Koel_segment_0014.wav,train
XC1173492-260507_1292_Asian-Koel_segment_0015.wav,XC1173492-260507_1292_Asian-Koel,Asian Koel,Eudynamys scolopaceus,XC1173492-260507_1292_Asian-Koel.wav,15,37.5,42.5,5,49.296,32000,dataset\segments\Eudynamys_scolopaceus\XC1173492-260507_1292_Asian-Koel_segment_0015.wav,train
XC1173492-260507_1292_Asian-Koel_segment_0016.wav,XC1173492-260507_1292_Asian-Koel,Asian Koel,Eudynamys scolopaceus,XC1173492-260507_1292_Asian-Koel.wav,16,40.0,45.0,5,49.296,32000,dataset\segments\Eudynamys_scolopaceus\XC1173492-260507_1292_Asian-Koel_segment_0016.wav,train
XC1173492-260507_1292_Asian-Koel_segment_0017.wav,XC1173492-260507_1292_Asian-Koel,Asian Koel,Eudynamys scolopaceus,XC1173492-260507_1292_Asian-Koel.wav,17,42.5,47.5,5,49.296,32000,dataset\segments\Eudynamys_scolopaceus\XC1173492-260507_1292_Asian-Koel_segment_0017.wav,train
XC1173494-260506_1240_Asian-Koel_segment_0000.wav,XC1173494-260506_1240_Asian-Koel,Asian Koel,Eudynamys scolopaceus,XC1173494-260506_1240_Asian-Koel.wav,0,0.0,5.0,5,61.788,32000,dataset\segments\Eudynamys_scolopaceus\XC1173494-260506_1240_Asian-Koel_segment_0000.wav,train
XC1173494-260506_1240_Asian-Koel_segment_0001.wav,XC1173494-260506_1240_Asian-Koel,Asian Koel,Eudynamys scolopaceus,XC1173494-260506_1240_Asian-Koel.wav,1,2.5,7.5,5,61.788,32000,dataset\segments\Eudynamys_scolopaceus\XC1173494-260506_1240_Asian-Koel_segment_0001.wav,train
XC1173494-260506_1240_Asian-Koel_segment_0002.wav,XC1173494-260506_1240_Asian-Koel,Asian Koel,Eudynamys scolopaceus,XC1173494-260506_1240_Asian-Koel.wav,2,5.0,10.0,5,61.788,32000,dataset\segments\Eudynamys_scolopaceus\XC1173494-260506_1240_Asian-Koel_segment_0002.wav,train
XC1173494-260506_1240_Asian-Koel_segment_0003.wav,XC1173494-260506_1240_Asian-Koel,Asian Koel,Eudynamys scolopaceus,XC1173494-260506_1240_Asian-Koel.wav,3,7.5,12.5,5,61.788,32000,dataset\segments\Eudynamys_scolopaceus\XC1173494-260506_1240_Asian-Koel_segment_0003.wav,train
XC1173494-260506_1240_Asian-Koel_segment_0004.wav,XC1173494-260506_1240_Asian-Koel,Asian Koel,Eudynamys scolopaceus,XC1173494-260506_1240_Asian-Koel.wav,4,10.0,15.0,5,61.788,32000,dataset\segments\Eudynamys_scolopaceus\XC1173494-260506_1240_Asian-Koel_segment_0004.wav,train
XC1173494-260506_1240_Asian-Koel_segment_0005.wav,XC1173494-260506_1240_Asian-Koel,Asian Koel,Eudynamys scolopaceus,XC1173494-260506_1240_Asian-Koel.wav,5,12.5,17.5,5,61.788,32000,dataset\segments\Eudynamys_scolopaceus\XC1173494-260506_1240_Asian-Koel_segment_0005.wav,train
XC1173494-260506_1240_Asian-Koel_segment_0006.wav,XC1173494-260506_1240_Asian-Koel,Asian Koel,Eudynamys scolopaceus,XC1173494-260506_1240_Asian-Koel.wav,6,15.0,20.0,5,61.788,32000,dataset\segments\Eudynamys_scolopaceus\XC1173494-260506_1240_Asian-Koel_segment_0006.wav,train
XC1173494-260506_1240_Asian-Koel_segment_0007.wav,XC1173494-260506_1240_Asian-Koel,Asian Koel,Eudynamys scolopaceus,XC1173494-260506_1240_Asian-Koel.wav,7,17.5,22.5,5,61.788,32000,dataset\segments\Eudynamys_scolopaceus\XC1173494-260506_1240_Asian-Koel_segment_0007.wav,train
XC1173494-260506_1240_Asian-Koel_segment_0008.wav,XC1173494-260506_1240_Asian-Koel,Asian Koel,Eudynamys scolopaceus,XC1173494-260506_1240_Asian-Koel.wav,8,20.0,25.0,5,61.788,32000,dataset\segments\Eudynamys_scolopaceus\XC1173494-260506_1240_Asian-Koel_segment_0008.wav,train
XC1173494-260506_1240_Asian-Koel_segment_0009.wav,XC1173494-260506_1240_Asian-Koel,Asian Koel,Eudynamys scolopaceus,XC1173494-260506_1240_Asian-Koel.wav,9,22.5,27.5,5,61.788,32000,dataset\segments\Eudynamys_scolopaceus\XC1173494-260506_1240_Asian-Koel_segment_0009.wav,train
XC1173494-260506_1240_Asian-Koel_segment_0010.wav,XC1173494-260506_1240_Asian-Koel,Asian Koel,Eudynamys scolopaceus,XC1173494-260506_1240_Asian-Koel.wav,10,25.0,30.0,5,61.788,32000,dataset\segments\Eudynamys_scolopaceus\XC1173494-260506_1240_Asian-Koel_segment_0010.wav,train
XC1173494-260506_1240_Asian-Koel_segment_0011.wav,XC1173494-260506_1240_Asian-Koel,Asian Koel,Eudynamys scolopaceus,XC1173494-260506_1240_Asian-Koel.wav,11,27.5,32.5,5,61.788,32000,dataset\segments\Eudynamys_scolopaceus\XC1173494-260506_1240_Asian-Koel_segment_0011.wav,train
XC1173494-260506_1240_Asian-Koel_segment_0012.wav,XC1173494-260506_1240_Asian-Koel,Asian Koel,Eudynamys scolopaceus,XC1173494-260506_1240_Asian-Koel.wav,12,30.0,35.0,5,61.788,32000,dataset\segments\Eudynamys_scolopaceus\XC1173494-260506_1240_Asian-Koel_segment_0012.wav,train
XC1173494-260506_1240_Asian-Koel_segment_0013.wav,XC1173494-260506_1240_Asian-Koel,Asian Koel,Eudynamys scolopaceus,XC1173494-260506_1240_Asian-Koel.wav,13,32.5,37.5,5,61.788,32000,dataset\segments\Eudynamys_scolopaceus\XC1173494-260506_1240_Asian-Koel_segment_0013.wav,train
XC1173494-260506_1240_Asian-Koel_segment_0014.wav,XC1173494-260506_1240_Asian-Koel,Asian Koel,Eudynamys scolopaceus,XC1173494-260506_1240_Asian-Koel.wav,14,35.0,40.0,5,61.788,32000,dataset\segments\Eudynamys_scolopaceus\XC1173494-260506_1240_Asian-Koel_segment_0014.wav,train
XC1173494-260506_1240_Asian-Koel_segment_0015.wav,XC1173494-260506_1240_Asian-Koel,Asian Koel,Eudynamys scolopaceus,XC1173494-260506_1240_Asian-Koel.wav,15,37.5,42.5,5,61.788,32000,dataset\segments\Eudynamys_scolopaceus\XC1173494-260506_1240_Asian-Koel_segment_0015.wav,train
XC1173494-260506_1240_Asian-Koel_segment_0016.wav,XC1173494-260506_1240_Asian-Koel,Asian Koel,Eudynamys scolopaceus,XC1173494-260506_1240_Asian-Koel.wav,16,40.0,45.0,5,61.788,32000,dataset\segments\Eudynamys_scolopaceus\XC1173494-260506_1240_Asian-Koel_segment_0016.wav,train
XC1173494-260506_1240_Asian-Koel_segment_0017.wav,XC1173494-260506_1240_Asian-Koel,Asian Koel,Eudynamys scolopaceus,XC1173494-260506_1240_Asian-Koel.wav,17,42.5,47.5,5,61.788,32000,dataset\segments\Eudynamys_scolopaceus\XC1173494-260506_1240_Asian-Koel_segment_0017.wav,train
XC1173494-260506_1240_Asian-Koel_segment_0018.wav,XC1173494-260506_1240_Asian-Koel,Asian Koel,Eudynamys scolopaceus,XC1173494-260506_1240_Asian-Koel.wav,18,45.0,50.0,5,61.788,32000,dataset\segments\Eudynamys_scolopaceus\XC1173494-260506_1240_Asian-Koel_segment_0018.wav,train
XC1173494-260506_1240_Asian-Koel_segment_0019.wav,XC1173494-260506_1240_Asian-Koel,Asian Koel,Eudynamys scolopaceus,XC1173494-260506_1240_Asian-Koel.wav,19,47.5,52.5,5,61.788,32000,dataset\segments\Eudynamys_scolopaceus\XC1173494-260506_1240_Asian-Koel_segment_0019.wav,train
XC1173494-260506_1240_Asian-Koel_segment_0020.wav,XC1173494-260506_1240_Asian-Koel,Asian Koel,Eudynamys scolopaceus,XC1173494-260506_1240_Asian-Koel.wav,20,50.0,55.0,5,61.788,32000,dataset\segments\Eudynamys_scolopaceus\XC1173494-260506_1240_Asian-Koel_segment_0020.wav,train
XC1173494-260506_1240_Asian-Koel_segment_0021.wav,XC1173494-260506_1240_Asian-Koel,Asian Koel,Eudynamys scolopaceus,XC1173494-260506_1240_Asian-Koel.wav,21,52.5,57.5,5,61.788,32000,dataset\segments\Eudynamys_scolopaceus\XC1173494-260506_1240_Asian-Koel_segment_0021.wav,train
XC1173494-260506_1240_Asian-Koel_segment_0022.wav,XC1173494-260506_1240_Asian-Koel,Asian Koel,Eudynamys scolopaceus,XC1173494-260506_1240_Asian-Koel.wav,22,55.0,60.0,5,61.788,32000,dataset\segments\Eudynamys_scolopaceus\XC1173494-260506_1240_Asian-Koel_segment_0022.wav,train
XC1173496-260506_1252_Asian-Koel_segment_0000.wav,XC1173496-260506_1252_Asian-Koel,Asian Koel,Eudynamys scolopaceus,XC1173496-260506_1252_Asian-Koel.wav,0,0.0,5.0,5,128.194,32000,dataset\segments\Eudynamys_scolopaceus\XC1173496-260506_1252_Asian-Koel_segment_0000.wav,train
XC1173496-260506_1252_Asian-Koel_segment_0001.wav,XC1173496-260506_1252_Asian-Koel,Asian Koel,Eudynamys scolopaceus,XC1173496-260506_1252_Asian-Koel.wav,1,2.5,7.5,5,128.194,32000,dataset\segments\Eudynamys_scolopaceus\XC1173496-260506_1252_Asian-Koel_segment_0001.wav,train
XC1173496-260506_1252_Asian-Koel_segment_0002.wav,XC1173496-260506_1252_Asian-Koel,Asian Koel,Eudynamys scolopaceus,XC1173496-260506_1252_Asian-Koel.wav,2,5.0,10.0,5,128.194,32000,dataset\segments\Eudynamys_scolopaceus\XC1173496-260506_1252_Asian-Koel_segment_0002.wav,train
XC1173496-260506_1252_Asian-Koel_segment_0003.wav,XC1173496-260506_1252_Asian-Koel,Asian Koel,Eudynamys scolopaceus,XC1173496-260506_1252_Asian-Koel.wav,3,7.5,12.5,5,128.194,32000,dataset\segments\Eudynamys_scolopaceus\XC1173496-260506_1252_Asian-Koel_segment_0003.wav,train
XC1173496-260506_1252_Asian-Koel_segment_0004.wav,XC1173496-260506_1252_Asian-Koel,Asian Koel,Eudynamys scolopaceus,XC1173496-260506_1252_Asian-Koel.wav,4,10.0,15.0,5,128.194,32000,dataset\segments\Eudynamys_scolopaceus\XC1173496-260506_1252_Asian-Koel_segment_0004.wav,train
XC1173496-260506_1252_Asian-Koel_segment_0005.wav,XC1173496-260506_1252_Asian-Koel,Asian Koel,Eudynamys scolopaceus,XC1173496-260506_1252_Asian-Koel.wav,5,12.5,17.5,5,128.194,32000,dataset\segments\Eudynamys_scolopaceus\XC1173496-260506_1252_Asian-Koel_segment_0005.wav,train
XC1173496-260506_1252_Asian-Koel_segment_0006.wav,XC1173496-260506_1252_Asian-Koel,Asian Koel,Eudynamys scolopaceus,XC1173496-260506_1252_Asian-Koel.wav,6,15.0,20.0,5,128.194,32000,dataset\segments\Eudynamys_scolopaceus\XC1173496-260506_1252_Asian-Koel_segment_0006.wav,train
XC1173496-260506_1252_Asian-Koel_segment_0007.wav,XC1173496-260506_1252_Asian-Koel,Asian Koel,Eudynamys scolopaceus,XC1173496-260506_1252_Asian-Koel.wav,7,17.5,22.5,5,128.194,32000,dataset\segments\Eudynamys_scolopaceus\XC1173496-260506_1252_Asian-Koel_segment_0007.wav,train
XC1173496-260506_1252_Asian-Koel_segment_0008.wav,XC1173496-260506_1252_Asian-Koel,Asian Koel,Eudynamys scolopaceus,XC1173496-260506_1252_Asian-Koel.wav,8,20.0,25.0,5,128.194,32000,dataset\segments\Eudynamys_scolopaceus\XC1173496-260506_1252_Asian-Koel_segment_0008.wav,train
XC1173496-260506_1252_Asian-Koel_segment_0009.wav,XC1173496-260506_1252_Asian-Koel,Asian Koel,Eudynamys scolopaceus,XC1173496-260506_1252_Asian-Koel.wav,9,22.5,27.5,5,128.194,32000,dataset\segments\Eudynamys_scolopaceus\XC1173496-260506_1252_Asian-Koel_segment_0009.wav,train
XC1173496-260506_1252_Asian-Koel_segment_0010.wav,XC1173496-260506_1252_Asian-Koel,Asian Koel,Eudynamys scolopaceus,XC1173496-260506_1252_Asian-Koel.wav,10,25.0,30.0,5,128.194,32000,dataset\segments\Eudynamys_scolopaceus\XC1173496-260506_1252_Asian-Koel_segment_0010.wav,train
XC1173496-260506_1252_Asian-Koel_segment_0011.wav,XC1173496-260506_1252_Asian-Koel,Asian Koel,Eudynamys scolopaceus,XC1173496-260506_1252_Asian-Koel.wav,11,27.5,32.5,5,128.194,32000,dataset\segments\Eudynamys_scolopaceus\XC1173496-260506_1252_Asian-Koel_segment_0011.wav,train
XC1173496-260506_1252_Asian-Koel_segment_0012.wav,XC1173496-260506_1252_Asian-Koel,Asian Koel,Eudynamys scolopaceus,XC1173496-260506_1252_Asian-Koel.wav,12,30.0,35.0,5,128.194,32000,dataset\segments\Eudynamys_scolopaceus\XC1173496-260506_1252_Asian-Koel_segment_0012.wav,train
XC1173496-260506_1252_Asian-Koel_segment_0013.wav,XC1173496-260506_1252_Asian-Koel,Asian Koel,Eudynamys scolopaceus,XC1173496-260506_1252_Asian-Koel.wav,13,32.5,37.5,5,128.194,32000,dataset\segments\Eudynamys_scolopaceus\XC1173496-260506_1252_Asian-Koel_segment_0013.wav,train
XC1173496-260506_1252_Asian-Koel_segment_0014.wav,XC1173496-260506_1252_Asian-Koel,Asian Koel,Eudynamys scolopaceus,XC1173496-260506_1252_Asian-Koel.wav,14,35.0,40.0,5,128.194,32000,dataset\segments\Eudynamys_scolopaceus\XC1173496-260506_1252_Asian-Koel_segment_0014.wav,train
XC1173496-260506_1252_Asian-Koel_segment_0015.wav,XC1173496-260506_1252_Asian-Koel,Asian Koel,Eudynamys scolopaceus,XC1173496-260506_1252_Asian-Koel.wav,15,37.5,42.5,5,128.194,32000,dataset\segments\Eudynamys_scolopaceus\XC1173496-260506_1252_Asian-Koel_segment_0015.wav,train
XC1173496-260506_1252_Asian-Koel_segment_0016.wav,XC1173496-260506_1252_Asian-Koel,Asian Koel,Eudynamys scolopaceus,XC1173496-260506_1252_Asian-Koel.wav,16,40.0,45.0,5,128.194,32000,dataset\segments\Eudynamys_scolopaceus\XC1173496-260506_1252_Asian-Koel_segment_0016.wav,train
XC1173496-260506_1252_Asian-Koel_segment_0017.wav,XC1173496-260506_1252_Asian-Koel,Asian Koel,Eudynamys scolopaceus,XC1173496-260506_1252_Asian-Koel.wav,17,42.5,47.5,5,128.194,32000,dataset\segments\Eudynamys_scolopaceus\XC1173496-260506_1252_Asian-Koel_segment_0017.wav,train
XC1173496-260506_1252_Asian-Koel_segment_0018.wav,XC1173496-260506_1252_Asian-Koel,Asian Koel,Eudynamys scolopaceus,XC1173496-260506_1252_Asian-Koel.wav,18,45.0,50.0,5,128.194,32000,dataset\segments\Eudynamys_scolopaceus\XC1173496-260506_1252_Asian-Koel_segment_0018.wav,train
XC1173496-260506_1252_Asian-Koel_segment_0019.wav,XC1173496-260506_1252_Asian-Koel,Asian Koel,Eudynamys scolopaceus,XC1173496-260506_1252_Asian-Koel.wav,19,47.5,52.5,5,128.194,32000,dataset\segments\Eudynamys_scolopaceus\XC1173496-260506_1252_Asian-Koel_segment_0019.wav,train
XC1173496-260506_1252_Asian-Koel_segment_0020.wav,XC1173496-260506_1252_Asian-Koel,Asian Koel,Eudynamys scolopaceus,XC1173496-260506_1252_Asian-Koel.wav,20,50.0,55.0,5,128.194,32000,dataset\segments\Eudynamys_scolopaceus\XC1173496-260506_1252_Asian-Koel_segment_0020.wav,train
XC1173496-260506_1252_Asian-Koel_segment_0021.wav,XC1173496-260506_1252_Asian-Koel,Asian Koel,Eudynamys scolopaceus,XC1173496-260506_1252_Asian-Koel.wav,21,52.5,57.5,5,128.194,32000,dataset\segments\Eudynamys_scolopaceus\XC1173496-260506_1252_Asian-Koel_segment_0021.wav,train
XC1173496-260506_1252_Asian-Koel_segment_0022.wav,XC1173496-260506_1252_Asian-Koel,Asian Koel,Eudynamys scolopaceus,XC1173496-260506_1252_Asian-Koel.wav,22,55.0,60.0,5,128.194,32000,dataset\segments\Eudynamys_scolopaceus\XC1173496-260506_1252_Asian-Koel_segment_0022.wav,train
XC1173496-260506_1252_Asian-Koel_segment_0023.wav,XC1173496-260506_1252_Asian-Koel,Asian Koel,Eudynamys scolopaceus,XC1173496-260506_1252_Asian-Koel.wav,23,57.5,62.5,5,128.194,32000,dataset\segments\Eudynamys_scolopaceus\XC1173496-260506_1252_Asian-Koel_segment_0023.wav,train
XC1173496-260506_1252_Asian-Koel_segment_0024.wav,XC1173496-260506_1252_Asian-Koel,Asian Koel,Eudynamys scolopaceus,XC1173496-260506_1252_Asian-Koel.wav,24,60.0,65.0,5,128.194,32000,dataset\segments\Eudynamys_scolopaceus\XC1173496-260506_1252_Asian-Koel_segment_0024.wav,train
XC1173496-260506_1252_Asian-Koel_segment_0025.wav,XC1173496-260506_1252_Asian-Koel,Asian Koel,Eudynamys scolopaceus,XC1173496-260506_1252_Asian-Koel.wav,25,62.5,67.5,5,128.194,32000,dataset\segments\Eudynamys_scolopaceus\XC1173496-260506_1252_Asian-Koel_segment_0025.wav,train
XC1173496-260506_1252_Asian-Koel_segment_0026.wav,XC1173496-260506_1252_Asian-Koel,Asian Koel,Eudynamys scolopaceus,XC1173496-260506_1252_Asian-Koel.wav,26,65.0,70.0,5,128.194,32000,dataset\segments\Eudynamys_scolopaceus\XC1173496-260506_1252_Asian-Koel_segment_0026.wav,train
XC1173496-260506_1252_Asian-Koel_segment_0027.wav,XC1173496-260506_1252_Asian-Koel,Asian Koel,Eudynamys scolopaceus,XC1173496-260506_1252_Asian-Koel.wav,27,67.5,72.5,5,128.194,32000,dataset\segments\Eudynamys_scolopaceus\XC1173496-260506_1252_Asian-Koel_segment_0027.wav,train
XC1173496-260506_1252_Asian-Koel_segment_0028.wav,XC1173496-260506_1252_Asian-Koel,Asian Koel,Eudynamys scolopaceus,XC1173496-260506_1252_Asian-Koel.wav,28,70.0,75.0,5,128.194,32000,dataset\segments\Eudynamys_scolopaceus\XC1173496-260506_1252_Asian-Koel_segment_0028.wav,train
XC1173496-260506_1252_Asian-Koel_segment_0029.wav,XC1173496-260506_1252_Asian-Koel,Asian Koel,Eudynamys scolopaceus,XC1173496-260506_1252_Asian-Koel.wav,29,72.5,77.5,5,128.194,32000,dataset\segments\Eudynamys_scolopaceus\XC1173496-260506_1252_Asian-Koel_segment_0029.wav,train
XC1173496-260506_1252_Asian-Koel_segment_0030.wav,XC1173496-260506_1252_Asian-Koel,Asian Koel,Eudynamys scolopaceus,XC1173496-260506_1252_Asian-Koel.wav,30,75.0,80.0,5,128.194,32000,dataset\segments\Eudynamys_scolopaceus\XC1173496-260506_1252_Asian-Koel_segment_0030.wav,train
XC1173496-260506_1252_Asian-Koel_segment_0031.wav,XC1173496-260506_1252_Asian-Koel,Asian Koel,Eudynamys scolopaceus,XC1173496-260506_1252_Asian-Koel.wav,31,77.5,82.5,5,128.194,32000,dataset\segments\Eudynamys_scolopaceus\XC1173496-260506_1252_Asian-Koel_segment_0031.wav,train
XC1173496-260506_1252_Asian-Koel_segment_0032.wav,XC1173496-260506_1252_Asian-Koel,Asian Koel,Eudynamys scolopaceus,XC1173496-260506_1252_Asian-Koel.wav,32,80.0,85.0,5,128.194,32000,dataset\segments\Eudynamys_scolopaceus\XC1173496-260506_1252_Asian-Koel_segment_0032.wav,train
XC1173496-260506_1252_Asian-Koel_segment_0033.wav,XC1173496-260506_1252_Asian-Koel,Asian Koel,Eudynamys scolopaceus,XC1173496-260506_1252_Asian-Koel.wav,33,82.5,87.5,5,128.194,32000,dataset\segments\Eudynamys_scolopaceus\XC1173496-260506_1252_Asian-Koel_segment_0033.wav,train
XC1173496-260506_1252_Asian-Koel_segment_0034.wav,XC1173496-260506_1252_Asian-Koel,Asian Koel,Eudynamys scolopaceus,XC1173496-260506_1252_Asian-Koel.wav,34,85.0,90.0,5,128.194,32000,dataset\segments\Eudynamys_scolopaceus\XC1173496-260506_1252_Asian-Koel_segment_0034.wav,train
XC1173496-260506_1252_Asian-Koel_segment_0035.wav,XC1173496-260506_1252_Asian-Koel,Asian Koel,Eudynamys scolopaceus,XC1173496-260506_1252_Asian-Koel.wav,35,87.5,92.5,5,128.194,32000,dataset\segments\Eudynamys_scolopaceus\XC1173496-260506_1252_Asian-Koel_segment_0035.wav,train
XC1173496-260506_1252_Asian-Koel_segment_0036.wav,XC1173496-260506_1252_Asian-Koel,Asian Koel,Eudynamys scolopaceus,XC1173496-260506_1252_Asian-Koel.wav,36,90.0,95.0,5,128.194,32000,dataset\segments\Eudynamys_scolopaceus\XC1173496-260506_1252_Asian-Koel_segment_0036.wav,train
XC1173496-260506_1252_Asian-Koel_segment_0037.wav,XC1173496-260506_1252_Asian-Koel,Asian Koel,Eudynamys scolopaceus,XC1173496-260506_1252_Asian-Koel.wav,37,92.5,97.5,5,128.194,32000,dataset\segments\Eudynamys_scolopaceus\XC1173496-260506_1252_Asian-Koel_segment_0037.wav,train
XC1173496-260506_1252_Asian-Koel_segment_0038.wav,XC1173496-260506_1252_Asian-Koel,Asian Koel,Eudynamys scolopaceus,XC1173496-260506_1252_Asian-Koel.wav,38,95.0,100.0,5,128.194,32000,dataset\segments\Eudynamys_scolopaceus\XC1173496-260506_1252_Asian-Koel_segment_0038.wav,train
XC1173496-260506_1252_Asian-Koel_segment_0039.wav,XC1173496-260506_1252_Asian-Koel,Asian Koel,Eudynamys scolopaceus,XC1173496-260506_1252_Asian-Koel.wav,39,97.5,102.5,5,128.194,32000,dataset\segments\Eudynamys_scolopaceus\XC1173496-260506_1252_Asian-Koel_segment_0039.wav,train
XC1173496-260506_1252_Asian-Koel_segment_0040.wav,XC1173496-260506_1252_Asian-Koel,Asian Koel,Eudynamys scolopaceus,XC1173496-260506_1252_Asian-Koel.wav,40,100.0,105.0,5,128.194,32000,dataset\segments\Eudynamys_scolopaceus\XC1173496-260506_1252_Asian-Koel_segment_0040.wav,train
XC1173496-260506_1252_Asian-Koel_segment_0041.wav,XC1173496-260506_1252_Asian-Koel,Asian Koel,Eudynamys scolopaceus,XC1173496-260506_1252_Asian-Koel.wav,41,102.5,107.5,5,128.194,32000,dataset\segments\Eudynamys_scolopaceus\XC1173496-260506_1252_Asian-Koel_segment_0041.wav,train
XC1173496-260506_1252_Asian-Koel_segment_0042.wav,XC1173496-260506_1252_Asian-Koel,Asian Koel,Eudynamys scolopaceus,XC1173496-260506_1252_Asian-Koel.wav,42,105.0,110.0,5,128.194,32000,dataset\segments\Eudynamys_scolopaceus\XC1173496-260506_1252_Asian-Koel_segment_0042.wav,train
XC1173496-260506_1252_Asian-Koel_segment_0043.wav,XC1173496-260506_1252_Asian-Koel,Asian Koel,Eudynamys scolopaceus,XC1173496-260506_1252_Asian-Koel.wav,43,107.5,112.5,5,128.194,32000,dataset\segments\Eudynamys_scolopaceus\XC1173496-260506_1252_Asian-Koel_segment_0043.wav,train
XC1173496-260506_1252_Asian-Koel_segment_0044.wav,XC1173496-260506_1252_Asian-Koel,Asian Koel,Eudynamys scolopaceus,XC1173496-260506_1252_Asian-Koel.wav,44,110.0,115.0,5,128.194,32000,dataset\segments\Eudynamys_scolopaceus\XC1173496-260506_1252_Asian-Koel_segment_0044.wav,train
XC1173496-260506_1252_Asian-Koel_segment_0045.wav,XC1173496-260506_1252_Asian-Koel,Asian Koel,Eudynamys scolopaceus,XC1173496-260506_1252_Asian-Koel.wav,45,112.5,117.5,5,128.194,32000,dataset\segments\Eudynamys_scolopaceus\XC1173496-260506_1252_Asian-Koel_segment_0045.wav,train
XC1173496-260506_1252_Asian-Koel_segment_0046.wav,XC1173496-260506_1252_Asian-Koel,Asian Koel,Eudynamys scolopaceus,XC1173496-260506_1252_Asian-Koel.wav,46,115.0,120.0,5,128.194,32000,dataset\segments\Eudynamys_scolopaceus\XC1173496-260506_1252_Asian-Koel_segment_0046.wav,train
XC1173496-260506_1252_Asian-Koel_segment_0047.wav,XC1173496-260506_1252_Asian-Koel,Asian Koel,Eudynamys scolopaceus,XC1173496-260506_1252_Asian-Koel.wav,47,117.5,122.5,5,128.194,32000,dataset\segments\Eudynamys_scolopaceus\XC1173496-260506_1252_Asian-Koel_segment_0047.wav,train
XC1173496-260506_1252_Asian-Koel_segment_0048.wav,XC1173496-260506_1252_Asian-Koel,Asian Koel,Eudynamys scolopaceus,XC1173496-260506_1252_Asian-Koel.wav,48,120.0,125.0,5,128.194,32000,dataset\segments\Eudynamys_scolopaceus\XC1173496-260506_1252_Asian-Koel_segment_0048.wav,train
XC1173496-260506_1252_Asian-Koel_segment_0049.wav,XC1173496-260506_1252_Asian-Koel,Asian Koel,Eudynamys scolopaceus,XC1173496-260506_1252_Asian-Koel.wav,49,122.5,127.5,5,128.194,32000,dataset\segments\Eudynamys_scolopaceus\XC1173496-260506_1252_Asian-Koel_segment_0049.wav,train
"XC1104492-Common-Myna-call-very-good-2026-04-19-Jebel-Jais,-Ras-Al-Khaimah,-UAE_SoundDevices702_Telinga9_1109_edited_segment_0000.wav","XC1104492-Common-Myna-call-very-good-2026-04-19-Jebel-Jais,-Ras-Al-Khaimah,-UAE_SoundDevices702_Telinga9_1109_edited",Common Myna,Acridotheres tristis,"XC1104492-Common-Myna-call-very-good-2026-04-19-Jebel-Jais,-Ras-Al-Khaimah,-UAE_SoundDevices702_Telinga9_1109_edited.wav",0,0.0,5.0,5,6.182,32000,"dataset\segments\Acridotheres_tristis\XC1104492-Common-Myna-call-very-good-2026-04-19-Jebel-Jais,-Ras-Al-Khaimah,-UAE_SoundDevices702_Telinga9_1109_edited_segment_0000.wav",train
XC1139814-Common-Myna-20260602-01a-garden-Makham_segment_0000.wav,XC1139814-Common-Myna-20260602-01a-garden-Makham,Common Myna,Acridotheres tristis,XC1139814-Common-Myna-20260602-01a-garden-Makham.wav,0,0.0,5.0,5,42.509,32000,dataset\segments\Acridotheres_tristis\XC1139814-Common-Myna-20260602-01a-garden-Makham_segment_0000.wav,train
XC1139814-Common-Myna-20260602-01a-garden-Makham_segment_0001.wav,XC1139814-Common-Myna-20260602-01a-garden-Makham,Common Myna,Acridotheres tristis,XC1139814-Common-Myna-20260602-01a-garden-Makham.wav,1,2.5,7.5,5,42.509,32000,dataset\segments\Acridotheres_tristis\XC1139814-Common-Myna-20260602-01a-garden-Makham_segment_0001.wav,train
XC1139814-Common-Myna-20260602-01a-garden-Makham_segment_0002.wav,XC1139814-Common-Myna-20260602-01a-garden-Makham,Common Myna,Acridotheres tristis,XC1139814-Common-Myna-20260602-01a-garden-Makham.wav,2,5.0,10.0,5,42.509,32000,dataset\segments\Acridotheres_tristis\XC1139814-Common-Myna-20260602-01a-garden-Makham_segment_0002.wav,train
XC1139814-Common-Myna-20260602-01a-garden-Makham_segment_0003.wav,XC1139814-Common-Myna-20260602-01a-garden-Makham,Common Myna,Acridotheres tristis,XC1139814-Common-Myna-20260602-01a-garden-Makham.wav,3,7.5,12.5,5,42.509,32000,dataset\segments\Acridotheres_tristis\XC1139814-Common-Myna-20260602-01a-garden-Makham_segment_0003.wav,train
XC1139814-Common-Myna-20260602-01a-garden-Makham_segment_0004.wav,XC1139814-Common-Myna-20260602-01a-garden-Makham,Common Myna,Acridotheres tristis,XC1139814-Common-Myna-20260602-01a-garden-Makham.wav,4,10.0,15.0,5,42.509,32000,dataset\segments\Acridotheres_tristis\XC1139814-Common-Myna-20260602-01a-garden-Makham_segment_0004.wav,train
XC1139814-Common-Myna-20260602-01a-garden-Makham_segment_0005.wav,XC1139814-Common-Myna-20260602-01a-garden-Makham,Common Myna,Acridotheres tristis,XC1139814-Common-Myna-20260602-01a-garden-Makham.wav,5,12.5,17.5,5,42.509,32000,dataset\segments\Acridotheres_tristis\XC1139814-Common-Myna-20260602-01a-garden-Makham_segment_0005.wav,train
XC1139814-Common-Myna-20260602-01a-garden-Makham_segment_0006.wav,XC1139814-Common-Myna-20260602-01a-garden-Makham,Common Myna,Acridotheres tristis,XC1139814-Common-Myna-20260602-01a-garden-Makham.wav,6,15.0,20.0,5,42.509,32000,dataset\segments\Acridotheres_tristis\XC1139814-Common-Myna-20260602-01a-garden-Makham_segment_0006.wav,train
XC1139814-Common-Myna-20260602-01a-garden-Makham_segment_0007.wav,XC1139814-Common-Myna-20260602-01a-garden-Makham,Common Myna,Acridotheres tristis,XC1139814-Common-Myna-20260602-01a-garden-Makham.wav,7,17.5,22.5,5,42.509,32000,dataset\segments\Acridotheres_tristis\XC1139814-Common-Myna-20260602-01a-garden-Makham_segment_0007.wav,train
XC1139814-Common-Myna-20260602-01a-garden-Makham_segment_0008.wav,XC1139814-Common-Myna-20260602-01a-garden-Makham,Common Myna,Acridotheres tristis,XC1139814-Common-Myna-20260602-01a-garden-Makham.wav,8,20.0,25.0,5,42.509,32000,dataset\segments\Acridotheres_tristis\XC1139814-Common-Myna-20260602-01a-garden-Makham_segment_0008.wav,train
XC1139814-Common-Myna-20260602-01a-garden-Makham_segment_0009.wav,XC1139814-Common-Myna-20260602-01a-garden-Makham,Common Myna,Acridotheres tristis,XC1139814-Common-Myna-20260602-01a-garden-Makham.wav,9,22.5,27.5,5,42.509,32000,dataset\segments\Acridotheres_tristis\XC1139814-Common-Myna-20260602-01a-garden-Makham_segment_0009.wav,train
XC1139814-Common-Myna-20260602-01a-garden-Makham_segment_0010.wav,XC1139814-Common-Myna-20260602-01a-garden-Makham,Common Myna,Acridotheres tristis,XC1139814-Common-Myna-20260602-01a-garden-Makham.wav,10,25.0,30.0,5,42.509,32000,dataset\segments\Acridotheres_tristis\XC1139814-Common-Myna-20260602-01a-garden-Makham_segment_0010.wav,train
XC1139814-Common-Myna-20260602-01a-garden-Makham_segment_0011.wav,XC1139814-Common-Myna-20260602-01a-garden-Makham,Common Myna,Acridotheres tristis,XC1139814-Common-Myna-20260602-01a-garden-Makham.wav,11,27.5,32.5,5,42.509,32000,dataset\segments\Acridotheres_tristis\XC1139814-Common-Myna-20260602-01a-garden-Makham_segment_0011.wav,train
XC1139814-Common-Myna-20260602-01a-garden-Makham_segment_0012.wav,XC1139814-Common-Myna-20260602-01a-garden-Makham,Common Myna,Acridotheres tristis,XC1139814-Common-Myna-20260602-01a-garden-Makham.wav,12,30.0,35.0,5,42.509,32000,dataset\segments\Acridotheres_tristis\XC1139814-Common-Myna-20260602-01a-garden-Makham_segment_0012.wav,train
XC1139814-Common-Myna-20260602-01a-garden-Makham_segment_0013.wav,XC1139814-Common-Myna-20260602-01a-garden-Makham,Common Myna,Acridotheres tristis,XC1139814-Common-Myna-20260602-01a-garden-Makham.wav,13,32.5,37.5,5,42.509,32000,dataset\segments\Acridotheres_tristis\XC1139814-Common-Myna-20260602-01a-garden-Makham_segment_0013.wav,train
XC1139814-Common-Myna-20260602-01a-garden-Makham_segment_0014.wav,XC1139814-Common-Myna-20260602-01a-garden-Makham,Common Myna,Acridotheres tristis,XC1139814-Common-Myna-20260602-01a-garden-Makham.wav,14,35.0,40.0,5,42.509,32000,dataset\segments\Acridotheres_tristis\XC1139814-Common-Myna-20260602-01a-garden-Makham_segment_0014.wav,train
XC1139814-Common-Myna-20260602-01a-garden-Makham_segment_0015.wav,XC1139814-Common-Myna-20260602-01a-garden-Makham,Common Myna,Acridotheres tristis,XC1139814-Common-Myna-20260602-01a-garden-Makham.wav,15,37.5,42.5,5,42.509,32000,dataset\segments\Acridotheres_tristis\XC1139814-Common-Myna-20260602-01a-garden-Makham_segment_0015.wav,train
XC1145947-Common-Myna-20260616-01a-garden-Makham-(bedelroep-nestling)_segment_0000.wav,XC1145947-Common-Myna-20260616-01a-garden-Makham-(bedelroep-nestling),Common Myna,Acridotheres tristis,XC1145947-Common-Myna-20260616-01a-garden-Makham-(bedelroep-nestling).wav,0,0.0,5.0,5,89.456,32000,dataset\segments\Acridotheres_tristis\XC1145947-Common-Myna-20260616-01a-garden-Makham-(bedelroep-nestling)_segment_0000.wav,train
XC1145947-Common-Myna-20260616-01a-garden-Makham-(bedelroep-nestling)_segment_0001.wav,XC1145947-Common-Myna-20260616-01a-garden-Makham-(bedelroep-nestling),Common Myna,Acridotheres tristis,XC1145947-Common-Myna-20260616-01a-garden-Makham-(bedelroep-nestling).wav,1,2.5,7.5,5,89.456,32000,dataset\segments\Acridotheres_tristis\XC1145947-Common-Myna-20260616-01a-garden-Makham-(bedelroep-nestling)_segment_0001.wav,train
XC1145947-Common-Myna-20260616-01a-garden-Makham-(bedelroep-nestling)_segment_0002.wav,XC1145947-Common-Myna-20260616-01a-garden-Makham-(bedelroep-nestling),Common Myna,Acridotheres tristis,XC1145947-Common-Myna-20260616-01a-garden-Makham-(bedelroep-nestling).wav,2,5.0,10.0,5,89.456,32000,dataset\segments\Acridotheres_tristis\XC1145947-Common-Myna-20260616-01a-garden-Makham-(bedelroep-nestling)_segment_0002.wav,train
XC1145947-Common-Myna-20260616-01a-garden-Makham-(bedelroep-nestling)_segment_0003.wav,XC1145947-Common-Myna-20260616-01a-garden-Makham-(bedelroep-nestling),Common Myna,Acridotheres tristis,XC1145947-Common-Myna-20260616-01a-garden-Makham-(bedelroep-nestling).wav,3,7.5,12.5,5,89.456,32000,dataset\segments\Acridotheres_tristis\XC1145947-Common-Myna-20260616-01a-garden-Makham-(bedelroep-nestling)_segment_0003.wav,train
XC1145947-Common-Myna-20260616-01a-garden-Makham-(bedelroep-nestling)_segment_0004.wav,XC1145947-Common-Myna-20260616-01a-garden-Makham-(bedelroep-nestling),Common Myna,Acridotheres tristis,XC1145947-Common-Myna-20260616-01a-garden-Makham-(bedelroep-nestling).wav,4,10.0,15.0,5,89.456,32000,dataset\segments\Acridotheres_tristis\XC1145947-Common-Myna-20260616-01a-garden-Makham-(bedelroep-nestling)_segment_0004.wav,train
XC1145947-Common-Myna-20260616-01a-garden-Makham-(bedelroep-nestling)_segment_0005.wav,XC1145947-Common-Myna-20260616-01a-garden-Makham-(bedelroep-nestling),Common Myna,Acridotheres tristis,XC1145947-Common-Myna-20260616-01a-garden-Makham-(bedelroep-nestling).wav,5,12.5,17.5,5,89.456,32000,dataset\segments\Acridotheres_tristis\XC1145947-Common-Myna-20260616-01a-garden-Makham-(bedelroep-nestling)_segment_0005.wav,train
XC1145947-Common-Myna-20260616-01a-garden-Makham-(bedelroep-nestling)_segment_0006.wav,XC1145947-Common-Myna-20260616-01a-garden-Makham-(bedelroep-nestling),Common Myna,Acridotheres tristis,XC1145947-Common-Myna-20260616-01a-garden-Makham-(bedelroep-nestling).wav,6,15.0,20.0,5,89.456,32000,dataset\segments\Acridotheres_tristis\XC1145947-Common-Myna-20260616-01a-garden-Makham-(bedelroep-nestling)_segment_0006.wav,train
XC1145947-Common-Myna-20260616-01a-garden-Makham-(bedelroep-nestling)_segment_0007.wav,XC1145947-Common-Myna-20260616-01a-garden-Makham-(bedelroep-nestling),Common Myna,Acridotheres tristis,XC1145947-Common-Myna-20260616-01a-garden-Makham-(bedelroep-nestling).wav,7,17.5,22.5,5,89.456,32000,dataset\segments\Acridotheres_tristis\XC1145947-Common-Myna-20260616-01a-garden-Makham-(bedelroep-nestling)_segment_0007.wav,train
XC1145947-Common-Myna-20260616-01a-garden-Makham-(bedelroep-nestling)_segment_0008.wav,XC1145947-Common-Myna-20260616-01a-garden-Makham-(bedelroep-nestling),Common Myna,Acridotheres tristis,XC1145947-Common-Myna-20260616-01a-garden-Makham-(bedelroep-nestling).wav,8,20.0,25.0,5,89.456,32000,dataset\segments\Acridotheres_tristis\XC1145947-Common-Myna-20260616-01a-garden-Makham-(bedelroep-nestling)_segment_0008.wav,train
XC1145947-Common-Myna-20260616-01a-garden-Makham-(bedelroep-nestling)_segment_0009.wav,XC1145947-Common-Myna-20260616-01a-garden-Makham-(bedelroep-nestling),Common Myna,Acridotheres tristis,XC1145947-Common-Myna-20260616-01a-garden-Makham-(bedelroep-nestling).wav,9,22.5,27.5,5,89.456,32000,dataset\segments\Acridotheres_tristis\XC1145947-Common-Myna-20260616-01a-garden-Makham-(bedelroep-nestling)_segment_0009.wav,train
XC1145947-Common-Myna-20260616-01a-garden-Makham-(bedelroep-nestling)_segment_0010.wav,XC1145947-Common-Myna-20260616-01a-garden-Makham-(bedelroep-nestling),Common Myna,Acridotheres tristis,XC1145947-Common-Myna-20260616-01a-garden-Makham-(bedelroep-nestling).wav,10,25.0,30.0,5,89.456,32000,dataset\segments\Acridotheres_tristis\XC1145947-Common-Myna-20260616-01a-garden-Makham-(bedelroep-nestling)_segment_0010.wav,train
XC1145947-Common-Myna-20260616-01a-garden-Makham-(bedelroep-nestling)_segment_0011.wav,XC1145947-Common-Myna-20260616-01a-garden-Makham-(bedelroep-nestling),Common Myna,Acridotheres tristis,XC1145947-Common-Myna-20260616-01a-garden-Makham-(bedelroep-nestling).wav,11,27.5,32.5,5,89.456,32000,dataset\segments\Acridotheres_tristis\XC1145947-Common-Myna-20260616-01a-garden-Makham-(bedelroep-nestling)_segment_0011.wav,train
XC1145947-Common-Myna-20260616-01a-garden-Makham-(bedelroep-nestling)_segment_0012.wav,XC1145947-Common-Myna-20260616-01a-garden-Makham-(bedelroep-nestling),Common Myna,Acridotheres tristis,XC1145947-Common-Myna-20260616-01a-garden-Makham-(bedelroep-nestling).wav,12,30.0,35.0,5,89.456,32000,dataset\segments\Acridotheres_tristis\XC1145947-Common-Myna-20260616-01a-garden-Makham-(bedelroep-nestling)_segment_0012.wav,train
XC1145947-Common-Myna-20260616-01a-garden-Makham-(bedelroep-nestling)_segment_0013.wav,XC1145947-Common-Myna-20260616-01a-garden-Makham-(bedelroep-nestling),Common Myna,Acridotheres tristis,XC1145947-Common-Myna-20260616-01a-garden-Makham-(bedelroep-nestling).wav,13,32.5,37.5,5,89.456,32000,dataset\segments\Acridotheres_tristis\XC1145947-Common-Myna-20260616-01a-garden-Makham-(bedelroep-nestling)_segment_0013.wav,train
XC1145947-Common-Myna-20260616-01a-garden-Makham-(bedelroep-nestling)_segment_0014.wav,XC1145947-Common-Myna-20260616-01a-garden-Makham-(bedelroep-nestling),Common Myna,Acridotheres tristis,XC1145947-Common-Myna-20260616-01a-garden-Makham-(bedelroep-nestling).wav,14,35.0,40.0,5,89.456,32000,dataset\segments\Acridotheres_tristis\XC1145947-Common-Myna-20260616-01a-garden-Makham-(bedelroep-nestling)_segment_0014.wav,train
XC1145947-Common-Myna-20260616-01a-garden-Makham-(bedelroep-nestling)_segment_0015.wav,XC1145947-Common-Myna-20260616-01a-garden-Makham-(bedelroep-nestling),Common Myna,Acridotheres tristis,XC1145947-Common-Myna-20260616-01a-garden-Makham-(bedelroep-nestling).wav,15,37.5,42.5,5,89.456,32000,dataset\segments\Acridotheres_tristis\XC1145947-Common-Myna-20260616-01a-garden-Makham-(bedelroep-nestling)_segment_0015.wav,train
XC1145947-Common-Myna-20260616-01a-garden-Makham-(bedelroep-nestling)_segment_0016.wav,XC1145947-Common-Myna-20260616-01a-garden-Makham-(bedelroep-nestling),Common Myna,Acridotheres tristis,XC1145947-Common-Myna-20260616-01a-garden-Makham-(bedelroep-nestling).wav,16,40.0,45.0,5,89.456,32000,dataset\segments\Acridotheres_tristis\XC1145947-Common-Myna-20260616-01a-garden-Makham-(bedelroep-nestling)_segment_0016.wav,train
XC1145947-Common-Myna-20260616-01a-garden-Makham-(bedelroep-nestling)_segment_0017.wav,XC1145947-Common-Myna-20260616-01a-garden-Makham-(bedelroep-nestling),Common Myna,Acridotheres tristis,XC1145947-Common-Myna-20260616-01a-garden-Makham-(bedelroep-nestling).wav,17,42.5,47.5,5,89.456,32000,dataset\segments\Acridotheres_tristis\XC1145947-Common-Myna-20260616-01a-garden-Makham-(bedelroep-nestling)_segment_0017.wav,train
XC1145947-Common-Myna-20260616-01a-garden-Makham-(bedelroep-nestling)_segment_0018.wav,XC1145947-Common-Myna-20260616-01a-garden-Makham-(bedelroep-nestling),Common Myna,Acridotheres tristis,XC1145947-Common-Myna-20260616-01a-garden-Makham-(bedelroep-nestling).wav,18,45.0,50.0,5,89.456,32000,dataset\segments\Acridotheres_tristis\XC1145947-Common-Myna-20260616-01a-garden-Makham-(bedelroep-nestling)_segment_0018.wav,train
XC1145947-Common-Myna-20260616-01a-garden-Makham-(bedelroep-nestling)_segment_0019.wav,XC1145947-Common-Myna-20260616-01a-garden-Makham-(bedelroep-nestling),Common Myna,Acridotheres tristis,XC1145947-Common-Myna-20260616-01a-garden-Makham-(bedelroep-nestling).wav,19,47.5,52.5,5,89.456,32000,dataset\segments\Acridotheres_tristis\XC1145947-Common-Myna-20260616-01a-garden-Makham-(bedelroep-nestling)_segment_0019.wav,train
XC1145947-Common-Myna-20260616-01a-garden-Makham-(bedelroep-nestling)_segment_0020.wav,XC1145947-Common-Myna-20260616-01a-garden-Makham-(bedelroep-nestling),Common Myna,Acridotheres tristis,XC1145947-Common-Myna-20260616-01a-garden-Makham-(bedelroep-nestling).wav,20,50.0,55.0,5,89.456,32000,dataset\segments\Acridotheres_tristis\XC1145947-Common-Myna-20260616-01a-garden-Makham-(bedelroep-nestling)_segment_0020.wav,train
XC1145947-Common-Myna-20260616-01a-garden-Makham-(bedelroep-nestling)_segment_0021.wav,XC1145947-Common-Myna-20260616-01a-garden-Makham-(bedelroep-nestling),Common Myna,Acridotheres tristis,XC1145947-Common-Myna-20260616-01a-garden-Makham-(bedelroep-nestling).wav,21,52.5,57.5,5,89.456,32000,dataset\segments\Acridotheres_tristis\XC1145947-Common-Myna-20260616-01a-garden-Makham-(bedelroep-nestling)_segment_0021.wav,train
XC1145947-Common-Myna-20260616-01a-garden-Makham-(bedelroep-nestling)_segment_0022.wav,XC1145947-Common-Myna-20260616-01a-garden-Makham-(bedelroep-nestling),Common Myna,Acridotheres tristis,XC1145947-Common-Myna-20260616-01a-garden-Makham-(bedelroep-nestling).wav,22,55.0,60.0,5,89.456,32000,dataset\segments\Acridotheres_tristis\XC1145947-Common-Myna-20260616-01a-garden-Makham-(bedelroep-nestling)_segment_0022.wav,train
XC1145947-Common-Myna-20260616-01a-garden-Makham-(bedelroep-nestling)_segment_0023.wav,XC1145947-Common-Myna-20260616-01a-garden-Makham-(bedelroep-nestling),Common Myna,Acridotheres tristis,XC1145947-Common-Myna-20260616-01a-garden-Makham-(bedelroep-nestling).wav,23,57.5,62.5,5,89.456,32000,dataset\segments\Acridotheres_tristis\XC1145947-Common-Myna-20260616-01a-garden-Makham-(bedelroep-nestling)_segment_0023.wav,train
XC1145947-Common-Myna-20260616-01a-garden-Makham-(bedelroep-nestling)_segment_0024.wav,XC1145947-Common-Myna-20260616-01a-garden-Makham-(bedelroep-nestling),Common Myna,Acridotheres tristis,XC1145947-Common-Myna-20260616-01a-garden-Makham-(bedelroep-nestling).wav,24,60.0,65.0,5,89.456,32000,dataset\segments\Acridotheres_tristis\XC1145947-Common-Myna-20260616-01a-garden-Makham-(bedelroep-nestling)_segment_0024.wav,train
XC1145947-Common-Myna-20260616-01a-garden-Makham-(bedelroep-nestling)_segment_0025.wav,XC1145947-Common-Myna-20260616-01a-garden-Makham-(bedelroep-nestling),Common Myna,Acridotheres tristis,XC1145947-Common-Myna-20260616-01a-garden-Makham-(bedelroep-nestling).wav,25,62.5,67.5,5,89.456,32000,dataset\segments\Acridotheres_tristis\XC1145947-Common-Myna-20260616-01a-garden-Makham-(bedelroep-nestling)_segment_0025.wav,train
XC1145947-Common-Myna-20260616-01a-garden-Makham-(bedelroep-nestling)_segment_0026.wav,XC1145947-Common-Myna-20260616-01a-garden-Makham-(bedelroep-nestling),Common Myna,Acridotheres tristis,XC1145947-Common-Myna-20260616-01a-garden-Makham-(bedelroep-nestling).wav,26,65.0,70.0,5,89.456,32000,dataset\segments\Acridotheres_tristis\XC1145947-Common-Myna-20260616-01a-garden-Makham-(bedelroep-nestling)_segment_0026.wav,train
XC1145947-Common-Myna-20260616-01a-garden-Makham-(bedelroep-nestling)_segment_0027.wav,XC1145947-Common-Myna-20260616-01a-garden-Makham-(bedelroep-nestling),Common Myna,Acridotheres tristis,XC1145947-Common-Myna-20260616-01a-garden-Makham-(bedelroep-nestling).wav,27,67.5,72.5,5,89.456,32000,dataset\segments\Acridotheres_tristis\XC1145947-Common-Myna-20260616-01a-garden-Makham-(bedelroep-nestling)_segment_0027.wav,train
XC1145947-Common-Myna-20260616-01a-garden-Makham-(bedelroep-nestling)_segment_0028.wav,XC1145947-Common-Myna-20260616-01a-garden-Makham-(bedelroep-nestling),Common Myna,Acridotheres tristis,XC1145947-Common-Myna-20260616-01a-garden-Makham-(bedelroep-nestling).wav,28,70.0,75.0,5,89.456,32000,dataset\segments\Acridotheres_tristis\XC1145947-Common-Myna-20260616-01a-garden-Makham-(bedelroep-nestling)_segment_0028.wav,train
XC1145947-Common-Myna-20260616-01a-garden-Makham-(bedelroep-nestling)_segment_0029.wav,XC1145947-Common-Myna-20260616-01a-garden-Makham-(bedelroep-nestling),Common Myna,Acridotheres tristis,XC1145947-Common-Myna-20260616-01a-garden-Makham-(bedelroep-nestling).wav,29,72.5,77.5,5,89.456,32000,dataset\segments\Acridotheres_tristis\XC1145947-Common-Myna-20260616-01a-garden-Makham-(bedelroep-nestling)_segment_0029.wav,train
XC1145947-Common-Myna-20260616-01a-garden-Makham-(bedelroep-nestling)_segment_0030.wav,XC1145947-Common-Myna-20260616-01a-garden-Makham-(bedelroep-nestling),Common Myna,Acridotheres tristis,XC1145947-Common-Myna-20260616-01a-garden-Makham-(bedelroep-nestling).wav,30,75.0,80.0,5,89.456,32000,dataset\segments\Acridotheres_tristis\XC1145947-Common-Myna-20260616-01a-garden-Makham-(bedelroep-nestling)_segment_0030.wav,train
XC1145947-Common-Myna-20260616-01a-garden-Makham-(bedelroep-nestling)_segment_0031.wav,XC1145947-Common-Myna-20260616-01a-garden-Makham-(bedelroep-nestling),Common Myna,Acridotheres tristis,XC1145947-Common-Myna-20260616-01a-garden-Makham-(bedelroep-nestling).wav,31,77.5,82.5,5,89.456,32000,dataset\segments\Acridotheres_tristis\XC1145947-Common-Myna-20260616-01a-garden-Makham-(bedelroep-nestling)_segment_0031.wav,train
XC1145947-Common-Myna-20260616-01a-garden-Makham-(bedelroep-nestling)_segment_0032.wav,XC1145947-Common-Myna-20260616-01a-garden-Makham-(bedelroep-nestling),Common Myna,Acridotheres tristis,XC1145947-Common-Myna-20260616-01a-garden-Makham-(bedelroep-nestling).wav,32,80.0,85.0,5,89.456,32000,dataset\segments\Acridotheres_tristis\XC1145947-Common-Myna-20260616-01a-garden-Makham-(bedelroep-nestling)_segment_0032.wav,train
XC1145947-Common-Myna-20260616-01a-garden-Makham-(bedelroep-nestling)_segment_0033.wav,XC1145947-Common-Myna-20260616-01a-garden-Makham-(bedelroep-nestling),Common Myna,Acridotheres tristis,XC1145947-Common-Myna-20260616-01a-garden-Makham-(bedelroep-nestling).wav,33,82.5,87.5,5,89.456,32000,dataset\segments\Acridotheres_tristis\XC1145947-Common-Myna-20260616-01a-garden-Makham-(bedelroep-nestling)_segment_0033.wav,train
XC1147206-Common-Myna-20260619-01a-garden-Makham_segment_0000.wav,XC1147206-Common-Myna-20260619-01a-garden-Makham,Common Myna,Acridotheres tristis,XC1147206-Common-Myna-20260619-01a-garden-Makham.wav,0,0.0,5.0,5,201.125,32000,dataset\segments\Acridotheres_tristis\XC1147206-Common-Myna-20260619-01a-garden-Makham_segment_0000.wav,train
XC1147206-Common-Myna-20260619-01a-garden-Makham_segment_0001.wav,XC1147206-Common-Myna-20260619-01a-garden-Makham,Common Myna,Acridotheres tristis,XC1147206-Common-Myna-20260619-01a-garden-Makham.wav,1,2.5,7.5,5,201.125,32000,dataset\segments\Acridotheres_tristis\XC1147206-Common-Myna-20260619-01a-garden-Makham_segment_0001.wav,train
XC1147206-Common-Myna-20260619-01a-garden-Makham_segment_0002.wav,XC1147206-Common-Myna-20260619-01a-garden-Makham,Common Myna,Acridotheres tristis,XC1147206-Common-Myna-20260619-01a-garden-Makham.wav,2,5.0,10.0,5,201.125,32000,dataset\segments\Acridotheres_tristis\XC1147206-Common-Myna-20260619-01a-garden-Makham_segment_0002.wav,train
XC1147206-Common-Myna-20260619-01a-garden-Makham_segment_0003.wav,XC1147206-Common-Myna-20260619-01a-garden-Makham,Common Myna,Acridotheres tristis,XC1147206-Common-Myna-20260619-01a-garden-Makham.wav,3,7.5,12.5,5,201.125,32000,dataset\segments\Acridotheres_tristis\XC1147206-Common-Myna-20260619-01a-garden-Makham_segment_0003.wav,train
XC1147206-Common-Myna-20260619-01a-garden-Makham_segment_0004.wav,XC1147206-Common-Myna-20260619-01a-garden-Makham,Common Myna,Acridotheres tristis,XC1147206-Common-Myna-20260619-01a-garden-Makham.wav,4,10.0,15.0,5,201.125,32000,dataset\segments\Acridotheres_tristis\XC1147206-Common-Myna-20260619-01a-garden-Makham_segment_0004.wav,train
XC1147206-Common-Myna-20260619-01a-garden-Makham_segment_0005.wav,XC1147206-Common-Myna-20260619-01a-garden-Makham,Common Myna,Acridotheres tristis,XC1147206-Common-Myna-20260619-01a-garden-Makham.wav,5,12.5,17.5,5,201.125,32000,dataset\segments\Acridotheres_tristis\XC1147206-Common-Myna-20260619-01a-garden-Makham_segment_0005.wav,train
XC1147206-Common-Myna-20260619-01a-garden-Makham_segment_0006.wav,XC1147206-Common-Myna-20260619-01a-garden-Makham,Common Myna,Acridotheres tristis,XC1147206-Common-Myna-20260619-01a-garden-Makham.wav,6,15.0,20.0,5,201.125,32000,dataset\segments\Acridotheres_tristis\XC1147206-Common-Myna-20260619-01a-garden-Makham_segment_0006.wav,train
XC1147206-Common-Myna-20260619-01a-garden-Makham_segment_0007.wav,XC1147206-Common-Myna-20260619-01a-garden-Makham,Common Myna,Acridotheres tristis,XC1147206-Common-Myna-20260619-01a-garden-Makham.wav,7,17.5,22.5,5,201.125,32000,dataset\segments\Acridotheres_tristis\XC1147206-Common-Myna-20260619-01a-garden-Makham_segment_0007.wav,train
XC1147206-Common-Myna-20260619-01a-garden-Makham_segment_0008.wav,XC1147206-Common-Myna-20260619-01a-garden-Makham,Common Myna,Acridotheres tristis,XC1147206-Common-Myna-20260619-01a-garden-Makham.wav,8,20.0,25.0,5,201.125,32000,dataset\segments\Acridotheres_tristis\XC1147206-Common-Myna-20260619-01a-garden-Makham_segment_0008.wav,train
XC1147206-Common-Myna-20260619-01a-garden-Makham_segment_0009.wav,XC1147206-Common-Myna-20260619-01a-garden-Makham,Common Myna,Acridotheres tristis,XC1147206-Common-Myna-20260619-01a-garden-Makham.wav,9,22.5,27.5,5,201.125,32000,dataset\segments\Acridotheres_tristis\XC1147206-Common-Myna-20260619-01a-garden-Makham_segment_0009.wav,train
XC1147206-Common-Myna-20260619-01a-garden-Makham_segment_0010.wav,XC1147206-Common-Myna-20260619-01a-garden-Makham,Common Myna,Acridotheres tristis,XC1147206-Common-Myna-20260619-01a-garden-Makham.wav,10,25.0,30.0,5,201.125,32000,dataset\segments\Acridotheres_tristis\XC1147206-Common-Myna-20260619-01a-garden-Makham_segment_0010.wav,train
XC1147206-Common-Myna-20260619-01a-garden-Makham_segment_0011.wav,XC1147206-Common-Myna-20260619-01a-garden-Makham,Common Myna,Acridotheres tristis,XC1147206-Common-Myna-20260619-01a-garden-Makham.wav,11,27.5,32.5,5,201.125,32000,dataset\segments\Acridotheres_tristis\XC1147206-Common-Myna-20260619-01a-garden-Makham_segment_0011.wav,train
XC1147206-Common-Myna-20260619-01a-garden-Makham_segment_0012.wav,XC1147206-Common-Myna-20260619-01a-garden-Makham,Common Myna,Acridotheres tristis,XC1147206-Common-Myna-20260619-01a-garden-Makham.wav,12,30.0,35.0,5,201.125,32000,dataset\segments\Acridotheres_tristis\XC1147206-Common-Myna-20260619-01a-garden-Makham_segment_0012.wav,train
XC1147206-Common-Myna-20260619-01a-garden-Makham_segment_0013.wav,XC1147206-Common-Myna-20260619-01a-garden-Makham,Common Myna,Acridotheres tristis,XC1147206-Common-Myna-20260619-01a-garden-Makham.wav,13,32.5,37.5,5,201.125,32000,dataset\segments\Acridotheres_tristis\XC1147206-Common-Myna-20260619-01a-garden-Makham_segment_0013.wav,train
XC1147206-Common-Myna-20260619-01a-garden-Makham_segment_0014.wav,XC1147206-Common-Myna-20260619-01a-garden-Makham,Common Myna,Acridotheres tristis,XC1147206-Common-Myna-20260619-01a-garden-Makham.wav,14,35.0,40.0,5,201.125,32000,dataset\segments\Acridotheres_tristis\XC1147206-Common-Myna-20260619-01a-garden-Makham_segment_0014.wav,train
XC1147206-Common-Myna-20260619-01a-garden-Makham_segment_0015.wav,XC1147206-Common-Myna-20260619-01a-garden-Makham,Common Myna,Acridotheres tristis,XC1147206-Common-Myna-20260619-01a-garden-Makham.wav,15,37.5,42.5,5,201.125,32000,dataset\segments\Acridotheres_tristis\XC1147206-Common-Myna-20260619-01a-garden-Makham_segment_0015.wav,train
XC1147206-Common-Myna-20260619-01a-garden-Makham_segment_0016.wav,XC1147206-Common-Myna-20260619-01a-garden-Makham,Common Myna,Acridotheres tristis,XC1147206-Common-Myna-20260619-01a-garden-Makham.wav,16,40.0,45.0,5,201.125,32000,dataset\segments\Acridotheres_tristis\XC1147206-Common-Myna-20260619-01a-garden-Makham_segment_0016.wav,train
XC1147206-Common-Myna-20260619-01a-garden-Makham_segment_0017.wav,XC1147206-Common-Myna-20260619-01a-garden-Makham,Common Myna,Acridotheres tristis,XC1147206-Common-Myna-20260619-01a-garden-Makham.wav,17,42.5,47.5,5,201.125,32000,dataset\segments\Acridotheres_tristis\XC1147206-Common-Myna-20260619-01a-garden-Makham_segment_0017.wav,train
XC1147206-Common-Myna-20260619-01a-garden-Makham_segment_0018.wav,XC1147206-Common-Myna-20260619-01a-garden-Makham,Common Myna,Acridotheres tristis,XC1147206-Common-Myna-20260619-01a-garden-Makham.wav,18,45.0,50.0,5,201.125,32000,dataset\segments\Acridotheres_tristis\XC1147206-Common-Myna-20260619-01a-garden-Makham_segment_0018.wav,train
XC1147206-Common-Myna-20260619-01a-garden-Makham_segment_0019.wav,XC1147206-Common-Myna-20260619-01a-garden-Makham,Common Myna,Acridotheres tristis,XC1147206-Common-Myna-20260619-01a-garden-Makham.wav,19,47.5,52.5,5,201.125,32000,dataset\segments\Acridotheres_tristis\XC1147206-Common-Myna-20260619-01a-garden-Makham_segment_0019.wav,train
XC1147206-Common-Myna-20260619-01a-garden-Makham_segment_0020.wav,XC1147206-Common-Myna-20260619-01a-garden-Makham,Common Myna,Acridotheres tristis,XC1147206-Common-Myna-20260619-01a-garden-Makham.wav,20,50.0,55.0,5,201.125,32000,dataset\segments\Acridotheres_tristis\XC1147206-Common-Myna-20260619-01a-garden-Makham_segment_0020.wav,train
XC1147206-Common-Myna-20260619-01a-garden-Makham_segment_0021.wav,XC1147206-Common-Myna-20260619-01a-garden-Makham,Common Myna,Acridotheres tristis,XC1147206-Common-Myna-20260619-01a-garden-Makham.wav,21,52.5,57.5,5,201.125,32000,dataset\segments\Acridotheres_tristis\XC1147206-Common-Myna-20260619-01a-garden-Makham_segment_0021.wav,train
XC1147206-Common-Myna-20260619-01a-garden-Makham_segment_0022.wav,XC1147206-Common-Myna-20260619-01a-garden-Makham,Common Myna,Acridotheres tristis,XC1147206-Common-Myna-20260619-01a-garden-Makham.wav,22,55.0,60.0,5,201.125,32000,dataset\segments\Acridotheres_tristis\XC1147206-Common-Myna-20260619-01a-garden-Makham_segment_0022.wav,train
XC1147206-Common-Myna-20260619-01a-garden-Makham_segment_0023.wav,XC1147206-Common-Myna-20260619-01a-garden-Makham,Common Myna,Acridotheres tristis,XC1147206-Common-Myna-20260619-01a-garden-Makham.wav,23,57.5,62.5,5,201.125,32000,dataset\segments\Acridotheres_tristis\XC1147206-Common-Myna-20260619-01a-garden-Makham_segment_0023.wav,train
XC1147206-Common-Myna-20260619-01a-garden-Makham_segment_0024.wav,XC1147206-Common-Myna-20260619-01a-garden-Makham,Common Myna,Acridotheres tristis,XC1147206-Common-Myna-20260619-01a-garden-Makham.wav,24,60.0,65.0,5,201.125,32000,dataset\segments\Acridotheres_tristis\XC1147206-Common-Myna-20260619-01a-garden-Makham_segment_0024.wav,train
XC1147206-Common-Myna-20260619-01a-garden-Makham_segment_0025.wav,XC1147206-Common-Myna-20260619-01a-garden-Makham,Common Myna,Acridotheres tristis,XC1147206-Common-Myna-20260619-01a-garden-Makham.wav,25,62.5,67.5,5,201.125,32000,dataset\segments\Acridotheres_tristis\XC1147206-Common-Myna-20260619-01a-garden-Makham_segment_0025.wav,train
XC1147206-Common-Myna-20260619-01a-garden-Makham_segment_0026.wav,XC1147206-Common-Myna-20260619-01a-garden-Makham,Common Myna,Acridotheres tristis,XC1147206-Common-Myna-20260619-01a-garden-Makham.wav,26,65.0,70.0,5,201.125,32000,dataset\segments\Acridotheres_tristis\XC1147206-Common-Myna-20260619-01a-garden-Makham_segment_0026.wav,train
XC1147206-Common-Myna-20260619-01a-garden-Makham_segment_0027.wav,XC1147206-Common-Myna-20260619-01a-garden-Makham,Common Myna,Acridotheres tristis,XC1147206-Common-Myna-20260619-01a-garden-Makham.wav,27,67.5,72.5,5,201.125,32000,dataset\segments\Acridotheres_tristis\XC1147206-Common-Myna-20260619-01a-garden-Makham_segment_0027.wav,train
XC1147206-Common-Myna-20260619-01a-garden-Makham_segment_0028.wav,XC1147206-Common-Myna-20260619-01a-garden-Makham,Common Myna,Acridotheres tristis,XC1147206-Common-Myna-20260619-01a-garden-Makham.wav,28,70.0,75.0,5,201.125,32000,dataset\segments\Acridotheres_tristis\XC1147206-Common-Myna-20260619-01a-garden-Makham_segment_0028.wav,train
XC1147206-Common-Myna-20260619-01a-garden-Makham_segment_0029.wav,XC1147206-Common-Myna-20260619-01a-garden-Makham,Common Myna,Acridotheres tristis,XC1147206-Common-Myna-20260619-01a-garden-Makham.wav,29,72.5,77.5,5,201.125,32000,dataset\segments\Acridotheres_tristis\XC1147206-Common-Myna-20260619-01a-garden-Makham_segment_0029.wav,train
XC1147206-Common-Myna-20260619-01a-garden-Makham_segment_0030.wav,XC1147206-Common-Myna-20260619-01a-garden-Makham,Common Myna,Acridotheres tristis,XC1147206-Common-Myna-20260619-01a-garden-Makham.wav,30,75.0,80.0,5,201.125,32000,dataset\segments\Acridotheres_tristis\XC1147206-Common-Myna-20260619-01a-garden-Makham_segment_0030.wav,train
XC1147206-Common-Myna-20260619-01a-garden-Makham_segment_0031.wav,XC1147206-Common-Myna-20260619-01a-garden-Makham,Common Myna,Acridotheres tristis,XC1147206-Common-Myna-20260619-01a-garden-Makham.wav,31,77.5,82.5,5,201.125,32000,dataset\segments\Acridotheres_tristis\XC1147206-Common-Myna-20260619-01a-garden-Makham_segment_0031.wav,train
XC1147206-Common-Myna-20260619-01a-garden-Makham_segment_0032.wav,XC1147206-Common-Myna-20260619-01a-garden-Makham,Common Myna,Acridotheres tristis,XC1147206-Common-Myna-20260619-01a-garden-Makham.wav,32,80.0,85.0,5,201.125,32000,dataset\segments\Acridotheres_tristis\XC1147206-Common-Myna-20260619-01a-garden-Makham_segment_0032.wav,train
XC1147206-Common-Myna-20260619-01a-garden-Makham_segment_0033.wav,XC1147206-Common-Myna-20260619-01a-garden-Makham,Common Myna,Acridotheres tristis,XC1147206-Common-Myna-20260619-01a-garden-Makham.wav,33,82.5,87.5,5,201.125,32000,dataset\segments\Acridotheres_tristis\XC1147206-Common-Myna-20260619-01a-garden-Makham_segment_0033.wav,train
XC1147206-Common-Myna-20260619-01a-garden-Makham_segment_0034.wav,XC1147206-Common-Myna-20260619-01a-garden-Makham,Common Myna,Acridotheres tristis,XC1147206-Common-Myna-20260619-01a-garden-Makham.wav,34,85.0,90.0,5,201.125,32000,dataset\segments\Acridotheres_tristis\XC1147206-Common-Myna-20260619-01a-garden-Makham_segment_0034.wav,train
XC1147206-Common-Myna-20260619-01a-garden-Makham_segment_0035.wav,XC1147206-Common-Myna-20260619-01a-garden-Makham,Common Myna,Acridotheres tristis,XC1147206-Common-Myna-20260619-01a-garden-Makham.wav,35,87.5,92.5,5,201.125,32000,dataset\segments\Acridotheres_tristis\XC1147206-Common-Myna-20260619-01a-garden-Makham_segment_0035.wav,train
XC1147206-Common-Myna-20260619-01a-garden-Makham_segment_0036.wav,XC1147206-Common-Myna-20260619-01a-garden-Makham,Common Myna,Acridotheres tristis,XC1147206-Common-Myna-20260619-01a-garden-Makham.wav,36,90.0,95.0,5,201.125,32000,dataset\segments\Acridotheres_tristis\XC1147206-Common-Myna-20260619-01a-garden-Makham_segment_0036.wav,train
XC1147206-Common-Myna-20260619-01a-garden-Makham_segment_0037.wav,XC1147206-Common-Myna-20260619-01a-garden-Makham,Common Myna,Acridotheres tristis,XC1147206-Common-Myna-20260619-01a-garden-Makham.wav,37,92.5,97.5,5,201.125,32000,dataset\segments\Acridotheres_tristis\XC1147206-Common-Myna-20260619-01a-garden-Makham_segment_0037.wav,train
XC1147206-Common-Myna-20260619-01a-garden-Makham_segment_0038.wav,XC1147206-Common-Myna-20260619-01a-garden-Makham,Common Myna,Acridotheres tristis,XC1147206-Common-Myna-20260619-01a-garden-Makham.wav,38,95.0,100.0,5,201.125,32000,dataset\segments\Acridotheres_tristis\XC1147206-Common-Myna-20260619-01a-garden-Makham_segment_0038.wav,train
XC1147206-Common-Myna-20260619-01a-garden-Makham_segment_0039.wav,XC1147206-Common-Myna-20260619-01a-garden-Makham,Common Myna,Acridotheres tristis,XC1147206-Common-Myna-20260619-01a-garden-Makham.wav,39,97.5,102.5,5,201.125,32000,dataset\segments\Acridotheres_tristis\XC1147206-Common-Myna-20260619-01a-garden-Makham_segment_0039.wav,train
XC1147206-Common-Myna-20260619-01a-garden-Makham_segment_0040.wav,XC1147206-Common-Myna-20260619-01a-garden-Makham,Common Myna,Acridotheres tristis,XC1147206-Common-Myna-20260619-01a-garden-Makham.wav,40,100.0,105.0,5,201.125,32000,dataset\segments\Acridotheres_tristis\XC1147206-Common-Myna-20260619-01a-garden-Makham_segment_0040.wav,train
XC1147206-Common-Myna-20260619-01a-garden-Makham_segment_0041.wav,XC1147206-Common-Myna-20260619-01a-garden-Makham,Common Myna,Acridotheres tristis,XC1147206-Common-Myna-20260619-01a-garden-Makham.wav,41,102.5,107.5,5,201.125,32000,dataset\segments\Acridotheres_tristis\XC1147206-Common-Myna-20260619-01a-garden-Makham_segment_0041.wav,train
XC1147206-Common-Myna-20260619-01a-garden-Makham_segment_0042.wav,XC1147206-Common-Myna-20260619-01a-garden-Makham,Common Myna,Acridotheres tristis,XC1147206-Common-Myna-20260619-01a-garden-Makham.wav,42,105.0,110.0,5,201.125,32000,dataset\segments\Acridotheres_tristis\XC1147206-Common-Myna-20260619-01a-garden-Makham_segment_0042.wav,train
XC1147206-Common-Myna-20260619-01a-garden-Makham_segment_0043.wav,XC1147206-Common-Myna-20260619-01a-garden-Makham,Common Myna,Acridotheres tristis,XC1147206-Common-Myna-20260619-01a-garden-Makham.wav,43,107.5,112.5,5,201.125,32000,dataset\segments\Acridotheres_tristis\XC1147206-Common-Myna-20260619-01a-garden-Makham_segment_0043.wav,train
XC1147206-Common-Myna-20260619-01a-garden-Makham_segment_0044.wav,XC1147206-Common-Myna-20260619-01a-garden-Makham,Common Myna,Acridotheres tristis,XC1147206-Common-Myna-20260619-01a-garden-Makham.wav,44,110.0,115.0,5,201.125,32000,dataset\segments\Acridotheres_tristis\XC1147206-Common-Myna-20260619-01a-garden-Makham_segment_0044.wav,train
XC1147206-Common-Myna-20260619-01a-garden-Makham_segment_0045.wav,XC1147206-Common-Myna-20260619-01a-garden-Makham,Common Myna,Acridotheres tristis,XC1147206-Common-Myna-20260619-01a-garden-Makham.wav,45,112.5,117.5,5,201.125,32000,dataset\segments\Acridotheres_tristis\XC1147206-Common-Myna-20260619-01a-garden-Makham_segment_0045.wav,train
XC1147206-Common-Myna-20260619-01a-garden-Makham_segment_0046.wav,XC1147206-Common-Myna-20260619-01a-garden-Makham,Common Myna,Acridotheres tristis,XC1147206-Common-Myna-20260619-01a-garden-Makham.wav,46,115.0,120.0,5,201.125,32000,dataset\segments\Acridotheres_tristis\XC1147206-Common-Myna-20260619-01a-garden-Makham_segment_0046.wav,train
XC1147206-Common-Myna-20260619-01a-garden-Makham_segment_0047.wav,XC1147206-Common-Myna-20260619-01a-garden-Makham,Common Myna,Acridotheres tristis,XC1147206-Common-Myna-20260619-01a-garden-Makham.wav,47,117.5,122.5,5,201.125,32000,dataset\segments\Acridotheres_tristis\XC1147206-Common-Myna-20260619-01a-garden-Makham_segment_0047.wav,train
XC1147206-Common-Myna-20260619-01a-garden-Makham_segment_0048.wav,XC1147206-Common-Myna-20260619-01a-garden-Makham,Common Myna,Acridotheres tristis,XC1147206-Common-Myna-20260619-01a-garden-Makham.wav,48,120.0,125.0,5,201.125,32000,dataset\segments\Acridotheres_tristis\XC1147206-Common-Myna-20260619-01a-garden-Makham_segment_0048.wav,train
XC1147206-Common-Myna-20260619-01a-garden-Makham_segment_0049.wav,XC1147206-Common-Myna-20260619-01a-garden-Makham,Common Myna,Acridotheres tristis,XC1147206-Common-Myna-20260619-01a-garden-Makham.wav,49,122.5,127.5,5,201.125,32000,dataset\segments\Acridotheres_tristis\XC1147206-Common-Myna-20260619-01a-garden-Makham_segment_0049.wav,train
XC1147206-Common-Myna-20260619-01a-garden-Makham_segment_0050.wav,XC1147206-Common-Myna-20260619-01a-garden-Makham,Common Myna,Acridotheres tristis,XC1147206-Common-Myna-20260619-01a-garden-Makham.wav,50,125.0,130.0,5,201.125,32000,dataset\segments\Acridotheres_tristis\XC1147206-Common-Myna-20260619-01a-garden-Makham_segment_0050.wav,train
XC1147206-Common-Myna-20260619-01a-garden-Makham_segment_0051.wav,XC1147206-Common-Myna-20260619-01a-garden-Makham,Common Myna,Acridotheres tristis,XC1147206-Common-Myna-20260619-01a-garden-Makham.wav,51,127.5,132.5,5,201.125,32000,dataset\segments\Acridotheres_tristis\XC1147206-Common-Myna-20260619-01a-garden-Makham_segment_0051.wav,train
XC1147206-Common-Myna-20260619-01a-garden-Makham_segment_0052.wav,XC1147206-Common-Myna-20260619-01a-garden-Makham,Common Myna,Acridotheres tristis,XC1147206-Common-Myna-20260619-01a-garden-Makham.wav,52,130.0,135.0,5,201.125,32000,dataset\segments\Acridotheres_tristis\XC1147206-Common-Myna-20260619-01a-garden-Makham_segment_0052.wav,train
XC1147206-Common-Myna-20260619-01a-garden-Makham_segment_0053.wav,XC1147206-Common-Myna-20260619-01a-garden-Makham,Common Myna,Acridotheres tristis,XC1147206-Common-Myna-20260619-01a-garden-Makham.wav,53,132.5,137.5,5,201.125,32000,dataset\segments\Acridotheres_tristis\XC1147206-Common-Myna-20260619-01a-garden-Makham_segment_0053.wav,train
XC1147206-Common-Myna-20260619-01a-garden-Makham_segment_0054.wav,XC1147206-Common-Myna-20260619-01a-garden-Makham,Common Myna,Acridotheres tristis,XC1147206-Common-Myna-20260619-01a-garden-Makham.wav,54,135.0,140.0,5,201.125,32000,dataset\segments\Acridotheres_tristis\XC1147206-Common-Myna-20260619-01a-garden-Makham_segment_0054.wav,train
XC1147206-Common-Myna-20260619-01a-garden-Makham_segment_0055.wav,XC1147206-Common-Myna-20260619-01a-garden-Makham,Common Myna,Acridotheres tristis,XC1147206-Common-Myna-20260619-01a-garden-Makham.wav,55,137.5,142.5,5,201.125,32000,dataset\segments\Acridotheres_tristis\XC1147206-Common-Myna-20260619-01a-garden-Makham_segment_0055.wav,train
XC1147206-Common-Myna-20260619-01a-garden-Makham_segment_0056.wav,XC1147206-Common-Myna-20260619-01a-garden-Makham,Common Myna,Acridotheres tristis,XC1147206-Common-Myna-20260619-01a-garden-Makham.wav,56,140.0,145.0,5,201.125,32000,dataset\segments\Acridotheres_tristis\XC1147206-Common-Myna-20260619-01a-garden-Makham_segment_0056.wav,train
XC1147206-Common-Myna-20260619-01a-garden-Makham_segment_0057.wav,XC1147206-Common-Myna-20260619-01a-garden-Makham,Common Myna,Acridotheres tristis,XC1147206-Common-Myna-20260619-01a-garden-Makham.wav,57,142.5,147.5,5,201.125,32000,dataset\segments\Acridotheres_tristis\XC1147206-Common-Myna-20260619-01a-garden-Makham_segment_0057.wav,train
XC1147206-Common-Myna-20260619-01a-garden-Makham_segment_0058.wav,XC1147206-Common-Myna-20260619-01a-garden-Makham,Common Myna,Acridotheres tristis,XC1147206-Common-Myna-20260619-01a-garden-Makham.wav,58,145.0,150.0,5,201.125,32000,dataset\segments\Acridotheres_tristis\XC1147206-Common-Myna-20260619-01a-garden-Makham_segment_0058.wav,train
XC1147206-Common-Myna-20260619-01a-garden-Makham_segment_0059.wav,XC1147206-Common-Myna-20260619-01a-garden-Makham,Common Myna,Acridotheres tristis,XC1147206-Common-Myna-20260619-01a-garden-Makham.wav,59,147.5,152.5,5,201.125,32000,dataset\segments\Acridotheres_tristis\XC1147206-Common-Myna-20260619-01a-garden-Makham_segment_0059.wav,train
XC1147206-Common-Myna-20260619-01a-garden-Makham_segment_0060.wav,XC1147206-Common-Myna-20260619-01a-garden-Makham,Common Myna,Acridotheres tristis,XC1147206-Common-Myna-20260619-01a-garden-Makham.wav,60,150.0,155.0,5,201.125,32000,dataset\segments\Acridotheres_tristis\XC1147206-Common-Myna-20260619-01a-garden-Makham_segment_0060.wav,train
XC1147206-Common-Myna-20260619-01a-garden-Makham_segment_0061.wav,XC1147206-Common-Myna-20260619-01a-garden-Makham,Common Myna,Acridotheres tristis,XC1147206-Common-Myna-20260619-01a-garden-Makham.wav,61,152.5,157.5,5,201.125,32000,dataset\segments\Acridotheres_tristis\XC1147206-Common-Myna-20260619-01a-garden-Makham_segment_0061.wav,train
XC1147206-Common-Myna-20260619-01a-garden-Makham_segment_0062.wav,XC1147206-Common-Myna-20260619-01a-garden-Makham,Common Myna,Acridotheres tristis,XC1147206-Common-Myna-20260619-01a-garden-Makham.wav,62,155.0,160.0,5,201.125,32000,dataset\segments\Acridotheres_tristis\XC1147206-Common-Myna-20260619-01a-garden-Makham_segment_0062.wav,train
XC1147206-Common-Myna-20260619-01a-garden-Makham_segment_0063.wav,XC1147206-Common-Myna-20260619-01a-garden-Makham,Common Myna,Acridotheres tristis,XC1147206-Common-Myna-20260619-01a-garden-Makham.wav,63,157.5,162.5,5,201.125,32000,dataset\segments\Acridotheres_tristis\XC1147206-Common-Myna-20260619-01a-garden-Makham_segment_0063.wav,train
XC1147206-Common-Myna-20260619-01a-garden-Makham_segment_0064.wav,XC1147206-Common-Myna-20260619-01a-garden-Makham,Common Myna,Acridotheres tristis,XC1147206-Common-Myna-20260619-01a-garden-Makham.wav,64,160.0,165.0,5,201.125,32000,dataset\segments\Acridotheres_tristis\XC1147206-Common-Myna-20260619-01a-garden-Makham_segment_0064.wav,train
XC1147206-Common-Myna-20260619-01a-garden-Makham_segment_0065.wav,XC1147206-Common-Myna-20260619-01a-garden-Makham,Common Myna,Acridotheres tristis,XC1147206-Common-Myna-20260619-01a-garden-Makham.wav,65,162.5,167.5,5,201.125,32000,dataset\segments\Acridotheres_tristis\XC1147206-Common-Myna-20260619-01a-garden-Makham_segment_0065.wav,train
XC1147206-Common-Myna-20260619-01a-garden-Makham_segment_0066.wav,XC1147206-Common-Myna-20260619-01a-garden-Makham,Common Myna,Acridotheres tristis,XC1147206-Common-Myna-20260619-01a-garden-Makham.wav,66,165.0,170.0,5,201.125,32000,dataset\segments\Acridotheres_tristis\XC1147206-Common-Myna-20260619-01a-garden-Makham_segment_0066.wav,train
XC1147206-Common-Myna-20260619-01a-garden-Makham_segment_0067.wav,XC1147206-Common-Myna-20260619-01a-garden-Makham,Common Myna,Acridotheres tristis,XC1147206-Common-Myna-20260619-01a-garden-Makham.wav,67,167.5,172.5,5,201.125,32000,dataset\segments\Acridotheres_tristis\XC1147206-Common-Myna-20260619-01a-garden-Makham_segment_0067.wav,train
XC1147206-Common-Myna-20260619-01a-garden-Makham_segment_0068.wav,XC1147206-Common-Myna-20260619-01a-garden-Makham,Common Myna,Acridotheres tristis,XC1147206-Common-Myna-20260619-01a-garden-Makham.wav,68,170.0,175.0,5,201.125,32000,dataset\segments\Acridotheres_tristis\XC1147206-Common-Myna-20260619-01a-garden-Makham_segment_0068.wav,train
XC1147206-Common-Myna-20260619-01a-garden-Makham_segment_0069.wav,XC1147206-Common-Myna-20260619-01a-garden-Makham,Common Myna,Acridotheres tristis,XC1147206-Common-Myna-20260619-01a-garden-Makham.wav,69,172.5,177.5,5,201.125,32000,dataset\segments\Acridotheres_tristis\XC1147206-Common-Myna-20260619-01a-garden-Makham_segment_0069.wav,train
XC1147206-Common-Myna-20260619-01a-garden-Makham_segment_0070.wav,XC1147206-Common-Myna-20260619-01a-garden-Makham,Common Myna,Acridotheres tristis,XC1147206-Common-Myna-20260619-01a-garden-Makham.wav,70,175.0,180.0,5,201.125,32000,dataset\segments\Acridotheres_tristis\XC1147206-Common-Myna-20260619-01a-garden-Makham_segment_0070.wav,train
XC1147206-Common-Myna-20260619-01a-garden-Makham_segment_0071.wav,XC1147206-Common-Myna-20260619-01a-garden-Makham,Common Myna,Acridotheres tristis,XC1147206-Common-Myna-20260619-01a-garden-Makham.wav,71,177.5,182.5,5,201.125,32000,dataset\segments\Acridotheres_tristis\XC1147206-Common-Myna-20260619-01a-garden-Makham_segment_0071.wav,train
XC1147206-Common-Myna-20260619-01a-garden-Makham_segment_0072.wav,XC1147206-Common-Myna-20260619-01a-garden-Makham,Common Myna,Acridotheres tristis,XC1147206-Common-Myna-20260619-01a-garden-Makham.wav,72,180.0,185.0,5,201.125,32000,dataset\segments\Acridotheres_tristis\XC1147206-Common-Myna-20260619-01a-garden-Makham_segment_0072.wav,train
XC1147206-Common-Myna-20260619-01a-garden-Makham_segment_0073.wav,XC1147206-Common-Myna-20260619-01a-garden-Makham,Common Myna,Acridotheres tristis,XC1147206-Common-Myna-20260619-01a-garden-Makham.wav,73,182.5,187.5,5,201.125,32000,dataset\segments\Acridotheres_tristis\XC1147206-Common-Myna-20260619-01a-garden-Makham_segment_0073.wav,train
XC1147206-Common-Myna-20260619-01a-garden-Makham_segment_0074.wav,XC1147206-Common-Myna-20260619-01a-garden-Makham,Common Myna,Acridotheres tristis,XC1147206-Common-Myna-20260619-01a-garden-Makham.wav,74,185.0,190.0,5,201.125,32000,dataset\segments\Acridotheres_tristis\XC1147206-Common-Myna-20260619-01a-garden-Makham_segment_0074.wav,train
XC1147206-Common-Myna-20260619-01a-garden-Makham_segment_0075.wav,XC1147206-Common-Myna-20260619-01a-garden-Makham,Common Myna,Acridotheres tristis,XC1147206-Common-Myna-20260619-01a-garden-Makham.wav,75,187.5,192.5,5,201.125,32000,dataset\segments\Acridotheres_tristis\XC1147206-Common-Myna-20260619-01a-garden-Makham_segment_0075.wav,train
XC1147206-Common-Myna-20260619-01a-garden-Makham_segment_0076.wav,XC1147206-Common-Myna-20260619-01a-garden-Makham,Common Myna,Acridotheres tristis,XC1147206-Common-Myna-20260619-01a-garden-Makham.wav,76,190.0,195.0,5,201.125,32000,dataset\segments\Acridotheres_tristis\XC1147206-Common-Myna-20260619-01a-garden-Makham_segment_0076.wav,train
XC1147206-Common-Myna-20260619-01a-garden-Makham_segment_0077.wav,XC1147206-Common-Myna-20260619-01a-garden-Makham,Common Myna,Acridotheres tristis,XC1147206-Common-Myna-20260619-01a-garden-Makham.wav,77,192.5,197.5,5,201.125,32000,dataset\segments\Acridotheres_tristis\XC1147206-Common-Myna-20260619-01a-garden-Makham_segment_0077.wav,train
XC1147206-Common-Myna-20260619-01a-garden-Makham_segment_0078.wav,XC1147206-Common-Myna-20260619-01a-garden-Makham,Common Myna,Acridotheres tristis,XC1147206-Common-Myna-20260619-01a-garden-Makham.wav,78,195.0,200.0,5,201.125,32000,dataset\segments\Acridotheres_tristis\XC1147206-Common-Myna-20260619-01a-garden-Makham_segment_0078.wav,train
XC1148050-Common-Myna-20260620-01b-garden-Makham_segment_0000.wav,XC1148050-Common-Myna-20260620-01b-garden-Makham,Common Myna,Acridotheres tristis,XC1148050-Common-Myna-20260620-01b-garden-Makham.wav,0,0.0,5.0,5,72.358,32000,dataset\segments\Acridotheres_tristis\XC1148050-Common-Myna-20260620-01b-garden-Makham_segment_0000.wav,train
XC1148050-Common-Myna-20260620-01b-garden-Makham_segment_0001.wav,XC1148050-Common-Myna-20260620-01b-garden-Makham,Common Myna,Acridotheres tristis,XC1148050-Common-Myna-20260620-01b-garden-Makham.wav,1,2.5,7.5,5,72.358,32000,dataset\segments\Acridotheres_tristis\XC1148050-Common-Myna-20260620-01b-garden-Makham_segment_0001.wav,train
XC1148050-Common-Myna-20260620-01b-garden-Makham_segment_0002.wav,XC1148050-Common-Myna-20260620-01b-garden-Makham,Common Myna,Acridotheres tristis,XC1148050-Common-Myna-20260620-01b-garden-Makham.wav,2,5.0,10.0,5,72.358,32000,dataset\segments\Acridotheres_tristis\XC1148050-Common-Myna-20260620-01b-garden-Makham_segment_0002.wav,train
XC1148050-Common-Myna-20260620-01b-garden-Makham_segment_0003.wav,XC1148050-Common-Myna-20260620-01b-garden-Makham,Common Myna,Acridotheres tristis,XC1148050-Common-Myna-20260620-01b-garden-Makham.wav,3,7.5,12.5,5,72.358,32000,dataset\segments\Acridotheres_tristis\XC1148050-Common-Myna-20260620-01b-garden-Makham_segment_0003.wav,train
XC1148050-Common-Myna-20260620-01b-garden-Makham_segment_0004.wav,XC1148050-Common-Myna-20260620-01b-garden-Makham,Common Myna,Acridotheres tristis,XC1148050-Common-Myna-20260620-01b-garden-Makham.wav,4,10.0,15.0,5,72.358,32000,dataset\segments\Acridotheres_tristis\XC1148050-Common-Myna-20260620-01b-garden-Makham_segment_0004.wav,train
XC1148050-Common-Myna-20260620-01b-garden-Makham_segment_0005.wav,XC1148050-Common-Myna-20260620-01b-garden-Makham,Common Myna,Acridotheres tristis,XC1148050-Common-Myna-20260620-01b-garden-Makham.wav,5,12.5,17.5,5,72.358,32000,dataset\segments\Acridotheres_tristis\XC1148050-Common-Myna-20260620-01b-garden-Makham_segment_0005.wav,train
XC1148050-Common-Myna-20260620-01b-garden-Makham_segment_0006.wav,XC1148050-Common-Myna-20260620-01b-garden-Makham,Common Myna,Acridotheres tristis,XC1148050-Common-Myna-20260620-01b-garden-Makham.wav,6,15.0,20.0,5,72.358,32000,dataset\segments\Acridotheres_tristis\XC1148050-Common-Myna-20260620-01b-garden-Makham_segment_0006.wav,train
XC1148050-Common-Myna-20260620-01b-garden-Makham_segment_0007.wav,XC1148050-Common-Myna-20260620-01b-garden-Makham,Common Myna,Acridotheres tristis,XC1148050-Common-Myna-20260620-01b-garden-Makham.wav,7,17.5,22.5,5,72.358,32000,dataset\segments\Acridotheres_tristis\XC1148050-Common-Myna-20260620-01b-garden-Makham_segment_0007.wav,train
XC1148050-Common-Myna-20260620-01b-garden-Makham_segment_0008.wav,XC1148050-Common-Myna-20260620-01b-garden-Makham,Common Myna,Acridotheres tristis,XC1148050-Common-Myna-20260620-01b-garden-Makham.wav,8,20.0,25.0,5,72.358,32000,dataset\segments\Acridotheres_tristis\XC1148050-Common-Myna-20260620-01b-garden-Makham_segment_0008.wav,train
XC1148050-Common-Myna-20260620-01b-garden-Makham_segment_0009.wav,XC1148050-Common-Myna-20260620-01b-garden-Makham,Common Myna,Acridotheres tristis,XC1148050-Common-Myna-20260620-01b-garden-Makham.wav,9,22.5,27.5,5,72.358,32000,dataset\segments\Acridotheres_tristis\XC1148050-Common-Myna-20260620-01b-garden-Makham_segment_0009.wav,train
XC1148050-Common-Myna-20260620-01b-garden-Makham_segment_0010.wav,XC1148050-Common-Myna-20260620-01b-garden-Makham,Common Myna,Acridotheres tristis,XC1148050-Common-Myna-20260620-01b-garden-Makham.wav,10,25.0,30.0,5,72.358,32000,dataset\segments\Acridotheres_tristis\XC1148050-Common-Myna-20260620-01b-garden-Makham_segment_0010.wav,train
XC1148050-Common-Myna-20260620-01b-garden-Makham_segment_0011.wav,XC1148050-Common-Myna-20260620-01b-garden-Makham,Common Myna,Acridotheres tristis,XC1148050-Common-Myna-20260620-01b-garden-Makham.wav,11,27.5,32.5,5,72.358,32000,dataset\segments\Acridotheres_tristis\XC1148050-Common-Myna-20260620-01b-garden-Makham_segment_0011.wav,train
XC1148050-Common-Myna-20260620-01b-garden-Makham_segment_0012.wav,XC1148050-Common-Myna-20260620-01b-garden-Makham,Common Myna,Acridotheres tristis,XC1148050-Common-Myna-20260620-01b-garden-Makham.wav,12,30.0,35.0,5,72.358,32000,dataset\segments\Acridotheres_tristis\XC1148050-Common-Myna-20260620-01b-garden-Makham_segment_0012.wav,train
XC1148050-Common-Myna-20260620-01b-garden-Makham_segment_0013.wav,XC1148050-Common-Myna-20260620-01b-garden-Makham,Common Myna,Acridotheres tristis,XC1148050-Common-Myna-20260620-01b-garden-Makham.wav,13,32.5,37.5,5,72.358,32000,dataset\segments\Acridotheres_tristis\XC1148050-Common-Myna-20260620-01b-garden-Makham_segment_0013.wav,train
XC1148050-Common-Myna-20260620-01b-garden-Makham_segment_0014.wav,XC1148050-Common-Myna-20260620-01b-garden-Makham,Common Myna,Acridotheres tristis,XC1148050-Common-Myna-20260620-01b-garden-Makham.wav,14,35.0,40.0,5,72.358,32000,dataset\segments\Acridotheres_tristis\XC1148050-Common-Myna-20260620-01b-garden-Makham_segment_0014.wav,train
XC1148050-Common-Myna-20260620-01b-garden-Makham_segment_0015.wav,XC1148050-Common-Myna-20260620-01b-garden-Makham,Common Myna,Acridotheres tristis,XC1148050-Common-Myna-20260620-01b-garden-Makham.wav,15,37.5,42.5,5,72.358,32000,dataset\segments\Acridotheres_tristis\XC1148050-Common-Myna-20260620-01b-garden-Makham_segment_0015.wav,train
XC1148050-Common-Myna-20260620-01b-garden-Makham_segment_0016.wav,XC1148050-Common-Myna-20260620-01b-garden-Makham,Common Myna,Acridotheres tristis,XC1148050-Common-Myna-20260620-01b-garden-Makham.wav,16,40.0,45.0,5,72.358,32000,dataset\segments\Acridotheres_tristis\XC1148050-Common-Myna-20260620-01b-garden-Makham_segment_0016.wav,train
XC1148050-Common-Myna-20260620-01b-garden-Makham_segment_0017.wav,XC1148050-Common-Myna-20260620-01b-garden-Makham,Common Myna,Acridotheres tristis,XC1148050-Common-Myna-20260620-01b-garden-Makham.wav,17,42.5,47.5,5,72.358,32000,dataset\segments\Acridotheres_tristis\XC1148050-Common-Myna-20260620-01b-garden-Makham_segment_0017.wav,train
XC1148050-Common-Myna-20260620-01b-garden-Makham_segment_0018.wav,XC1148050-Common-Myna-20260620-01b-garden-Makham,Common Myna,Acridotheres tristis,XC1148050-Common-Myna-20260620-01b-garden-Makham.wav,18,45.0,50.0,5,72.358,32000,dataset\segments\Acridotheres_tristis\XC1148050-Common-Myna-20260620-01b-garden-Makham_segment_0018.wav,train
XC1148050-Common-Myna-20260620-01b-garden-Makham_segment_0019.wav,XC1148050-Common-Myna-20260620-01b-garden-Makham,Common Myna,Acridotheres tristis,XC1148050-Common-Myna-20260620-01b-garden-Makham.wav,19,47.5,52.5,5,72.358,32000,dataset\segments\Acridotheres_tristis\XC1148050-Common-Myna-20260620-01b-garden-Makham_segment_0019.wav,train
XC1148050-Common-Myna-20260620-01b-garden-Makham_segment_0020.wav,XC1148050-Common-Myna-20260620-01b-garden-Makham,Common Myna,Acridotheres tristis,XC1148050-Common-Myna-20260620-01b-garden-Makham.wav,20,50.0,55.0,5,72.358,32000,dataset\segments\Acridotheres_tristis\XC1148050-Common-Myna-20260620-01b-garden-Makham_segment_0020.wav,train
XC1148050-Common-Myna-20260620-01b-garden-Makham_segment_0021.wav,XC1148050-Common-Myna-20260620-01b-garden-Makham,Common Myna,Acridotheres tristis,XC1148050-Common-Myna-20260620-01b-garden-Makham.wav,21,52.5,57.5,5,72.358,32000,dataset\segments\Acridotheres_tristis\XC1148050-Common-Myna-20260620-01b-garden-Makham_segment_0021.wav,train
XC1148050-Common-Myna-20260620-01b-garden-Makham_segment_0022.wav,XC1148050-Common-Myna-20260620-01b-garden-Makham,Common Myna,Acridotheres tristis,XC1148050-Common-Myna-20260620-01b-garden-Makham.wav,22,55.0,60.0,5,72.358,32000,dataset\segments\Acridotheres_tristis\XC1148050-Common-Myna-20260620-01b-garden-Makham_segment_0022.wav,train
XC1148050-Common-Myna-20260620-01b-garden-Makham_segment_0023.wav,XC1148050-Common-Myna-20260620-01b-garden-Makham,Common Myna,Acridotheres tristis,XC1148050-Common-Myna-20260620-01b-garden-Makham.wav,23,57.5,62.5,5,72.358,32000,dataset\segments\Acridotheres_tristis\XC1148050-Common-Myna-20260620-01b-garden-Makham_segment_0023.wav,train
XC1148050-Common-Myna-20260620-01b-garden-Makham_segment_0024.wav,XC1148050-Common-Myna-20260620-01b-garden-Makham,Common Myna,Acridotheres tristis,XC1148050-Common-Myna-20260620-01b-garden-Makham.wav,24,60.0,65.0,5,72.358,32000,dataset\segments\Acridotheres_tristis\XC1148050-Common-Myna-20260620-01b-garden-Makham_segment_0024.wav,train
XC1148050-Common-Myna-20260620-01b-garden-Makham_segment_0025.wav,XC1148050-Common-Myna-20260620-01b-garden-Makham,Common Myna,Acridotheres tristis,XC1148050-Common-Myna-20260620-01b-garden-Makham.wav,25,62.5,67.5,5,72.358,32000,dataset\segments\Acridotheres_tristis\XC1148050-Common-Myna-20260620-01b-garden-Makham_segment_0025.wav,train
XC1148050-Common-Myna-20260620-01b-garden-Makham_segment_0026.wav,XC1148050-Common-Myna-20260620-01b-garden-Makham,Common Myna,Acridotheres tristis,XC1148050-Common-Myna-20260620-01b-garden-Makham.wav,26,65.0,70.0,5,72.358,32000,dataset\segments\Acridotheres_tristis\XC1148050-Common-Myna-20260620-01b-garden-Makham_segment_0026.wav,train
"XC1151967-Common-Myna-call-very-good-2026-06-27-Khor-Kalba-and-Mangrove-Centre,-Sharjah,-UAE_SoundDevices702_Telinga9_1787_edited_segment_0000.wav","XC1151967-Common-Myna-call-very-good-2026-06-27-Khor-Kalba-and-Mangrove-Centre,-Sharjah,-UAE_SoundDevices702_Telinga9_1787_edited",Common Myna,Acridotheres tristis,"XC1151967-Common-Myna-call-very-good-2026-06-27-Khor-Kalba-and-Mangrove-Centre,-Sharjah,-UAE_SoundDevices702_Telinga9_1787_edited.wav",0,0.0,5.0,5,18.592,32000,"dataset\segments\Acridotheres_tristis\XC1151967-Common-Myna-call-very-good-2026-06-27-Khor-Kalba-and-Mangrove-Centre,-Sharjah,-UAE_SoundDevices702_Telinga9_1787_edited_segment_0000.wav",train
"XC1151967-Common-Myna-call-very-good-2026-06-27-Khor-Kalba-and-Mangrove-Centre,-Sharjah,-UAE_SoundDevices702_Telinga9_1787_edited_segment_0001.wav","XC1151967-Common-Myna-call-very-good-2026-06-27-Khor-Kalba-and-Mangrove-Centre,-Sharjah,-UAE_SoundDevices702_Telinga9_1787_edited",Common Myna,Acridotheres tristis,"XC1151967-Common-Myna-call-very-good-2026-06-27-Khor-Kalba-and-Mangrove-Centre,-Sharjah,-UAE_SoundDevices702_Telinga9_1787_edited.wav",1,2.5,7.5,5,18.592,32000,"dataset\segments\Acridotheres_tristis\XC1151967-Common-Myna-call-very-good-2026-06-27-Khor-Kalba-and-Mangrove-Centre,-Sharjah,-UAE_SoundDevices702_Telinga9_1787_edited_segment_0001.wav",train
"XC1151967-Common-Myna-call-very-good-2026-06-27-Khor-Kalba-and-Mangrove-Centre,-Sharjah,-UAE_SoundDevices702_Telinga9_1787_edited_segment_0002.wav","XC1151967-Common-Myna-call-very-good-2026-06-27-Khor-Kalba-and-Mangrove-Centre,-Sharjah,-UAE_SoundDevices702_Telinga9_1787_edited",Common Myna,Acridotheres tristis,"XC1151967-Common-Myna-call-very-good-2026-06-27-Khor-Kalba-and-Mangrove-Centre,-Sharjah,-UAE_SoundDevices702_Telinga9_1787_edited.wav",2,5.0,10.0,5,18.592,32000,"dataset\segments\Acridotheres_tristis\XC1151967-Common-Myna-call-very-good-2026-06-27-Khor-Kalba-and-Mangrove-Centre,-Sharjah,-UAE_SoundDevices702_Telinga9_1787_edited_segment_0002.wav",train
"XC1151967-Common-Myna-call-very-good-2026-06-27-Khor-Kalba-and-Mangrove-Centre,-Sharjah,-UAE_SoundDevices702_Telinga9_1787_edited_segment_0003.wav","XC1151967-Common-Myna-call-very-good-2026-06-27-Khor-Kalba-and-Mangrove-Centre,-Sharjah,-UAE_SoundDevices702_Telinga9_1787_edited",Common Myna,Acridotheres tristis,"XC1151967-Common-Myna-call-very-good-2026-06-27-Khor-Kalba-and-Mangrove-Centre,-Sharjah,-UAE_SoundDevices702_Telinga9_1787_edited.wav",3,7.5,12.5,5,18.592,32000,"dataset\segments\Acridotheres_tristis\XC1151967-Common-Myna-call-very-good-2026-06-27-Khor-Kalba-and-Mangrove-Centre,-Sharjah,-UAE_SoundDevices702_Telinga9_1787_edited_segment_0003.wav",train
"XC1151967-Common-Myna-call-very-good-2026-06-27-Khor-Kalba-and-Mangrove-Centre,-Sharjah,-UAE_SoundDevices702_Telinga9_1787_edited_segment_0004.wav","XC1151967-Common-Myna-call-very-good-2026-06-27-Khor-Kalba-and-Mangrove-Centre,-Sharjah,-UAE_SoundDevices702_Telinga9_1787_edited",Common Myna,Acridotheres tristis,"XC1151967-Common-Myna-call-very-good-2026-06-27-Khor-Kalba-and-Mangrove-Centre,-Sharjah,-UAE_SoundDevices702_Telinga9_1787_edited.wav",4,10.0,15.0,5,18.592,32000,"dataset\segments\Acridotheres_tristis\XC1151967-Common-Myna-call-very-good-2026-06-27-Khor-Kalba-and-Mangrove-Centre,-Sharjah,-UAE_SoundDevices702_Telinga9_1787_edited_segment_0004.wav",train
"XC1151967-Common-Myna-call-very-good-2026-06-27-Khor-Kalba-and-Mangrove-Centre,-Sharjah,-UAE_SoundDevices702_Telinga9_1787_edited_segment_0005.wav","XC1151967-Common-Myna-call-very-good-2026-06-27-Khor-Kalba-and-Mangrove-Centre,-Sharjah,-UAE_SoundDevices702_Telinga9_1787_edited",Common Myna,Acridotheres tristis,"XC1151967-Common-Myna-call-very-good-2026-06-27-Khor-Kalba-and-Mangrove-Centre,-Sharjah,-UAE_SoundDevices702_Telinga9_1787_edited.wav",5,12.5,17.5,5,18.592,32000,"dataset\segments\Acridotheres_tristis\XC1151967-Common-Myna-call-very-good-2026-06-27-Khor-Kalba-and-Mangrove-Centre,-Sharjah,-UAE_SoundDevices702_Telinga9_1787_edited_segment_0005.wav",train
"XC1155674-Common-Myna-call-juvenile-very-good-Jumeirah-Village-Triangle,-Dubai-UAE_SoundDevices702_Telinga9_1973_edited_segment_0000.wav","XC1155674-Common-Myna-call-juvenile-very-good-Jumeirah-Village-Triangle,-Dubai-UAE_SoundDevices702_Telinga9_1973_edited",Common Myna,Acridotheres tristis,"XC1155674-Common-Myna-call-juvenile-very-good-Jumeirah-Village-Triangle,-Dubai-UAE_SoundDevices702_Telinga9_1973_edited.wav",0,0.0,5.0,5,40.027,32000,"dataset\segments\Acridotheres_tristis\XC1155674-Common-Myna-call-juvenile-very-good-Jumeirah-Village-Triangle,-Dubai-UAE_SoundDevices702_Telinga9_1973_edited_segment_0000.wav",train
"XC1155674-Common-Myna-call-juvenile-very-good-Jumeirah-Village-Triangle,-Dubai-UAE_SoundDevices702_Telinga9_1973_edited_segment_0001.wav","XC1155674-Common-Myna-call-juvenile-very-good-Jumeirah-Village-Triangle,-Dubai-UAE_SoundDevices702_Telinga9_1973_edited",Common Myna,Acridotheres tristis,"XC1155674-Common-Myna-call-juvenile-very-good-Jumeirah-Village-Triangle,-Dubai-UAE_SoundDevices702_Telinga9_1973_edited.wav",1,2.5,7.5,5,40.027,32000,"dataset\segments\Acridotheres_tristis\XC1155674-Common-Myna-call-juvenile-very-good-Jumeirah-Village-Triangle,-Dubai-UAE_SoundDevices702_Telinga9_1973_edited_segment_0001.wav",train
"XC1155674-Common-Myna-call-juvenile-very-good-Jumeirah-Village-Triangle,-Dubai-UAE_SoundDevices702_Telinga9_1973_edited_segment_0002.wav","XC1155674-Common-Myna-call-juvenile-very-good-Jumeirah-Village-Triangle,-Dubai-UAE_SoundDevices702_Telinga9_1973_edited",Common Myna,Acridotheres tristis,"XC1155674-Common-Myna-call-juvenile-very-good-Jumeirah-Village-Triangle,-Dubai-UAE_SoundDevices702_Telinga9_1973_edited.wav",2,5.0,10.0,5,40.027,32000,"dataset\segments\Acridotheres_tristis\XC1155674-Common-Myna-call-juvenile-very-good-Jumeirah-Village-Triangle,-Dubai-UAE_SoundDevices702_Telinga9_1973_edited_segment_0002.wav",train
"XC1155674-Common-Myna-call-juvenile-very-good-Jumeirah-Village-Triangle,-Dubai-UAE_SoundDevices702_Telinga9_1973_edited_segment_0003.wav","XC1155674-Common-Myna-call-juvenile-very-good-Jumeirah-Village-Triangle,-Dubai-UAE_SoundDevices702_Telinga9_1973_edited",Common Myna,Acridotheres tristis,"XC1155674-Common-Myna-call-juvenile-very-good-Jumeirah-Village-Triangle,-Dubai-UAE_SoundDevices702_Telinga9_1973_edited.wav",3,7.5,12.5,5,40.027,32000,"dataset\segments\Acridotheres_tristis\XC1155674-Common-Myna-call-juvenile-very-good-Jumeirah-Village-Triangle,-Dubai-UAE_SoundDevices702_Telinga9_1973_edited_segment_0003.wav",train
"XC1155674-Common-Myna-call-juvenile-very-good-Jumeirah-Village-Triangle,-Dubai-UAE_SoundDevices702_Telinga9_1973_edited_segment_0004.wav","XC1155674-Common-Myna-call-juvenile-very-good-Jumeirah-Village-Triangle,-Dubai-UAE_SoundDevices702_Telinga9_1973_edited",Common Myna,Acridotheres tristis,"XC1155674-Common-Myna-call-juvenile-very-good-Jumeirah-Village-Triangle,-Dubai-UAE_SoundDevices702_Telinga9_1973_edited.wav",4,10.0,15.0,5,40.027,32000,"dataset\segments\Acridotheres_tristis\XC1155674-Common-Myna-call-juvenile-very-good-Jumeirah-Village-Triangle,-Dubai-UAE_SoundDevices702_Telinga9_1973_edited_segment_0004.wav",train
"XC1155674-Common-Myna-call-juvenile-very-good-Jumeirah-Village-Triangle,-Dubai-UAE_SoundDevices702_Telinga9_1973_edited_segment_0005.wav","XC1155674-Common-Myna-call-juvenile-very-good-Jumeirah-Village-Triangle,-Dubai-UAE_SoundDevices702_Telinga9_1973_edited",Common Myna,Acridotheres tristis,"XC1155674-Common-Myna-call-juvenile-very-good-Jumeirah-Village-Triangle,-Dubai-UAE_SoundDevices702_Telinga9_1973_edited.wav",5,12.5,17.5,5,40.027,32000,"dataset\segments\Acridotheres_tristis\XC1155674-Common-Myna-call-juvenile-very-good-Jumeirah-Village-Triangle,-Dubai-UAE_SoundDevices702_Telinga9_1973_edited_segment_0005.wav",train
"XC1155674-Common-Myna-call-juvenile-very-good-Jumeirah-Village-Triangle,-Dubai-UAE_SoundDevices702_Telinga9_1973_edited_segment_0006.wav","XC1155674-Common-Myna-call-juvenile-very-good-Jumeirah-Village-Triangle,-Dubai-UAE_SoundDevices702_Telinga9_1973_edited",Common Myna,Acridotheres tristis,"XC1155674-Common-Myna-call-juvenile-very-good-Jumeirah-Village-Triangle,-Dubai-UAE_SoundDevices702_Telinga9_1973_edited.wav",6,15.0,20.0,5,40.027,32000,"dataset\segments\Acridotheres_tristis\XC1155674-Common-Myna-call-juvenile-very-good-Jumeirah-Village-Triangle,-Dubai-UAE_SoundDevices702_Telinga9_1973_edited_segment_0006.wav",train
"XC1155674-Common-Myna-call-juvenile-very-good-Jumeirah-Village-Triangle,-Dubai-UAE_SoundDevices702_Telinga9_1973_edited_segment_0007.wav","XC1155674-Common-Myna-call-juvenile-very-good-Jumeirah-Village-Triangle,-Dubai-UAE_SoundDevices702_Telinga9_1973_edited",Common Myna,Acridotheres tristis,"XC1155674-Common-Myna-call-juvenile-very-good-Jumeirah-Village-Triangle,-Dubai-UAE_SoundDevices702_Telinga9_1973_edited.wav",7,17.5,22.5,5,40.027,32000,"dataset\segments\Acridotheres_tristis\XC1155674-Common-Myna-call-juvenile-very-good-Jumeirah-Village-Triangle,-Dubai-UAE_SoundDevices702_Telinga9_1973_edited_segment_0007.wav",train
"XC1155674-Common-Myna-call-juvenile-very-good-Jumeirah-Village-Triangle,-Dubai-UAE_SoundDevices702_Telinga9_1973_edited_segment_0008.wav","XC1155674-Common-Myna-call-juvenile-very-good-Jumeirah-Village-Triangle,-Dubai-UAE_SoundDevices702_Telinga9_1973_edited",Common Myna,Acridotheres tristis,"XC1155674-Common-Myna-call-juvenile-very-good-Jumeirah-Village-Triangle,-Dubai-UAE_SoundDevices702_Telinga9_1973_edited.wav",8,20.0,25.0,5,40.027,32000,"dataset\segments\Acridotheres_tristis\XC1155674-Common-Myna-call-juvenile-very-good-Jumeirah-Village-Triangle,-Dubai-UAE_SoundDevices702_Telinga9_1973_edited_segment_0008.wav",train
"XC1155674-Common-Myna-call-juvenile-very-good-Jumeirah-Village-Triangle,-Dubai-UAE_SoundDevices702_Telinga9_1973_edited_segment_0009.wav","XC1155674-Common-Myna-call-juvenile-very-good-Jumeirah-Village-Triangle,-Dubai-UAE_SoundDevices702_Telinga9_1973_edited",Common Myna,Acridotheres tristis,"XC1155674-Common-Myna-call-juvenile-very-good-Jumeirah-Village-Triangle,-Dubai-UAE_SoundDevices702_Telinga9_1973_edited.wav",9,22.5,27.5,5,40.027,32000,"dataset\segments\Acridotheres_tristis\XC1155674-Common-Myna-call-juvenile-very-good-Jumeirah-Village-Triangle,-Dubai-UAE_SoundDevices702_Telinga9_1973_edited_segment_0009.wav",train
"XC1155674-Common-Myna-call-juvenile-very-good-Jumeirah-Village-Triangle,-Dubai-UAE_SoundDevices702_Telinga9_1973_edited_segment_0010.wav","XC1155674-Common-Myna-call-juvenile-very-good-Jumeirah-Village-Triangle,-Dubai-UAE_SoundDevices702_Telinga9_1973_edited",Common Myna,Acridotheres tristis,"XC1155674-Common-Myna-call-juvenile-very-good-Jumeirah-Village-Triangle,-Dubai-UAE_SoundDevices702_Telinga9_1973_edited.wav",10,25.0,30.0,5,40.027,32000,"dataset\segments\Acridotheres_tristis\XC1155674-Common-Myna-call-juvenile-very-good-Jumeirah-Village-Triangle,-Dubai-UAE_SoundDevices702_Telinga9_1973_edited_segment_0010.wav",train
"XC1155674-Common-Myna-call-juvenile-very-good-Jumeirah-Village-Triangle,-Dubai-UAE_SoundDevices702_Telinga9_1973_edited_segment_0011.wav","XC1155674-Common-Myna-call-juvenile-very-good-Jumeirah-Village-Triangle,-Dubai-UAE_SoundDevices702_Telinga9_1973_edited",Common Myna,Acridotheres tristis,"XC1155674-Common-Myna-call-juvenile-very-good-Jumeirah-Village-Triangle,-Dubai-UAE_SoundDevices702_Telinga9_1973_edited.wav",11,27.5,32.5,5,40.027,32000,"dataset\segments\Acridotheres_tristis\XC1155674-Common-Myna-call-juvenile-very-good-Jumeirah-Village-Triangle,-Dubai-UAE_SoundDevices702_Telinga9_1973_edited_segment_0011.wav",train
"XC1155674-Common-Myna-call-juvenile-very-good-Jumeirah-Village-Triangle,-Dubai-UAE_SoundDevices702_Telinga9_1973_edited_segment_0012.wav","XC1155674-Common-Myna-call-juvenile-very-good-Jumeirah-Village-Triangle,-Dubai-UAE_SoundDevices702_Telinga9_1973_edited",Common Myna,Acridotheres tristis,"XC1155674-Common-Myna-call-juvenile-very-good-Jumeirah-Village-Triangle,-Dubai-UAE_SoundDevices702_Telinga9_1973_edited.wav",12,30.0,35.0,5,40.027,32000,"dataset\segments\Acridotheres_tristis\XC1155674-Common-Myna-call-juvenile-very-good-Jumeirah-Village-Triangle,-Dubai-UAE_SoundDevices702_Telinga9_1973_edited_segment_0012.wav",train
"XC1155674-Common-Myna-call-juvenile-very-good-Jumeirah-Village-Triangle,-Dubai-UAE_SoundDevices702_Telinga9_1973_edited_segment_0013.wav","XC1155674-Common-Myna-call-juvenile-very-good-Jumeirah-Village-Triangle,-Dubai-UAE_SoundDevices702_Telinga9_1973_edited",Common Myna,Acridotheres tristis,"XC1155674-Common-Myna-call-juvenile-very-good-Jumeirah-Village-Triangle,-Dubai-UAE_SoundDevices702_Telinga9_1973_edited.wav",13,32.5,37.5,5,40.027,32000,"dataset\segments\Acridotheres_tristis\XC1155674-Common-Myna-call-juvenile-very-good-Jumeirah-Village-Triangle,-Dubai-UAE_SoundDevices702_Telinga9_1973_edited_segment_0013.wav",train
"XC1155674-Common-Myna-call-juvenile-very-good-Jumeirah-Village-Triangle,-Dubai-UAE_SoundDevices702_Telinga9_1973_edited_segment_0014.wav","XC1155674-Common-Myna-call-juvenile-very-good-Jumeirah-Village-Triangle,-Dubai-UAE_SoundDevices702_Telinga9_1973_edited",Common Myna,Acridotheres tristis,"XC1155674-Common-Myna-call-juvenile-very-good-Jumeirah-Village-Triangle,-Dubai-UAE_SoundDevices702_Telinga9_1973_edited.wav",14,35.0,40.0,5,40.027,32000,"dataset\segments\Acridotheres_tristis\XC1155674-Common-Myna-call-juvenile-very-good-Jumeirah-Village-Triangle,-Dubai-UAE_SoundDevices702_Telinga9_1973_edited_segment_0014.wav",train
"XC1155676-Common-Myna-call-juvenile-very-good-Jumeirah-Village-Triangle,-Dubai-UAE_SoundDevices702_Telinga9_1985_edited_segment_0000.wav","XC1155676-Common-Myna-call-juvenile-very-good-Jumeirah-Village-Triangle,-Dubai-UAE_SoundDevices702_Telinga9_1985_edited",Common Myna,Acridotheres tristis,"XC1155676-Common-Myna-call-juvenile-very-good-Jumeirah-Village-Triangle,-Dubai-UAE_SoundDevices702_Telinga9_1985_edited.wav",0,0.0,5.0,5,27.776,32000,"dataset\segments\Acridotheres_tristis\XC1155676-Common-Myna-call-juvenile-very-good-Jumeirah-Village-Triangle,-Dubai-UAE_SoundDevices702_Telinga9_1985_edited_segment_0000.wav",train
"XC1155676-Common-Myna-call-juvenile-very-good-Jumeirah-Village-Triangle,-Dubai-UAE_SoundDevices702_Telinga9_1985_edited_segment_0001.wav","XC1155676-Common-Myna-call-juvenile-very-good-Jumeirah-Village-Triangle,-Dubai-UAE_SoundDevices702_Telinga9_1985_edited",Common Myna,Acridotheres tristis,"XC1155676-Common-Myna-call-juvenile-very-good-Jumeirah-Village-Triangle,-Dubai-UAE_SoundDevices702_Telinga9_1985_edited.wav",1,2.5,7.5,5,27.776,32000,"dataset\segments\Acridotheres_tristis\XC1155676-Common-Myna-call-juvenile-very-good-Jumeirah-Village-Triangle,-Dubai-UAE_SoundDevices702_Telinga9_1985_edited_segment_0001.wav",train
"XC1155676-Common-Myna-call-juvenile-very-good-Jumeirah-Village-Triangle,-Dubai-UAE_SoundDevices702_Telinga9_1985_edited_segment_0002.wav","XC1155676-Common-Myna-call-juvenile-very-good-Jumeirah-Village-Triangle,-Dubai-UAE_SoundDevices702_Telinga9_1985_edited",Common Myna,Acridotheres tristis,"XC1155676-Common-Myna-call-juvenile-very-good-Jumeirah-Village-Triangle,-Dubai-UAE_SoundDevices702_Telinga9_1985_edited.wav",2,5.0,10.0,5,27.776,32000,"dataset\segments\Acridotheres_tristis\XC1155676-Common-Myna-call-juvenile-very-good-Jumeirah-Village-Triangle,-Dubai-UAE_SoundDevices702_Telinga9_1985_edited_segment_0002.wav",train
"XC1155676-Common-Myna-call-juvenile-very-good-Jumeirah-Village-Triangle,-Dubai-UAE_SoundDevices702_Telinga9_1985_edited_segment_0003.wav","XC1155676-Common-Myna-call-juvenile-very-good-Jumeirah-Village-Triangle,-Dubai-UAE_SoundDevices702_Telinga9_1985_edited",Common Myna,Acridotheres tristis,"XC1155676-Common-Myna-call-juvenile-very-good-Jumeirah-Village-Triangle,-Dubai-UAE_SoundDevices702_Telinga9_1985_edited.wav",3,7.5,12.5,5,27.776,32000,"dataset\segments\Acridotheres_tristis\XC1155676-Common-Myna-call-juvenile-very-good-Jumeirah-Village-Triangle,-Dubai-UAE_SoundDevices702_Telinga9_1985_edited_segment_0003.wav",train
"XC1155676-Common-Myna-call-juvenile-very-good-Jumeirah-Village-Triangle,-Dubai-UAE_SoundDevices702_Telinga9_1985_edited_segment_0004.wav","XC1155676-Common-Myna-call-juvenile-very-good-Jumeirah-Village-Triangle,-Dubai-UAE_SoundDevices702_Telinga9_1985_edited",Common Myna,Acridotheres tristis,"XC1155676-Common-Myna-call-juvenile-very-good-Jumeirah-Village-Triangle,-Dubai-UAE_SoundDevices702_Telinga9_1985_edited.wav",4,10.0,15.0,5,27.776,32000,"dataset\segments\Acridotheres_tristis\XC1155676-Common-Myna-call-juvenile-very-good-Jumeirah-Village-Triangle,-Dubai-UAE_SoundDevices702_Telinga9_1985_edited_segment_0004.wav",train
"XC1155676-Common-Myna-call-juvenile-very-good-Jumeirah-Village-Triangle,-Dubai-UAE_SoundDevices702_Telinga9_1985_edited_segment_0005.wav","XC1155676-Common-Myna-call-juvenile-very-good-Jumeirah-Village-Triangle,-Dubai-UAE_SoundDevices702_Telinga9_1985_edited",Common Myna,Acridotheres tristis,"XC1155676-Common-Myna-call-juvenile-very-good-Jumeirah-Village-Triangle,-Dubai-UAE_SoundDevices702_Telinga9_1985_edited.wav",5,12.5,17.5,5,27.776,32000,"dataset\segments\Acridotheres_tristis\XC1155676-Common-Myna-call-juvenile-very-good-Jumeirah-Village-Triangle,-Dubai-UAE_SoundDevices702_Telinga9_1985_edited_segment_0005.wav",train
"XC1155676-Common-Myna-call-juvenile-very-good-Jumeirah-Village-Triangle,-Dubai-UAE_SoundDevices702_Telinga9_1985_edited_segment_0006.wav","XC1155676-Common-Myna-call-juvenile-very-good-Jumeirah-Village-Triangle,-Dubai-UAE_SoundDevices702_Telinga9_1985_edited",Common Myna,Acridotheres tristis,"XC1155676-Common-Myna-call-juvenile-very-good-Jumeirah-Village-Triangle,-Dubai-UAE_SoundDevices702_Telinga9_1985_edited.wav",6,15.0,20.0,5,27.776,32000,"dataset\segments\Acridotheres_tristis\XC1155676-Common-Myna-call-juvenile-very-good-Jumeirah-Village-Triangle,-Dubai-UAE_SoundDevices702_Telinga9_1985_edited_segment_0006.wav",train
"XC1155676-Common-Myna-call-juvenile-very-good-Jumeirah-Village-Triangle,-Dubai-UAE_SoundDevices702_Telinga9_1985_edited_segment_0007.wav","XC1155676-Common-Myna-call-juvenile-very-good-Jumeirah-Village-Triangle,-Dubai-UAE_SoundDevices702_Telinga9_1985_edited",Common Myna,Acridotheres tristis,"XC1155676-Common-Myna-call-juvenile-very-good-Jumeirah-Village-Triangle,-Dubai-UAE_SoundDevices702_Telinga9_1985_edited.wav",7,17.5,22.5,5,27.776,32000,"dataset\segments\Acridotheres_tristis\XC1155676-Common-Myna-call-juvenile-very-good-Jumeirah-Village-Triangle,-Dubai-UAE_SoundDevices702_Telinga9_1985_edited_segment_0007.wav",train
"XC1155676-Common-Myna-call-juvenile-very-good-Jumeirah-Village-Triangle,-Dubai-UAE_SoundDevices702_Telinga9_1985_edited_segment_0008.wav","XC1155676-Common-Myna-call-juvenile-very-good-Jumeirah-Village-Triangle,-Dubai-UAE_SoundDevices702_Telinga9_1985_edited",Common Myna,Acridotheres tristis,"XC1155676-Common-Myna-call-juvenile-very-good-Jumeirah-Village-Triangle,-Dubai-UAE_SoundDevices702_Telinga9_1985_edited.wav",8,20.0,25.0,5,27.776,32000,"dataset\segments\Acridotheres_tristis\XC1155676-Common-Myna-call-juvenile-very-good-Jumeirah-Village-Triangle,-Dubai-UAE_SoundDevices702_Telinga9_1985_edited_segment_0008.wav",train
"XC1155676-Common-Myna-call-juvenile-very-good-Jumeirah-Village-Triangle,-Dubai-UAE_SoundDevices702_Telinga9_1985_edited_segment_0009.wav","XC1155676-Common-Myna-call-juvenile-very-good-Jumeirah-Village-Triangle,-Dubai-UAE_SoundDevices702_Telinga9_1985_edited",Common Myna,Acridotheres tristis,"XC1155676-Common-Myna-call-juvenile-very-good-Jumeirah-Village-Triangle,-Dubai-UAE_SoundDevices702_Telinga9_1985_edited.wav",9,22.5,27.5,5,27.776,32000,"dataset\segments\Acridotheres_tristis\XC1155676-Common-Myna-call-juvenile-very-good-Jumeirah-Village-Triangle,-Dubai-UAE_SoundDevices702_Telinga9_1985_edited_segment_0009.wav",train
"XC1157329-Common-Myna-call-very-good-2026-04-19-Mamzar-Park,-Dubai,-UAE_SoundDevices702_Telinga9_1116_edited_segment_0000.wav","XC1157329-Common-Myna-call-very-good-2026-04-19-Mamzar-Park,-Dubai,-UAE_SoundDevices702_Telinga9_1116_edited",Common Myna,Acridotheres tristis,"XC1157329-Common-Myna-call-very-good-2026-04-19-Mamzar-Park,-Dubai,-UAE_SoundDevices702_Telinga9_1116_edited.wav",0,0.0,5.0,5,7.661,32000,"dataset\segments\Acridotheres_tristis\XC1157329-Common-Myna-call-very-good-2026-04-19-Mamzar-Park,-Dubai,-UAE_SoundDevices702_Telinga9_1116_edited_segment_0000.wav",train
"XC1157329-Common-Myna-call-very-good-2026-04-19-Mamzar-Park,-Dubai,-UAE_SoundDevices702_Telinga9_1116_edited_segment_0001.wav","XC1157329-Common-Myna-call-very-good-2026-04-19-Mamzar-Park,-Dubai,-UAE_SoundDevices702_Telinga9_1116_edited",Common Myna,Acridotheres tristis,"XC1157329-Common-Myna-call-very-good-2026-04-19-Mamzar-Park,-Dubai,-UAE_SoundDevices702_Telinga9_1116_edited.wav",1,2.5,7.5,5,7.661,32000,"dataset\segments\Acridotheres_tristis\XC1157329-Common-Myna-call-very-good-2026-04-19-Mamzar-Park,-Dubai,-UAE_SoundDevices702_Telinga9_1116_edited_segment_0001.wav",train
"XC1157330-Common-Myna-singing-very-good-2026-04-19-Mamzar-Park,-Dubai,-UAE_SoundDevices702_Telinga9_1117_edited_segment_0000.wav","XC1157330-Common-Myna-singing-very-good-2026-04-19-Mamzar-Park,-Dubai,-UAE_SoundDevices702_Telinga9_1117_edited",Common Myna,Acridotheres tristis,"XC1157330-Common-Myna-singing-very-good-2026-04-19-Mamzar-Park,-Dubai,-UAE_SoundDevices702_Telinga9_1117_edited.wav",0,0.0,5.0,5,35.303,32000,"dataset\segments\Acridotheres_tristis\XC1157330-Common-Myna-singing-very-good-2026-04-19-Mamzar-Park,-Dubai,-UAE_SoundDevices702_Telinga9_1117_edited_segment_0000.wav",train
"XC1157330-Common-Myna-singing-very-good-2026-04-19-Mamzar-Park,-Dubai,-UAE_SoundDevices702_Telinga9_1117_edited_segment_0001.wav","XC1157330-Common-Myna-singing-very-good-2026-04-19-Mamzar-Park,-Dubai,-UAE_SoundDevices702_Telinga9_1117_edited",Common Myna,Acridotheres tristis,"XC1157330-Common-Myna-singing-very-good-2026-04-19-Mamzar-Park,-Dubai,-UAE_SoundDevices702_Telinga9_1117_edited.wav",1,2.5,7.5,5,35.303,32000,"dataset\segments\Acridotheres_tristis\XC1157330-Common-Myna-singing-very-good-2026-04-19-Mamzar-Park,-Dubai,-UAE_SoundDevices702_Telinga9_1117_edited_segment_0001.wav",train
"XC1157330-Common-Myna-singing-very-good-2026-04-19-Mamzar-Park,-Dubai,-UAE_SoundDevices702_Telinga9_1117_edited_segment_0002.wav","XC1157330-Common-Myna-singing-very-good-2026-04-19-Mamzar-Park,-Dubai,-UAE_SoundDevices702_Telinga9_1117_edited",Common Myna,Acridotheres tristis,"XC1157330-Common-Myna-singing-very-good-2026-04-19-Mamzar-Park,-Dubai,-UAE_SoundDevices702_Telinga9_1117_edited.wav",2,5.0,10.0,5,35.303,32000,"dataset\segments\Acridotheres_tristis\XC1157330-Common-Myna-singing-very-good-2026-04-19-Mamzar-Park,-Dubai,-UAE_SoundDevices702_Telinga9_1117_edited_segment_0002.wav",train
"XC1157330-Common-Myna-singing-very-good-2026-04-19-Mamzar-Park,-Dubai,-UAE_SoundDevices702_Telinga9_1117_edited_segment_0003.wav","XC1157330-Common-Myna-singing-very-good-2026-04-19-Mamzar-Park,-Dubai,-UAE_SoundDevices702_Telinga9_1117_edited",Common Myna,Acridotheres tristis,"XC1157330-Common-Myna-singing-very-good-2026-04-19-Mamzar-Park,-Dubai,-UAE_SoundDevices702_Telinga9_1117_edited.wav",3,7.5,12.5,5,35.303,32000,"dataset\segments\Acridotheres_tristis\XC1157330-Common-Myna-singing-very-good-2026-04-19-Mamzar-Park,-Dubai,-UAE_SoundDevices702_Telinga9_1117_edited_segment_0003.wav",train
"XC1157330-Common-Myna-singing-very-good-2026-04-19-Mamzar-Park,-Dubai,-UAE_SoundDevices702_Telinga9_1117_edited_segment_0004.wav","XC1157330-Common-Myna-singing-very-good-2026-04-19-Mamzar-Park,-Dubai,-UAE_SoundDevices702_Telinga9_1117_edited",Common Myna,Acridotheres tristis,"XC1157330-Common-Myna-singing-very-good-2026-04-19-Mamzar-Park,-Dubai,-UAE_SoundDevices702_Telinga9_1117_edited.wav",4,10.0,15.0,5,35.303,32000,"dataset\segments\Acridotheres_tristis\XC1157330-Common-Myna-singing-very-good-2026-04-19-Mamzar-Park,-Dubai,-UAE_SoundDevices702_Telinga9_1117_edited_segment_0004.wav",train
"XC1157330-Common-Myna-singing-very-good-2026-04-19-Mamzar-Park,-Dubai,-UAE_SoundDevices702_Telinga9_1117_edited_segment_0005.wav","XC1157330-Common-Myna-singing-very-good-2026-04-19-Mamzar-Park,-Dubai,-UAE_SoundDevices702_Telinga9_1117_edited",Common Myna,Acridotheres tristis,"XC1157330-Common-Myna-singing-very-good-2026-04-19-Mamzar-Park,-Dubai,-UAE_SoundDevices702_Telinga9_1117_edited.wav",5,12.5,17.5,5,35.303,32000,"dataset\segments\Acridotheres_tristis\XC1157330-Common-Myna-singing-very-good-2026-04-19-Mamzar-Park,-Dubai,-UAE_SoundDevices702_Telinga9_1117_edited_segment_0005.wav",train
"XC1157330-Common-Myna-singing-very-good-2026-04-19-Mamzar-Park,-Dubai,-UAE_SoundDevices702_Telinga9_1117_edited_segment_0006.wav","XC1157330-Common-Myna-singing-very-good-2026-04-19-Mamzar-Park,-Dubai,-UAE_SoundDevices702_Telinga9_1117_edited",Common Myna,Acridotheres tristis,"XC1157330-Common-Myna-singing-very-good-2026-04-19-Mamzar-Park,-Dubai,-UAE_SoundDevices702_Telinga9_1117_edited.wav",6,15.0,20.0,5,35.303,32000,"dataset\segments\Acridotheres_tristis\XC1157330-Common-Myna-singing-very-good-2026-04-19-Mamzar-Park,-Dubai,-UAE_SoundDevices702_Telinga9_1117_edited_segment_0006.wav",train
"XC1157330-Common-Myna-singing-very-good-2026-04-19-Mamzar-Park,-Dubai,-UAE_SoundDevices702_Telinga9_1117_edited_segment_0007.wav","XC1157330-Common-Myna-singing-very-good-2026-04-19-Mamzar-Park,-Dubai,-UAE_SoundDevices702_Telinga9_1117_edited",Common Myna,Acridotheres tristis,"XC1157330-Common-Myna-singing-very-good-2026-04-19-Mamzar-Park,-Dubai,-UAE_SoundDevices702_Telinga9_1117_edited.wav",7,17.5,22.5,5,35.303,32000,"dataset\segments\Acridotheres_tristis\XC1157330-Common-Myna-singing-very-good-2026-04-19-Mamzar-Park,-Dubai,-UAE_SoundDevices702_Telinga9_1117_edited_segment_0007.wav",train
"XC1157330-Common-Myna-singing-very-good-2026-04-19-Mamzar-Park,-Dubai,-UAE_SoundDevices702_Telinga9_1117_edited_segment_0008.wav","XC1157330-Common-Myna-singing-very-good-2026-04-19-Mamzar-Park,-Dubai,-UAE_SoundDevices702_Telinga9_1117_edited",Common Myna,Acridotheres tristis,"XC1157330-Common-Myna-singing-very-good-2026-04-19-Mamzar-Park,-Dubai,-UAE_SoundDevices702_Telinga9_1117_edited.wav",8,20.0,25.0,5,35.303,32000,"dataset\segments\Acridotheres_tristis\XC1157330-Common-Myna-singing-very-good-2026-04-19-Mamzar-Park,-Dubai,-UAE_SoundDevices702_Telinga9_1117_edited_segment_0008.wav",train
"XC1157330-Common-Myna-singing-very-good-2026-04-19-Mamzar-Park,-Dubai,-UAE_SoundDevices702_Telinga9_1117_edited_segment_0009.wav","XC1157330-Common-Myna-singing-very-good-2026-04-19-Mamzar-Park,-Dubai,-UAE_SoundDevices702_Telinga9_1117_edited",Common Myna,Acridotheres tristis,"XC1157330-Common-Myna-singing-very-good-2026-04-19-Mamzar-Park,-Dubai,-UAE_SoundDevices702_Telinga9_1117_edited.wav",9,22.5,27.5,5,35.303,32000,"dataset\segments\Acridotheres_tristis\XC1157330-Common-Myna-singing-very-good-2026-04-19-Mamzar-Park,-Dubai,-UAE_SoundDevices702_Telinga9_1117_edited_segment_0009.wav",train
"XC1157330-Common-Myna-singing-very-good-2026-04-19-Mamzar-Park,-Dubai,-UAE_SoundDevices702_Telinga9_1117_edited_segment_0010.wav","XC1157330-Common-Myna-singing-very-good-2026-04-19-Mamzar-Park,-Dubai,-UAE_SoundDevices702_Telinga9_1117_edited",Common Myna,Acridotheres tristis,"XC1157330-Common-Myna-singing-very-good-2026-04-19-Mamzar-Park,-Dubai,-UAE_SoundDevices702_Telinga9_1117_edited.wav",10,25.0,30.0,5,35.303,32000,"dataset\segments\Acridotheres_tristis\XC1157330-Common-Myna-singing-very-good-2026-04-19-Mamzar-Park,-Dubai,-UAE_SoundDevices702_Telinga9_1117_edited_segment_0010.wav",train
"XC1157330-Common-Myna-singing-very-good-2026-04-19-Mamzar-Park,-Dubai,-UAE_SoundDevices702_Telinga9_1117_edited_segment_0011.wav","XC1157330-Common-Myna-singing-very-good-2026-04-19-Mamzar-Park,-Dubai,-UAE_SoundDevices702_Telinga9_1117_edited",Common Myna,Acridotheres tristis,"XC1157330-Common-Myna-singing-very-good-2026-04-19-Mamzar-Park,-Dubai,-UAE_SoundDevices702_Telinga9_1117_edited.wav",11,27.5,32.5,5,35.303,32000,"dataset\segments\Acridotheres_tristis\XC1157330-Common-Myna-singing-very-good-2026-04-19-Mamzar-Park,-Dubai,-UAE_SoundDevices702_Telinga9_1117_edited_segment_0011.wav",train
"XC1157330-Common-Myna-singing-very-good-2026-04-19-Mamzar-Park,-Dubai,-UAE_SoundDevices702_Telinga9_1117_edited_segment_0012.wav","XC1157330-Common-Myna-singing-very-good-2026-04-19-Mamzar-Park,-Dubai,-UAE_SoundDevices702_Telinga9_1117_edited",Common Myna,Acridotheres tristis,"XC1157330-Common-Myna-singing-very-good-2026-04-19-Mamzar-Park,-Dubai,-UAE_SoundDevices702_Telinga9_1117_edited.wav",12,30.0,35.0,5,35.303,32000,"dataset\segments\Acridotheres_tristis\XC1157330-Common-Myna-singing-very-good-2026-04-19-Mamzar-Park,-Dubai,-UAE_SoundDevices702_Telinga9_1117_edited_segment_0012.wav",train
"XC1103798-Red-vented-Bulbul-alarm-very-good-2026-04-17-Mushrif-Park,-Dubai,-UAE_SoundDevices702_Telinga9_11038_edited_segment_0000.wav","XC1103798-Red-vented-Bulbul-alarm-very-good-2026-04-17-Mushrif-Park,-Dubai,-UAE_SoundDevices702_Telinga9_11038_edited",Red-vented Bulbul,Pycnonotus cafer,"XC1103798-Red-vented-Bulbul-alarm-very-good-2026-04-17-Mushrif-Park,-Dubai,-UAE_SoundDevices702_Telinga9_11038_edited.wav",0,0.0,5.0,5,20.752,32000,"dataset\segments\Pycnonotus_cafer\XC1103798-Red-vented-Bulbul-alarm-very-good-2026-04-17-Mushrif-Park,-Dubai,-UAE_SoundDevices702_Telinga9_11038_edited_segment_0000.wav",train
"XC1103798-Red-vented-Bulbul-alarm-very-good-2026-04-17-Mushrif-Park,-Dubai,-UAE_SoundDevices702_Telinga9_11038_edited_segment_0001.wav","XC1103798-Red-vented-Bulbul-alarm-very-good-2026-04-17-Mushrif-Park,-Dubai,-UAE_SoundDevices702_Telinga9_11038_edited",Red-vented Bulbul,Pycnonotus cafer,"XC1103798-Red-vented-Bulbul-alarm-very-good-2026-04-17-Mushrif-Park,-Dubai,-UAE_SoundDevices702_Telinga9_11038_edited.wav",1,2.5,7.5,5,20.752,32000,"dataset\segments\Pycnonotus_cafer\XC1103798-Red-vented-Bulbul-alarm-very-good-2026-04-17-Mushrif-Park,-Dubai,-UAE_SoundDevices702_Telinga9_11038_edited_segment_0001.wav",train
"XC1103798-Red-vented-Bulbul-alarm-very-good-2026-04-17-Mushrif-Park,-Dubai,-UAE_SoundDevices702_Telinga9_11038_edited_segment_0002.wav","XC1103798-Red-vented-Bulbul-alarm-very-good-2026-04-17-Mushrif-Park,-Dubai,-UAE_SoundDevices702_Telinga9_11038_edited",Red-vented Bulbul,Pycnonotus cafer,"XC1103798-Red-vented-Bulbul-alarm-very-good-2026-04-17-Mushrif-Park,-Dubai,-UAE_SoundDevices702_Telinga9_11038_edited.wav",2,5.0,10.0,5,20.752,32000,"dataset\segments\Pycnonotus_cafer\XC1103798-Red-vented-Bulbul-alarm-very-good-2026-04-17-Mushrif-Park,-Dubai,-UAE_SoundDevices702_Telinga9_11038_edited_segment_0002.wav",train
"XC1103798-Red-vented-Bulbul-alarm-very-good-2026-04-17-Mushrif-Park,-Dubai,-UAE_SoundDevices702_Telinga9_11038_edited_segment_0003.wav","XC1103798-Red-vented-Bulbul-alarm-very-good-2026-04-17-Mushrif-Park,-Dubai,-UAE_SoundDevices702_Telinga9_11038_edited",Red-vented Bulbul,Pycnonotus cafer,"XC1103798-Red-vented-Bulbul-alarm-very-good-2026-04-17-Mushrif-Park,-Dubai,-UAE_SoundDevices702_Telinga9_11038_edited.wav",3,7.5,12.5,5,20.752,32000,"dataset\segments\Pycnonotus_cafer\XC1103798-Red-vented-Bulbul-alarm-very-good-2026-04-17-Mushrif-Park,-Dubai,-UAE_SoundDevices702_Telinga9_11038_edited_segment_0003.wav",train
"XC1103798-Red-vented-Bulbul-alarm-very-good-2026-04-17-Mushrif-Park,-Dubai,-UAE_SoundDevices702_Telinga9_11038_edited_segment_0004.wav","XC1103798-Red-vented-Bulbul-alarm-very-good-2026-04-17-Mushrif-Park,-Dubai,-UAE_SoundDevices702_Telinga9_11038_edited",Red-vented Bulbul,Pycnonotus cafer,"XC1103798-Red-vented-Bulbul-alarm-very-good-2026-04-17-Mushrif-Park,-Dubai,-UAE_SoundDevices702_Telinga9_11038_edited.wav",4,10.0,15.0,5,20.752,32000,"dataset\segments\Pycnonotus_cafer\XC1103798-Red-vented-Bulbul-alarm-very-good-2026-04-17-Mushrif-Park,-Dubai,-UAE_SoundDevices702_Telinga9_11038_edited_segment_0004.wav",train
"XC1103798-Red-vented-Bulbul-alarm-very-good-2026-04-17-Mushrif-Park,-Dubai,-UAE_SoundDevices702_Telinga9_11038_edited_segment_0005.wav","XC1103798-Red-vented-Bulbul-alarm-very-good-2026-04-17-Mushrif-Park,-Dubai,-UAE_SoundDevices702_Telinga9_11038_edited",Red-vented Bulbul,Pycnonotus cafer,"XC1103798-Red-vented-Bulbul-alarm-very-good-2026-04-17-Mushrif-Park,-Dubai,-UAE_SoundDevices702_Telinga9_11038_edited.wav",5,12.5,17.5,5,20.752,32000,"dataset\segments\Pycnonotus_cafer\XC1103798-Red-vented-Bulbul-alarm-very-good-2026-04-17-Mushrif-Park,-Dubai,-UAE_SoundDevices702_Telinga9_11038_edited_segment_0005.wav",train
"XC1103798-Red-vented-Bulbul-alarm-very-good-2026-04-17-Mushrif-Park,-Dubai,-UAE_SoundDevices702_Telinga9_11038_edited_segment_0006.wav","XC1103798-Red-vented-Bulbul-alarm-very-good-2026-04-17-Mushrif-Park,-Dubai,-UAE_SoundDevices702_Telinga9_11038_edited",Red-vented Bulbul,Pycnonotus cafer,"XC1103798-Red-vented-Bulbul-alarm-very-good-2026-04-17-Mushrif-Park,-Dubai,-UAE_SoundDevices702_Telinga9_11038_edited.wav",6,15.0,20.0,5,20.752,32000,"dataset\segments\Pycnonotus_cafer\XC1103798-Red-vented-Bulbul-alarm-very-good-2026-04-17-Mushrif-Park,-Dubai,-UAE_SoundDevices702_Telinga9_11038_edited_segment_0006.wav",train
"XC1103799-Red-vented-Bulbul-alarm-very-good-2026-04-17-Mushrif-Park,-Dubai,-UAE_SoundDevices702_Telinga9_11039_edited_segment_0000.wav","XC1103799-Red-vented-Bulbul-alarm-very-good-2026-04-17-Mushrif-Park,-Dubai,-UAE_SoundDevices702_Telinga9_11039_edited",Red-vented Bulbul,Pycnonotus cafer,"XC1103799-Red-vented-Bulbul-alarm-very-good-2026-04-17-Mushrif-Park,-Dubai,-UAE_SoundDevices702_Telinga9_11039_edited.wav",0,0.0,5.0,5,19.267,32000,"dataset\segments\Pycnonotus_cafer\XC1103799-Red-vented-Bulbul-alarm-very-good-2026-04-17-Mushrif-Park,-Dubai,-UAE_SoundDevices702_Telinga9_11039_edited_segment_0000.wav",train
"XC1103799-Red-vented-Bulbul-alarm-very-good-2026-04-17-Mushrif-Park,-Dubai,-UAE_SoundDevices702_Telinga9_11039_edited_segment_0001.wav","XC1103799-Red-vented-Bulbul-alarm-very-good-2026-04-17-Mushrif-Park,-Dubai,-UAE_SoundDevices702_Telinga9_11039_edited",Red-vented Bulbul,Pycnonotus cafer,"XC1103799-Red-vented-Bulbul-alarm-very-good-2026-04-17-Mushrif-Park,-Dubai,-UAE_SoundDevices702_Telinga9_11039_edited.wav",1,2.5,7.5,5,19.267,32000,"dataset\segments\Pycnonotus_cafer\XC1103799-Red-vented-Bulbul-alarm-very-good-2026-04-17-Mushrif-Park,-Dubai,-UAE_SoundDevices702_Telinga9_11039_edited_segment_0001.wav",train
"XC1103799-Red-vented-Bulbul-alarm-very-good-2026-04-17-Mushrif-Park,-Dubai,-UAE_SoundDevices702_Telinga9_11039_edited_segment_0002.wav","XC1103799-Red-vented-Bulbul-alarm-very-good-2026-04-17-Mushrif-Park,-Dubai,-UAE_SoundDevices702_Telinga9_11039_edited",Red-vented Bulbul,Pycnonotus cafer,"XC1103799-Red-vented-Bulbul-alarm-very-good-2026-04-17-Mushrif-Park,-Dubai,-UAE_SoundDevices702_Telinga9_11039_edited.wav",2,5.0,10.0,5,19.267,32000,"dataset\segments\Pycnonotus_cafer\XC1103799-Red-vented-Bulbul-alarm-very-good-2026-04-17-Mushrif-Park,-Dubai,-UAE_SoundDevices702_Telinga9_11039_edited_segment_0002.wav",train
"XC1103799-Red-vented-Bulbul-alarm-very-good-2026-04-17-Mushrif-Park,-Dubai,-UAE_SoundDevices702_Telinga9_11039_edited_segment_0003.wav","XC1103799-Red-vented-Bulbul-alarm-very-good-2026-04-17-Mushrif-Park,-Dubai,-UAE_SoundDevices702_Telinga9_11039_edited",Red-vented Bulbul,Pycnonotus cafer,"XC1103799-Red-vented-Bulbul-alarm-very-good-2026-04-17-Mushrif-Park,-Dubai,-UAE_SoundDevices702_Telinga9_11039_edited.wav",3,7.5,12.5,5,19.267,32000,"dataset\segments\Pycnonotus_cafer\XC1103799-Red-vented-Bulbul-alarm-very-good-2026-04-17-Mushrif-Park,-Dubai,-UAE_SoundDevices702_Telinga9_11039_edited_segment_0003.wav",train
"XC1103799-Red-vented-Bulbul-alarm-very-good-2026-04-17-Mushrif-Park,-Dubai,-UAE_SoundDevices702_Telinga9_11039_edited_segment_0004.wav","XC1103799-Red-vented-Bulbul-alarm-very-good-2026-04-17-Mushrif-Park,-Dubai,-UAE_SoundDevices702_Telinga9_11039_edited",Red-vented Bulbul,Pycnonotus cafer,"XC1103799-Red-vented-Bulbul-alarm-very-good-2026-04-17-Mushrif-Park,-Dubai,-UAE_SoundDevices702_Telinga9_11039_edited.wav",4,10.0,15.0,5,19.267,32000,"dataset\segments\Pycnonotus_cafer\XC1103799-Red-vented-Bulbul-alarm-very-good-2026-04-17-Mushrif-Park,-Dubai,-UAE_SoundDevices702_Telinga9_11039_edited_segment_0004.wav",train
"XC1103799-Red-vented-Bulbul-alarm-very-good-2026-04-17-Mushrif-Park,-Dubai,-UAE_SoundDevices702_Telinga9_11039_edited_segment_0005.wav","XC1103799-Red-vented-Bulbul-alarm-very-good-2026-04-17-Mushrif-Park,-Dubai,-UAE_SoundDevices702_Telinga9_11039_edited",Red-vented Bulbul,Pycnonotus cafer,"XC1103799-Red-vented-Bulbul-alarm-very-good-2026-04-17-Mushrif-Park,-Dubai,-UAE_SoundDevices702_Telinga9_11039_edited.wav",5,12.5,17.5,5,19.267,32000,"dataset\segments\Pycnonotus_cafer\XC1103799-Red-vented-Bulbul-alarm-very-good-2026-04-17-Mushrif-Park,-Dubai,-UAE_SoundDevices702_Telinga9_11039_edited_segment_0005.wav",train
"XC1103800-Red-vented-Bulbul-singing-very-good-2026-04-17-Mushrif-Park,-Dubai,-UAE_SoundDevices702_Telinga9_11037_edited_segment_0000.wav","XC1103800-Red-vented-Bulbul-singing-very-good-2026-04-17-Mushrif-Park,-Dubai,-UAE_SoundDevices702_Telinga9_11037_edited",Red-vented Bulbul,Pycnonotus cafer,"XC1103800-Red-vented-Bulbul-singing-very-good-2026-04-17-Mushrif-Park,-Dubai,-UAE_SoundDevices702_Telinga9_11037_edited.wav",0,0.0,5.0,5,12.372,32000,"dataset\segments\Pycnonotus_cafer\XC1103800-Red-vented-Bulbul-singing-very-good-2026-04-17-Mushrif-Park,-Dubai,-UAE_SoundDevices702_Telinga9_11037_edited_segment_0000.wav",train
"XC1103800-Red-vented-Bulbul-singing-very-good-2026-04-17-Mushrif-Park,-Dubai,-UAE_SoundDevices702_Telinga9_11037_edited_segment_0001.wav","XC1103800-Red-vented-Bulbul-singing-very-good-2026-04-17-Mushrif-Park,-Dubai,-UAE_SoundDevices702_Telinga9_11037_edited",Red-vented Bulbul,Pycnonotus cafer,"XC1103800-Red-vented-Bulbul-singing-very-good-2026-04-17-Mushrif-Park,-Dubai,-UAE_SoundDevices702_Telinga9_11037_edited.wav",1,2.5,7.5,5,12.372,32000,"dataset\segments\Pycnonotus_cafer\XC1103800-Red-vented-Bulbul-singing-very-good-2026-04-17-Mushrif-Park,-Dubai,-UAE_SoundDevices702_Telinga9_11037_edited_segment_0001.wav",train
"XC1103800-Red-vented-Bulbul-singing-very-good-2026-04-17-Mushrif-Park,-Dubai,-UAE_SoundDevices702_Telinga9_11037_edited_segment_0002.wav","XC1103800-Red-vented-Bulbul-singing-very-good-2026-04-17-Mushrif-Park,-Dubai,-UAE_SoundDevices702_Telinga9_11037_edited",Red-vented Bulbul,Pycnonotus cafer,"XC1103800-Red-vented-Bulbul-singing-very-good-2026-04-17-Mushrif-Park,-Dubai,-UAE_SoundDevices702_Telinga9_11037_edited.wav",2,5.0,10.0,5,12.372,32000,"dataset\segments\Pycnonotus_cafer\XC1103800-Red-vented-Bulbul-singing-very-good-2026-04-17-Mushrif-Park,-Dubai,-UAE_SoundDevices702_Telinga9_11037_edited_segment_0002.wav",train
"XC1103803-Red-vented-Bulbul-singing-very-good-2026-04-17-Mushrif-Park,-Dubai,-UAE_SoundDevices702_Telinga9_11042_edited_segment_0000.wav","XC1103803-Red-vented-Bulbul-singing-very-good-2026-04-17-Mushrif-Park,-Dubai,-UAE_SoundDevices702_Telinga9_11042_edited",Red-vented Bulbul,Pycnonotus cafer,"XC1103803-Red-vented-Bulbul-singing-very-good-2026-04-17-Mushrif-Park,-Dubai,-UAE_SoundDevices702_Telinga9_11042_edited.wav",0,0.0,5.0,5,22.962,32000,"dataset\segments\Pycnonotus_cafer\XC1103803-Red-vented-Bulbul-singing-very-good-2026-04-17-Mushrif-Park,-Dubai,-UAE_SoundDevices702_Telinga9_11042_edited_segment_0000.wav",train
"XC1103803-Red-vented-Bulbul-singing-very-good-2026-04-17-Mushrif-Park,-Dubai,-UAE_SoundDevices702_Telinga9_11042_edited_segment_0001.wav","XC1103803-Red-vented-Bulbul-singing-very-good-2026-04-17-Mushrif-Park,-Dubai,-UAE_SoundDevices702_Telinga9_11042_edited",Red-vented Bulbul,Pycnonotus cafer,"XC1103803-Red-vented-Bulbul-singing-very-good-2026-04-17-Mushrif-Park,-Dubai,-UAE_SoundDevices702_Telinga9_11042_edited.wav",1,2.5,7.5,5,22.962,32000,"dataset\segments\Pycnonotus_cafer\XC1103803-Red-vented-Bulbul-singing-very-good-2026-04-17-Mushrif-Park,-Dubai,-UAE_SoundDevices702_Telinga9_11042_edited_segment_0001.wav",train
"XC1103803-Red-vented-Bulbul-singing-very-good-2026-04-17-Mushrif-Park,-Dubai,-UAE_SoundDevices702_Telinga9_11042_edited_segment_0002.wav","XC1103803-Red-vented-Bulbul-singing-very-good-2026-04-17-Mushrif-Park,-Dubai,-UAE_SoundDevices702_Telinga9_11042_edited",Red-vented Bulbul,Pycnonotus cafer,"XC1103803-Red-vented-Bulbul-singing-very-good-2026-04-17-Mushrif-Park,-Dubai,-UAE_SoundDevices702_Telinga9_11042_edited.wav",2,5.0,10.0,5,22.962,32000,"dataset\segments\Pycnonotus_cafer\XC1103803-Red-vented-Bulbul-singing-very-good-2026-04-17-Mushrif-Park,-Dubai,-UAE_SoundDevices702_Telinga9_11042_edited_segment_0002.wav",train
"XC1103803-Red-vented-Bulbul-singing-very-good-2026-04-17-Mushrif-Park,-Dubai,-UAE_SoundDevices702_Telinga9_11042_edited_segment_0003.wav","XC1103803-Red-vented-Bulbul-singing-very-good-2026-04-17-Mushrif-Park,-Dubai,-UAE_SoundDevices702_Telinga9_11042_edited",Red-vented Bulbul,Pycnonotus cafer,"XC1103803-Red-vented-Bulbul-singing-very-good-2026-04-17-Mushrif-Park,-Dubai,-UAE_SoundDevices702_Telinga9_11042_edited.wav",3,7.5,12.5,5,22.962,32000,"dataset\segments\Pycnonotus_cafer\XC1103803-Red-vented-Bulbul-singing-very-good-2026-04-17-Mushrif-Park,-Dubai,-UAE_SoundDevices702_Telinga9_11042_edited_segment_0003.wav",train
"XC1103803-Red-vented-Bulbul-singing-very-good-2026-04-17-Mushrif-Park,-Dubai,-UAE_SoundDevices702_Telinga9_11042_edited_segment_0004.wav","XC1103803-Red-vented-Bulbul-singing-very-good-2026-04-17-Mushrif-Park,-Dubai,-UAE_SoundDevices702_Telinga9_11042_edited",Red-vented Bulbul,Pycnonotus cafer,"XC1103803-Red-vented-Bulbul-singing-very-good-2026-04-17-Mushrif-Park,-Dubai,-UAE_SoundDevices702_Telinga9_11042_edited.wav",4,10.0,15.0,5,22.962,32000,"dataset\segments\Pycnonotus_cafer\XC1103803-Red-vented-Bulbul-singing-very-good-2026-04-17-Mushrif-Park,-Dubai,-UAE_SoundDevices702_Telinga9_11042_edited_segment_0004.wav",train
"XC1103803-Red-vented-Bulbul-singing-very-good-2026-04-17-Mushrif-Park,-Dubai,-UAE_SoundDevices702_Telinga9_11042_edited_segment_0005.wav","XC1103803-Red-vented-Bulbul-singing-very-good-2026-04-17-Mushrif-Park,-Dubai,-UAE_SoundDevices702_Telinga9_11042_edited",Red-vented Bulbul,Pycnonotus cafer,"XC1103803-Red-vented-Bulbul-singing-very-good-2026-04-17-Mushrif-Park,-Dubai,-UAE_SoundDevices702_Telinga9_11042_edited.wav",5,12.5,17.5,5,22.962,32000,"dataset\segments\Pycnonotus_cafer\XC1103803-Red-vented-Bulbul-singing-very-good-2026-04-17-Mushrif-Park,-Dubai,-UAE_SoundDevices702_Telinga9_11042_edited_segment_0005.wav",train
"XC1103803-Red-vented-Bulbul-singing-very-good-2026-04-17-Mushrif-Park,-Dubai,-UAE_SoundDevices702_Telinga9_11042_edited_segment_0006.wav","XC1103803-Red-vented-Bulbul-singing-very-good-2026-04-17-Mushrif-Park,-Dubai,-UAE_SoundDevices702_Telinga9_11042_edited",Red-vented Bulbul,Pycnonotus cafer,"XC1103803-Red-vented-Bulbul-singing-very-good-2026-04-17-Mushrif-Park,-Dubai,-UAE_SoundDevices702_Telinga9_11042_edited.wav",6,15.0,20.0,5,22.962,32000,"dataset\segments\Pycnonotus_cafer\XC1103803-Red-vented-Bulbul-singing-very-good-2026-04-17-Mushrif-Park,-Dubai,-UAE_SoundDevices702_Telinga9_11042_edited_segment_0006.wav",train
"XC1103803-Red-vented-Bulbul-singing-very-good-2026-04-17-Mushrif-Park,-Dubai,-UAE_SoundDevices702_Telinga9_11042_edited_segment_0007.wav","XC1103803-Red-vented-Bulbul-singing-very-good-2026-04-17-Mushrif-Park,-Dubai,-UAE_SoundDevices702_Telinga9_11042_edited",Red-vented Bulbul,Pycnonotus cafer,"XC1103803-Red-vented-Bulbul-singing-very-good-2026-04-17-Mushrif-Park,-Dubai,-UAE_SoundDevices702_Telinga9_11042_edited.wav",7,17.5,22.5,5,22.962,32000,"dataset\segments\Pycnonotus_cafer\XC1103803-Red-vented-Bulbul-singing-very-good-2026-04-17-Mushrif-Park,-Dubai,-UAE_SoundDevices702_Telinga9_11042_edited_segment_0007.wav",train
"XC1104093-Red-vented-Bulbul-call-very-good-2026-04-18-Mamzar-Park,-Dubai,-UAE_SoundDevices702_Telinga9_1057_edited_segment_0000.wav","XC1104093-Red-vented-Bulbul-call-very-good-2026-04-18-Mamzar-Park,-Dubai,-UAE_SoundDevices702_Telinga9_1057_edited",Red-vented Bulbul,Pycnonotus cafer,"XC1104093-Red-vented-Bulbul-call-very-good-2026-04-18-Mamzar-Park,-Dubai,-UAE_SoundDevices702_Telinga9_1057_edited.wav",0,0.0,5.0,5,14.688,32000,"dataset\segments\Pycnonotus_cafer\XC1104093-Red-vented-Bulbul-call-very-good-2026-04-18-Mamzar-Park,-Dubai,-UAE_SoundDevices702_Telinga9_1057_edited_segment_0000.wav",train
"XC1104093-Red-vented-Bulbul-call-very-good-2026-04-18-Mamzar-Park,-Dubai,-UAE_SoundDevices702_Telinga9_1057_edited_segment_0001.wav","XC1104093-Red-vented-Bulbul-call-very-good-2026-04-18-Mamzar-Park,-Dubai,-UAE_SoundDevices702_Telinga9_1057_edited",Red-vented Bulbul,Pycnonotus cafer,"XC1104093-Red-vented-Bulbul-call-very-good-2026-04-18-Mamzar-Park,-Dubai,-UAE_SoundDevices702_Telinga9_1057_edited.wav",1,2.5,7.5,5,14.688,32000,"dataset\segments\Pycnonotus_cafer\XC1104093-Red-vented-Bulbul-call-very-good-2026-04-18-Mamzar-Park,-Dubai,-UAE_SoundDevices702_Telinga9_1057_edited_segment_0001.wav",train
"XC1104093-Red-vented-Bulbul-call-very-good-2026-04-18-Mamzar-Park,-Dubai,-UAE_SoundDevices702_Telinga9_1057_edited_segment_0002.wav","XC1104093-Red-vented-Bulbul-call-very-good-2026-04-18-Mamzar-Park,-Dubai,-UAE_SoundDevices702_Telinga9_1057_edited",Red-vented Bulbul,Pycnonotus cafer,"XC1104093-Red-vented-Bulbul-call-very-good-2026-04-18-Mamzar-Park,-Dubai,-UAE_SoundDevices702_Telinga9_1057_edited.wav",2,5.0,10.0,5,14.688,32000,"dataset\segments\Pycnonotus_cafer\XC1104093-Red-vented-Bulbul-call-very-good-2026-04-18-Mamzar-Park,-Dubai,-UAE_SoundDevices702_Telinga9_1057_edited_segment_0002.wav",train
"XC1104093-Red-vented-Bulbul-call-very-good-2026-04-18-Mamzar-Park,-Dubai,-UAE_SoundDevices702_Telinga9_1057_edited_segment_0003.wav","XC1104093-Red-vented-Bulbul-call-very-good-2026-04-18-Mamzar-Park,-Dubai,-UAE_SoundDevices702_Telinga9_1057_edited",Red-vented Bulbul,Pycnonotus cafer,"XC1104093-Red-vented-Bulbul-call-very-good-2026-04-18-Mamzar-Park,-Dubai,-UAE_SoundDevices702_Telinga9_1057_edited.wav",3,7.5,12.5,5,14.688,32000,"dataset\segments\Pycnonotus_cafer\XC1104093-Red-vented-Bulbul-call-very-good-2026-04-18-Mamzar-Park,-Dubai,-UAE_SoundDevices702_Telinga9_1057_edited_segment_0003.wav",train
"XC1104095-Red-vented-Bulbul-singing-very-good-2026-04-18-Mamzar-Park,-Dubai,-UAE_SoundDevices702_Telinga9_1056_edited_segment_0000.wav","XC1104095-Red-vented-Bulbul-singing-very-good-2026-04-18-Mamzar-Park,-Dubai,-UAE_SoundDevices702_Telinga9_1056_edited",Red-vented Bulbul,Pycnonotus cafer,"XC1104095-Red-vented-Bulbul-singing-very-good-2026-04-18-Mamzar-Park,-Dubai,-UAE_SoundDevices702_Telinga9_1056_edited.wav",0,0.0,5.0,5,28.869,32000,"dataset\segments\Pycnonotus_cafer\XC1104095-Red-vented-Bulbul-singing-very-good-2026-04-18-Mamzar-Park,-Dubai,-UAE_SoundDevices702_Telinga9_1056_edited_segment_0000.wav",train
"XC1104095-Red-vented-Bulbul-singing-very-good-2026-04-18-Mamzar-Park,-Dubai,-UAE_SoundDevices702_Telinga9_1056_edited_segment_0001.wav","XC1104095-Red-vented-Bulbul-singing-very-good-2026-04-18-Mamzar-Park,-Dubai,-UAE_SoundDevices702_Telinga9_1056_edited",Red-vented Bulbul,Pycnonotus cafer,"XC1104095-Red-vented-Bulbul-singing-very-good-2026-04-18-Mamzar-Park,-Dubai,-UAE_SoundDevices702_Telinga9_1056_edited.wav",1,2.5,7.5,5,28.869,32000,"dataset\segments\Pycnonotus_cafer\XC1104095-Red-vented-Bulbul-singing-very-good-2026-04-18-Mamzar-Park,-Dubai,-UAE_SoundDevices702_Telinga9_1056_edited_segment_0001.wav",train
"XC1104095-Red-vented-Bulbul-singing-very-good-2026-04-18-Mamzar-Park,-Dubai,-UAE_SoundDevices702_Telinga9_1056_edited_segment_0002.wav","XC1104095-Red-vented-Bulbul-singing-very-good-2026-04-18-Mamzar-Park,-Dubai,-UAE_SoundDevices702_Telinga9_1056_edited",Red-vented Bulbul,Pycnonotus cafer,"XC1104095-Red-vented-Bulbul-singing-very-good-2026-04-18-Mamzar-Park,-Dubai,-UAE_SoundDevices702_Telinga9_1056_edited.wav",2,5.0,10.0,5,28.869,32000,"dataset\segments\Pycnonotus_cafer\XC1104095-Red-vented-Bulbul-singing-very-good-2026-04-18-Mamzar-Park,-Dubai,-UAE_SoundDevices702_Telinga9_1056_edited_segment_0002.wav",train
"XC1104095-Red-vented-Bulbul-singing-very-good-2026-04-18-Mamzar-Park,-Dubai,-UAE_SoundDevices702_Telinga9_1056_edited_segment_0003.wav","XC1104095-Red-vented-Bulbul-singing-very-good-2026-04-18-Mamzar-Park,-Dubai,-UAE_SoundDevices702_Telinga9_1056_edited",Red-vented Bulbul,Pycnonotus cafer,"XC1104095-Red-vented-Bulbul-singing-very-good-2026-04-18-Mamzar-Park,-Dubai,-UAE_SoundDevices702_Telinga9_1056_edited.wav",3,7.5,12.5,5,28.869,32000,"dataset\segments\Pycnonotus_cafer\XC1104095-Red-vented-Bulbul-singing-very-good-2026-04-18-Mamzar-Park,-Dubai,-UAE_SoundDevices702_Telinga9_1056_edited_segment_0003.wav",train
"XC1104095-Red-vented-Bulbul-singing-very-good-2026-04-18-Mamzar-Park,-Dubai,-UAE_SoundDevices702_Telinga9_1056_edited_segment_0004.wav","XC1104095-Red-vented-Bulbul-singing-very-good-2026-04-18-Mamzar-Park,-Dubai,-UAE_SoundDevices702_Telinga9_1056_edited",Red-vented Bulbul,Pycnonotus cafer,"XC1104095-Red-vented-Bulbul-singing-very-good-2026-04-18-Mamzar-Park,-Dubai,-UAE_SoundDevices702_Telinga9_1056_edited.wav",4,10.0,15.0,5,28.869,32000,"dataset\segments\Pycnonotus_cafer\XC1104095-Red-vented-Bulbul-singing-very-good-2026-04-18-Mamzar-Park,-Dubai,-UAE_SoundDevices702_Telinga9_1056_edited_segment_0004.wav",train
"XC1104095-Red-vented-Bulbul-singing-very-good-2026-04-18-Mamzar-Park,-Dubai,-UAE_SoundDevices702_Telinga9_1056_edited_segment_0005.wav","XC1104095-Red-vented-Bulbul-singing-very-good-2026-04-18-Mamzar-Park,-Dubai,-UAE_SoundDevices702_Telinga9_1056_edited",Red-vented Bulbul,Pycnonotus cafer,"XC1104095-Red-vented-Bulbul-singing-very-good-2026-04-18-Mamzar-Park,-Dubai,-UAE_SoundDevices702_Telinga9_1056_edited.wav",5,12.5,17.5,5,28.869,32000,"dataset\segments\Pycnonotus_cafer\XC1104095-Red-vented-Bulbul-singing-very-good-2026-04-18-Mamzar-Park,-Dubai,-UAE_SoundDevices702_Telinga9_1056_edited_segment_0005.wav",train
"XC1104095-Red-vented-Bulbul-singing-very-good-2026-04-18-Mamzar-Park,-Dubai,-UAE_SoundDevices702_Telinga9_1056_edited_segment_0006.wav","XC1104095-Red-vented-Bulbul-singing-very-good-2026-04-18-Mamzar-Park,-Dubai,-UAE_SoundDevices702_Telinga9_1056_edited",Red-vented Bulbul,Pycnonotus cafer,"XC1104095-Red-vented-Bulbul-singing-very-good-2026-04-18-Mamzar-Park,-Dubai,-UAE_SoundDevices702_Telinga9_1056_edited.wav",6,15.0,20.0,5,28.869,32000,"dataset\segments\Pycnonotus_cafer\XC1104095-Red-vented-Bulbul-singing-very-good-2026-04-18-Mamzar-Park,-Dubai,-UAE_SoundDevices702_Telinga9_1056_edited_segment_0006.wav",train
"XC1104095-Red-vented-Bulbul-singing-very-good-2026-04-18-Mamzar-Park,-Dubai,-UAE_SoundDevices702_Telinga9_1056_edited_segment_0007.wav","XC1104095-Red-vented-Bulbul-singing-very-good-2026-04-18-Mamzar-Park,-Dubai,-UAE_SoundDevices702_Telinga9_1056_edited",Red-vented Bulbul,Pycnonotus cafer,"XC1104095-Red-vented-Bulbul-singing-very-good-2026-04-18-Mamzar-Park,-Dubai,-UAE_SoundDevices702_Telinga9_1056_edited.wav",7,17.5,22.5,5,28.869,32000,"dataset\segments\Pycnonotus_cafer\XC1104095-Red-vented-Bulbul-singing-very-good-2026-04-18-Mamzar-Park,-Dubai,-UAE_SoundDevices702_Telinga9_1056_edited_segment_0007.wav",train
"XC1104095-Red-vented-Bulbul-singing-very-good-2026-04-18-Mamzar-Park,-Dubai,-UAE_SoundDevices702_Telinga9_1056_edited_segment_0008.wav","XC1104095-Red-vented-Bulbul-singing-very-good-2026-04-18-Mamzar-Park,-Dubai,-UAE_SoundDevices702_Telinga9_1056_edited",Red-vented Bulbul,Pycnonotus cafer,"XC1104095-Red-vented-Bulbul-singing-very-good-2026-04-18-Mamzar-Park,-Dubai,-UAE_SoundDevices702_Telinga9_1056_edited.wav",8,20.0,25.0,5,28.869,32000,"dataset\segments\Pycnonotus_cafer\XC1104095-Red-vented-Bulbul-singing-very-good-2026-04-18-Mamzar-Park,-Dubai,-UAE_SoundDevices702_Telinga9_1056_edited_segment_0008.wav",train
"XC1104095-Red-vented-Bulbul-singing-very-good-2026-04-18-Mamzar-Park,-Dubai,-UAE_SoundDevices702_Telinga9_1056_edited_segment_0009.wav","XC1104095-Red-vented-Bulbul-singing-very-good-2026-04-18-Mamzar-Park,-Dubai,-UAE_SoundDevices702_Telinga9_1056_edited",Red-vented Bulbul,Pycnonotus cafer,"XC1104095-Red-vented-Bulbul-singing-very-good-2026-04-18-Mamzar-Park,-Dubai,-UAE_SoundDevices702_Telinga9_1056_edited.wav",9,22.5,27.5,5,28.869,32000,"dataset\segments\Pycnonotus_cafer\XC1104095-Red-vented-Bulbul-singing-very-good-2026-04-18-Mamzar-Park,-Dubai,-UAE_SoundDevices702_Telinga9_1056_edited_segment_0009.wav",train
"XC1104096-Red-vented-Bulbul-singing-very-good-2026-04-18-Mamzar-Park,-Dubai,-UAE_SoundDevices702_Telinga9_1058_edited_segment_0000.wav","XC1104096-Red-vented-Bulbul-singing-very-good-2026-04-18-Mamzar-Park,-Dubai,-UAE_SoundDevices702_Telinga9_1058_edited",Red-vented Bulbul,Pycnonotus cafer,"XC1104096-Red-vented-Bulbul-singing-very-good-2026-04-18-Mamzar-Park,-Dubai,-UAE_SoundDevices702_Telinga9_1058_edited.wav",0,0.0,5.0,5,10.548,32000,"dataset\segments\Pycnonotus_cafer\XC1104096-Red-vented-Bulbul-singing-very-good-2026-04-18-Mamzar-Park,-Dubai,-UAE_SoundDevices702_Telinga9_1058_edited_segment_0000.wav",train
"XC1104096-Red-vented-Bulbul-singing-very-good-2026-04-18-Mamzar-Park,-Dubai,-UAE_SoundDevices702_Telinga9_1058_edited_segment_0001.wav","XC1104096-Red-vented-Bulbul-singing-very-good-2026-04-18-Mamzar-Park,-Dubai,-UAE_SoundDevices702_Telinga9_1058_edited",Red-vented Bulbul,Pycnonotus cafer,"XC1104096-Red-vented-Bulbul-singing-very-good-2026-04-18-Mamzar-Park,-Dubai,-UAE_SoundDevices702_Telinga9_1058_edited.wav",1,2.5,7.5,5,10.548,32000,"dataset\segments\Pycnonotus_cafer\XC1104096-Red-vented-Bulbul-singing-very-good-2026-04-18-Mamzar-Park,-Dubai,-UAE_SoundDevices702_Telinga9_1058_edited_segment_0001.wav",train
"XC1104096-Red-vented-Bulbul-singing-very-good-2026-04-18-Mamzar-Park,-Dubai,-UAE_SoundDevices702_Telinga9_1058_edited_segment_0002.wav","XC1104096-Red-vented-Bulbul-singing-very-good-2026-04-18-Mamzar-Park,-Dubai,-UAE_SoundDevices702_Telinga9_1058_edited",Red-vented Bulbul,Pycnonotus cafer,"XC1104096-Red-vented-Bulbul-singing-very-good-2026-04-18-Mamzar-Park,-Dubai,-UAE_SoundDevices702_Telinga9_1058_edited.wav",2,5.0,10.0,5,10.548,32000,"dataset\segments\Pycnonotus_cafer\XC1104096-Red-vented-Bulbul-singing-very-good-2026-04-18-Mamzar-Park,-Dubai,-UAE_SoundDevices702_Telinga9_1058_edited_segment_0002.wav",train
"XC1104097-Red-vented-Bulbul-singing-very-good-2026-04-18-Mamzar-Park,-Dubai,-UAE_SoundDevices702_Telinga9_1059_edited_segment_0000.wav","XC1104097-Red-vented-Bulbul-singing-very-good-2026-04-18-Mamzar-Park,-Dubai,-UAE_SoundDevices702_Telinga9_1059_edited",Red-vented Bulbul,Pycnonotus cafer,"XC1104097-Red-vented-Bulbul-singing-very-good-2026-04-18-Mamzar-Park,-Dubai,-UAE_SoundDevices702_Telinga9_1059_edited.wav",0,0.0,5.0,5,27.775,32000,"dataset\segments\Pycnonotus_cafer\XC1104097-Red-vented-Bulbul-singing-very-good-2026-04-18-Mamzar-Park,-Dubai,-UAE_SoundDevices702_Telinga9_1059_edited_segment_0000.wav",train
"XC1104097-Red-vented-Bulbul-singing-very-good-2026-04-18-Mamzar-Park,-Dubai,-UAE_SoundDevices702_Telinga9_1059_edited_segment_0001.wav","XC1104097-Red-vented-Bulbul-singing-very-good-2026-04-18-Mamzar-Park,-Dubai,-UAE_SoundDevices702_Telinga9_1059_edited",Red-vented Bulbul,Pycnonotus cafer,"XC1104097-Red-vented-Bulbul-singing-very-good-2026-04-18-Mamzar-Park,-Dubai,-UAE_SoundDevices702_Telinga9_1059_edited.wav",1,2.5,7.5,5,27.775,32000,"dataset\segments\Pycnonotus_cafer\XC1104097-Red-vented-Bulbul-singing-very-good-2026-04-18-Mamzar-Park,-Dubai,-UAE_SoundDevices702_Telinga9_1059_edited_segment_0001.wav",train
"XC1104097-Red-vented-Bulbul-singing-very-good-2026-04-18-Mamzar-Park,-Dubai,-UAE_SoundDevices702_Telinga9_1059_edited_segment_0002.wav","XC1104097-Red-vented-Bulbul-singing-very-good-2026-04-18-Mamzar-Park,-Dubai,-UAE_SoundDevices702_Telinga9_1059_edited",Red-vented Bulbul,Pycnonotus cafer,"XC1104097-Red-vented-Bulbul-singing-very-good-2026-04-18-Mamzar-Park,-Dubai,-UAE_SoundDevices702_Telinga9_1059_edited.wav",2,5.0,10.0,5,27.775,32000,"dataset\segments\Pycnonotus_cafer\XC1104097-Red-vented-Bulbul-singing-very-good-2026-04-18-Mamzar-Park,-Dubai,-UAE_SoundDevices702_Telinga9_1059_edited_segment_0002.wav",train
"XC1104097-Red-vented-Bulbul-singing-very-good-2026-04-18-Mamzar-Park,-Dubai,-UAE_SoundDevices702_Telinga9_1059_edited_segment_0003.wav","XC1104097-Red-vented-Bulbul-singing-very-good-2026-04-18-Mamzar-Park,-Dubai,-UAE_SoundDevices702_Telinga9_1059_edited",Red-vented Bulbul,Pycnonotus cafer,"XC1104097-Red-vented-Bulbul-singing-very-good-2026-04-18-Mamzar-Park,-Dubai,-UAE_SoundDevices702_Telinga9_1059_edited.wav",3,7.5,12.5,5,27.775,32000,"dataset\segments\Pycnonotus_cafer\XC1104097-Red-vented-Bulbul-singing-very-good-2026-04-18-Mamzar-Park,-Dubai,-UAE_SoundDevices702_Telinga9_1059_edited_segment_0003.wav",train
"XC1104097-Red-vented-Bulbul-singing-very-good-2026-04-18-Mamzar-Park,-Dubai,-UAE_SoundDevices702_Telinga9_1059_edited_segment_0004.wav","XC1104097-Red-vented-Bulbul-singing-very-good-2026-04-18-Mamzar-Park,-Dubai,-UAE_SoundDevices702_Telinga9_1059_edited",Red-vented Bulbul,Pycnonotus cafer,"XC1104097-Red-vented-Bulbul-singing-very-good-2026-04-18-Mamzar-Park,-Dubai,-UAE_SoundDevices702_Telinga9_1059_edited.wav",4,10.0,15.0,5,27.775,32000,"dataset\segments\Pycnonotus_cafer\XC1104097-Red-vented-Bulbul-singing-very-good-2026-04-18-Mamzar-Park,-Dubai,-UAE_SoundDevices702_Telinga9_1059_edited_segment_0004.wav",train
"XC1104097-Red-vented-Bulbul-singing-very-good-2026-04-18-Mamzar-Park,-Dubai,-UAE_SoundDevices702_Telinga9_1059_edited_segment_0005.wav","XC1104097-Red-vented-Bulbul-singing-very-good-2026-04-18-Mamzar-Park,-Dubai,-UAE_SoundDevices702_Telinga9_1059_edited",Red-vented Bulbul,Pycnonotus cafer,"XC1104097-Red-vented-Bulbul-singing-very-good-2026-04-18-Mamzar-Park,-Dubai,-UAE_SoundDevices702_Telinga9_1059_edited.wav",5,12.5,17.5,5,27.775,32000,"dataset\segments\Pycnonotus_cafer\XC1104097-Red-vented-Bulbul-singing-very-good-2026-04-18-Mamzar-Park,-Dubai,-UAE_SoundDevices702_Telinga9_1059_edited_segment_0005.wav",train
"XC1104097-Red-vented-Bulbul-singing-very-good-2026-04-18-Mamzar-Park,-Dubai,-UAE_SoundDevices702_Telinga9_1059_edited_segment_0006.wav","XC1104097-Red-vented-Bulbul-singing-very-good-2026-04-18-Mamzar-Park,-Dubai,-UAE_SoundDevices702_Telinga9_1059_edited",Red-vented Bulbul,Pycnonotus cafer,"XC1104097-Red-vented-Bulbul-singing-very-good-2026-04-18-Mamzar-Park,-Dubai,-UAE_SoundDevices702_Telinga9_1059_edited.wav",6,15.0,20.0,5,27.775,32000,"dataset\segments\Pycnonotus_cafer\XC1104097-Red-vented-Bulbul-singing-very-good-2026-04-18-Mamzar-Park,-Dubai,-UAE_SoundDevices702_Telinga9_1059_edited_segment_0006.wav",train
"XC1104097-Red-vented-Bulbul-singing-very-good-2026-04-18-Mamzar-Park,-Dubai,-UAE_SoundDevices702_Telinga9_1059_edited_segment_0007.wav","XC1104097-Red-vented-Bulbul-singing-very-good-2026-04-18-Mamzar-Park,-Dubai,-UAE_SoundDevices702_Telinga9_1059_edited",Red-vented Bulbul,Pycnonotus cafer,"XC1104097-Red-vented-Bulbul-singing-very-good-2026-04-18-Mamzar-Park,-Dubai,-UAE_SoundDevices702_Telinga9_1059_edited.wav",7,17.5,22.5,5,27.775,32000,"dataset\segments\Pycnonotus_cafer\XC1104097-Red-vented-Bulbul-singing-very-good-2026-04-18-Mamzar-Park,-Dubai,-UAE_SoundDevices702_Telinga9_1059_edited_segment_0007.wav",train
"XC1104097-Red-vented-Bulbul-singing-very-good-2026-04-18-Mamzar-Park,-Dubai,-UAE_SoundDevices702_Telinga9_1059_edited_segment_0008.wav","XC1104097-Red-vented-Bulbul-singing-very-good-2026-04-18-Mamzar-Park,-Dubai,-UAE_SoundDevices702_Telinga9_1059_edited",Red-vented Bulbul,Pycnonotus cafer,"XC1104097-Red-vented-Bulbul-singing-very-good-2026-04-18-Mamzar-Park,-Dubai,-UAE_SoundDevices702_Telinga9_1059_edited.wav",8,20.0,25.0,5,27.775,32000,"dataset\segments\Pycnonotus_cafer\XC1104097-Red-vented-Bulbul-singing-very-good-2026-04-18-Mamzar-Park,-Dubai,-UAE_SoundDevices702_Telinga9_1059_edited_segment_0008.wav",train
"XC1104097-Red-vented-Bulbul-singing-very-good-2026-04-18-Mamzar-Park,-Dubai,-UAE_SoundDevices702_Telinga9_1059_edited_segment_0009.wav","XC1104097-Red-vented-Bulbul-singing-very-good-2026-04-18-Mamzar-Park,-Dubai,-UAE_SoundDevices702_Telinga9_1059_edited",Red-vented Bulbul,Pycnonotus cafer,"XC1104097-Red-vented-Bulbul-singing-very-good-2026-04-18-Mamzar-Park,-Dubai,-UAE_SoundDevices702_Telinga9_1059_edited.wav",9,22.5,27.5,5,27.775,32000,"dataset\segments\Pycnonotus_cafer\XC1104097-Red-vented-Bulbul-singing-very-good-2026-04-18-Mamzar-Park,-Dubai,-UAE_SoundDevices702_Telinga9_1059_edited_segment_0009.wav",train
"XC1107305-Red-vented-Bulbul-call-very-good-2026-04-20-Khor-Kalba,-Sharjah,-UAE_SoundDevices702_Telinga9_1128_edited_segment_0000.wav","XC1107305-Red-vented-Bulbul-call-very-good-2026-04-20-Khor-Kalba,-Sharjah,-UAE_SoundDevices702_Telinga9_1128_edited",Red-vented Bulbul,Pycnonotus cafer,"XC1107305-Red-vented-Bulbul-call-very-good-2026-04-20-Khor-Kalba,-Sharjah,-UAE_SoundDevices702_Telinga9_1128_edited.wav",0,0.0,5.0,5,26.254,32000,"dataset\segments\Pycnonotus_cafer\XC1107305-Red-vented-Bulbul-call-very-good-2026-04-20-Khor-Kalba,-Sharjah,-UAE_SoundDevices702_Telinga9_1128_edited_segment_0000.wav",train
"XC1107305-Red-vented-Bulbul-call-very-good-2026-04-20-Khor-Kalba,-Sharjah,-UAE_SoundDevices702_Telinga9_1128_edited_segment_0001.wav","XC1107305-Red-vented-Bulbul-call-very-good-2026-04-20-Khor-Kalba,-Sharjah,-UAE_SoundDevices702_Telinga9_1128_edited",Red-vented Bulbul,Pycnonotus cafer,"XC1107305-Red-vented-Bulbul-call-very-good-2026-04-20-Khor-Kalba,-Sharjah,-UAE_SoundDevices702_Telinga9_1128_edited.wav",1,2.5,7.5,5,26.254,32000,"dataset\segments\Pycnonotus_cafer\XC1107305-Red-vented-Bulbul-call-very-good-2026-04-20-Khor-Kalba,-Sharjah,-UAE_SoundDevices702_Telinga9_1128_edited_segment_0001.wav",train
"XC1107305-Red-vented-Bulbul-call-very-good-2026-04-20-Khor-Kalba,-Sharjah,-UAE_SoundDevices702_Telinga9_1128_edited_segment_0002.wav","XC1107305-Red-vented-Bulbul-call-very-good-2026-04-20-Khor-Kalba,-Sharjah,-UAE_SoundDevices702_Telinga9_1128_edited",Red-vented Bulbul,Pycnonotus cafer,"XC1107305-Red-vented-Bulbul-call-very-good-2026-04-20-Khor-Kalba,-Sharjah,-UAE_SoundDevices702_Telinga9_1128_edited.wav",2,5.0,10.0,5,26.254,32000,"dataset\segments\Pycnonotus_cafer\XC1107305-Red-vented-Bulbul-call-very-good-2026-04-20-Khor-Kalba,-Sharjah,-UAE_SoundDevices702_Telinga9_1128_edited_segment_0002.wav",train
"XC1107305-Red-vented-Bulbul-call-very-good-2026-04-20-Khor-Kalba,-Sharjah,-UAE_SoundDevices702_Telinga9_1128_edited_segment_0003.wav","XC1107305-Red-vented-Bulbul-call-very-good-2026-04-20-Khor-Kalba,-Sharjah,-UAE_SoundDevices702_Telinga9_1128_edited",Red-vented Bulbul,Pycnonotus cafer,"XC1107305-Red-vented-Bulbul-call-very-good-2026-04-20-Khor-Kalba,-Sharjah,-UAE_SoundDevices702_Telinga9_1128_edited.wav",3,7.5,12.5,5,26.254,32000,"dataset\segments\Pycnonotus_cafer\XC1107305-Red-vented-Bulbul-call-very-good-2026-04-20-Khor-Kalba,-Sharjah,-UAE_SoundDevices702_Telinga9_1128_edited_segment_0003.wav",train
"XC1107305-Red-vented-Bulbul-call-very-good-2026-04-20-Khor-Kalba,-Sharjah,-UAE_SoundDevices702_Telinga9_1128_edited_segment_0004.wav","XC1107305-Red-vented-Bulbul-call-very-good-2026-04-20-Khor-Kalba,-Sharjah,-UAE_SoundDevices702_Telinga9_1128_edited",Red-vented Bulbul,Pycnonotus cafer,"XC1107305-Red-vented-Bulbul-call-very-good-2026-04-20-Khor-Kalba,-Sharjah,-UAE_SoundDevices702_Telinga9_1128_edited.wav",4,10.0,15.0,5,26.254,32000,"dataset\segments\Pycnonotus_cafer\XC1107305-Red-vented-Bulbul-call-very-good-2026-04-20-Khor-Kalba,-Sharjah,-UAE_SoundDevices702_Telinga9_1128_edited_segment_0004.wav",train
"XC1107305-Red-vented-Bulbul-call-very-good-2026-04-20-Khor-Kalba,-Sharjah,-UAE_SoundDevices702_Telinga9_1128_edited_segment_0005.wav","XC1107305-Red-vented-Bulbul-call-very-good-2026-04-20-Khor-Kalba,-Sharjah,-UAE_SoundDevices702_Telinga9_1128_edited",Red-vented Bulbul,Pycnonotus cafer,"XC1107305-Red-vented-Bulbul-call-very-good-2026-04-20-Khor-Kalba,-Sharjah,-UAE_SoundDevices702_Telinga9_1128_edited.wav",5,12.5,17.5,5,26.254,32000,"dataset\segments\Pycnonotus_cafer\XC1107305-Red-vented-Bulbul-call-very-good-2026-04-20-Khor-Kalba,-Sharjah,-UAE_SoundDevices702_Telinga9_1128_edited_segment_0005.wav",train
"XC1107305-Red-vented-Bulbul-call-very-good-2026-04-20-Khor-Kalba,-Sharjah,-UAE_SoundDevices702_Telinga9_1128_edited_segment_0006.wav","XC1107305-Red-vented-Bulbul-call-very-good-2026-04-20-Khor-Kalba,-Sharjah,-UAE_SoundDevices702_Telinga9_1128_edited",Red-vented Bulbul,Pycnonotus cafer,"XC1107305-Red-vented-Bulbul-call-very-good-2026-04-20-Khor-Kalba,-Sharjah,-UAE_SoundDevices702_Telinga9_1128_edited.wav",6,15.0,20.0,5,26.254,32000,"dataset\segments\Pycnonotus_cafer\XC1107305-Red-vented-Bulbul-call-very-good-2026-04-20-Khor-Kalba,-Sharjah,-UAE_SoundDevices702_Telinga9_1128_edited_segment_0006.wav",train
"XC1107305-Red-vented-Bulbul-call-very-good-2026-04-20-Khor-Kalba,-Sharjah,-UAE_SoundDevices702_Telinga9_1128_edited_segment_0007.wav","XC1107305-Red-vented-Bulbul-call-very-good-2026-04-20-Khor-Kalba,-Sharjah,-UAE_SoundDevices702_Telinga9_1128_edited",Red-vented Bulbul,Pycnonotus cafer,"XC1107305-Red-vented-Bulbul-call-very-good-2026-04-20-Khor-Kalba,-Sharjah,-UAE_SoundDevices702_Telinga9_1128_edited.wav",7,17.5,22.5,5,26.254,32000,"dataset\segments\Pycnonotus_cafer\XC1107305-Red-vented-Bulbul-call-very-good-2026-04-20-Khor-Kalba,-Sharjah,-UAE_SoundDevices702_Telinga9_1128_edited_segment_0007.wav",train
"XC1107305-Red-vented-Bulbul-call-very-good-2026-04-20-Khor-Kalba,-Sharjah,-UAE_SoundDevices702_Telinga9_1128_edited_segment_0008.wav","XC1107305-Red-vented-Bulbul-call-very-good-2026-04-20-Khor-Kalba,-Sharjah,-UAE_SoundDevices702_Telinga9_1128_edited",Red-vented Bulbul,Pycnonotus cafer,"XC1107305-Red-vented-Bulbul-call-very-good-2026-04-20-Khor-Kalba,-Sharjah,-UAE_SoundDevices702_Telinga9_1128_edited.wav",8,20.0,25.0,5,26.254,32000,"dataset\segments\Pycnonotus_cafer\XC1107305-Red-vented-Bulbul-call-very-good-2026-04-20-Khor-Kalba,-Sharjah,-UAE_SoundDevices702_Telinga9_1128_edited_segment_0008.wav",train
"XC1135923-Red-vented-Bulbul-singing-very-good-2021-04-09-Barbar-Farm,-Bahrain_405_edited_segment_0000.wav","XC1135923-Red-vented-Bulbul-singing-very-good-2021-04-09-Barbar-Farm,-Bahrain_405_edited",Red-vented Bulbul,Pycnonotus cafer,"XC1135923-Red-vented-Bulbul-singing-very-good-2021-04-09-Barbar-Farm,-Bahrain_405_edited.wav",0,0.0,5.0,5,24.201,32000,"dataset\segments\Pycnonotus_cafer\XC1135923-Red-vented-Bulbul-singing-very-good-2021-04-09-Barbar-Farm,-Bahrain_405_edited_segment_0000.wav",train
"XC1135923-Red-vented-Bulbul-singing-very-good-2021-04-09-Barbar-Farm,-Bahrain_405_edited_segment_0001.wav","XC1135923-Red-vented-Bulbul-singing-very-good-2021-04-09-Barbar-Farm,-Bahrain_405_edited",Red-vented Bulbul,Pycnonotus cafer,"XC1135923-Red-vented-Bulbul-singing-very-good-2021-04-09-Barbar-Farm,-Bahrain_405_edited.wav",1,2.5,7.5,5,24.201,32000,"dataset\segments\Pycnonotus_cafer\XC1135923-Red-vented-Bulbul-singing-very-good-2021-04-09-Barbar-Farm,-Bahrain_405_edited_segment_0001.wav",train
"XC1135923-Red-vented-Bulbul-singing-very-good-2021-04-09-Barbar-Farm,-Bahrain_405_edited_segment_0002.wav","XC1135923-Red-vented-Bulbul-singing-very-good-2021-04-09-Barbar-Farm,-Bahrain_405_edited",Red-vented Bulbul,Pycnonotus cafer,"XC1135923-Red-vented-Bulbul-singing-very-good-2021-04-09-Barbar-Farm,-Bahrain_405_edited.wav",2,5.0,10.0,5,24.201,32000,"dataset\segments\Pycnonotus_cafer\XC1135923-Red-vented-Bulbul-singing-very-good-2021-04-09-Barbar-Farm,-Bahrain_405_edited_segment_0002.wav",train
"XC1135923-Red-vented-Bulbul-singing-very-good-2021-04-09-Barbar-Farm,-Bahrain_405_edited_segment_0003.wav","XC1135923-Red-vented-Bulbul-singing-very-good-2021-04-09-Barbar-Farm,-Bahrain_405_edited",Red-vented Bulbul,Pycnonotus cafer,"XC1135923-Red-vented-Bulbul-singing-very-good-2021-04-09-Barbar-Farm,-Bahrain_405_edited.wav",3,7.5,12.5,5,24.201,32000,"dataset\segments\Pycnonotus_cafer\XC1135923-Red-vented-Bulbul-singing-very-good-2021-04-09-Barbar-Farm,-Bahrain_405_edited_segment_0003.wav",train
"XC1135923-Red-vented-Bulbul-singing-very-good-2021-04-09-Barbar-Farm,-Bahrain_405_edited_segment_0004.wav","XC1135923-Red-vented-Bulbul-singing-very-good-2021-04-09-Barbar-Farm,-Bahrain_405_edited",Red-vented Bulbul,Pycnonotus cafer,"XC1135923-Red-vented-Bulbul-singing-very-good-2021-04-09-Barbar-Farm,-Bahrain_405_edited.wav",4,10.0,15.0,5,24.201,32000,"dataset\segments\Pycnonotus_cafer\XC1135923-Red-vented-Bulbul-singing-very-good-2021-04-09-Barbar-Farm,-Bahrain_405_edited_segment_0004.wav",train
"XC1135923-Red-vented-Bulbul-singing-very-good-2021-04-09-Barbar-Farm,-Bahrain_405_edited_segment_0005.wav","XC1135923-Red-vented-Bulbul-singing-very-good-2021-04-09-Barbar-Farm,-Bahrain_405_edited",Red-vented Bulbul,Pycnonotus cafer,"XC1135923-Red-vented-Bulbul-singing-very-good-2021-04-09-Barbar-Farm,-Bahrain_405_edited.wav",5,12.5,17.5,5,24.201,32000,"dataset\segments\Pycnonotus_cafer\XC1135923-Red-vented-Bulbul-singing-very-good-2021-04-09-Barbar-Farm,-Bahrain_405_edited_segment_0005.wav",train
"XC1135923-Red-vented-Bulbul-singing-very-good-2021-04-09-Barbar-Farm,-Bahrain_405_edited_segment_0006.wav","XC1135923-Red-vented-Bulbul-singing-very-good-2021-04-09-Barbar-Farm,-Bahrain_405_edited",Red-vented Bulbul,Pycnonotus cafer,"XC1135923-Red-vented-Bulbul-singing-very-good-2021-04-09-Barbar-Farm,-Bahrain_405_edited.wav",6,15.0,20.0,5,24.201,32000,"dataset\segments\Pycnonotus_cafer\XC1135923-Red-vented-Bulbul-singing-very-good-2021-04-09-Barbar-Farm,-Bahrain_405_edited_segment_0006.wav",train
"XC1135923-Red-vented-Bulbul-singing-very-good-2021-04-09-Barbar-Farm,-Bahrain_405_edited_segment_0007.wav","XC1135923-Red-vented-Bulbul-singing-very-good-2021-04-09-Barbar-Farm,-Bahrain_405_edited",Red-vented Bulbul,Pycnonotus cafer,"XC1135923-Red-vented-Bulbul-singing-very-good-2021-04-09-Barbar-Farm,-Bahrain_405_edited.wav",7,17.5,22.5,5,24.201,32000,"dataset\segments\Pycnonotus_cafer\XC1135923-Red-vented-Bulbul-singing-very-good-2021-04-09-Barbar-Farm,-Bahrain_405_edited_segment_0007.wav",train
"XC1135926-Red-vented-Bulbul-singing-very-good-2022-03-31-Open-Beach,-Sufouh,-Dubai,-UAE_1315_edited_segment_0000.wav","XC1135926-Red-vented-Bulbul-singing-very-good-2022-03-31-Open-Beach,-Sufouh,-Dubai,-UAE_1315_edited",Red-vented Bulbul,Pycnonotus cafer,"XC1135926-Red-vented-Bulbul-singing-very-good-2022-03-31-Open-Beach,-Sufouh,-Dubai,-UAE_1315_edited.wav",0,0.0,5.0,5,61.006,32000,"dataset\segments\Pycnonotus_cafer\XC1135926-Red-vented-Bulbul-singing-very-good-2022-03-31-Open-Beach,-Sufouh,-Dubai,-UAE_1315_edited_segment_0000.wav",train
"XC1135926-Red-vented-Bulbul-singing-very-good-2022-03-31-Open-Beach,-Sufouh,-Dubai,-UAE_1315_edited_segment_0001.wav","XC1135926-Red-vented-Bulbul-singing-very-good-2022-03-31-Open-Beach,-Sufouh,-Dubai,-UAE_1315_edited",Red-vented Bulbul,Pycnonotus cafer,"XC1135926-Red-vented-Bulbul-singing-very-good-2022-03-31-Open-Beach,-Sufouh,-Dubai,-UAE_1315_edited.wav",1,2.5,7.5,5,61.006,32000,"dataset\segments\Pycnonotus_cafer\XC1135926-Red-vented-Bulbul-singing-very-good-2022-03-31-Open-Beach,-Sufouh,-Dubai,-UAE_1315_edited_segment_0001.wav",train
"XC1135926-Red-vented-Bulbul-singing-very-good-2022-03-31-Open-Beach,-Sufouh,-Dubai,-UAE_1315_edited_segment_0002.wav","XC1135926-Red-vented-Bulbul-singing-very-good-2022-03-31-Open-Beach,-Sufouh,-Dubai,-UAE_1315_edited",Red-vented Bulbul,Pycnonotus cafer,"XC1135926-Red-vented-Bulbul-singing-very-good-2022-03-31-Open-Beach,-Sufouh,-Dubai,-UAE_1315_edited.wav",2,5.0,10.0,5,61.006,32000,"dataset\segments\Pycnonotus_cafer\XC1135926-Red-vented-Bulbul-singing-very-good-2022-03-31-Open-Beach,-Sufouh,-Dubai,-UAE_1315_edited_segment_0002.wav",train
"XC1135926-Red-vented-Bulbul-singing-very-good-2022-03-31-Open-Beach,-Sufouh,-Dubai,-UAE_1315_edited_segment_0003.wav","XC1135926-Red-vented-Bulbul-singing-very-good-2022-03-31-Open-Beach,-Sufouh,-Dubai,-UAE_1315_edited",Red-vented Bulbul,Pycnonotus cafer,"XC1135926-Red-vented-Bulbul-singing-very-good-2022-03-31-Open-Beach,-Sufouh,-Dubai,-UAE_1315_edited.wav",3,7.5,12.5,5,61.006,32000,"dataset\segments\Pycnonotus_cafer\XC1135926-Red-vented-Bulbul-singing-very-good-2022-03-31-Open-Beach,-Sufouh,-Dubai,-UAE_1315_edited_segment_0003.wav",train
"XC1135926-Red-vented-Bulbul-singing-very-good-2022-03-31-Open-Beach,-Sufouh,-Dubai,-UAE_1315_edited_segment_0004.wav","XC1135926-Red-vented-Bulbul-singing-very-good-2022-03-31-Open-Beach,-Sufouh,-Dubai,-UAE_1315_edited",Red-vented Bulbul,Pycnonotus cafer,"XC1135926-Red-vented-Bulbul-singing-very-good-2022-03-31-Open-Beach,-Sufouh,-Dubai,-UAE_1315_edited.wav",4,10.0,15.0,5,61.006,32000,"dataset\segments\Pycnonotus_cafer\XC1135926-Red-vented-Bulbul-singing-very-good-2022-03-31-Open-Beach,-Sufouh,-Dubai,-UAE_1315_edited_segment_0004.wav",train
"XC1135926-Red-vented-Bulbul-singing-very-good-2022-03-31-Open-Beach,-Sufouh,-Dubai,-UAE_1315_edited_segment_0005.wav","XC1135926-Red-vented-Bulbul-singing-very-good-2022-03-31-Open-Beach,-Sufouh,-Dubai,-UAE_1315_edited",Red-vented Bulbul,Pycnonotus cafer,"XC1135926-Red-vented-Bulbul-singing-very-good-2022-03-31-Open-Beach,-Sufouh,-Dubai,-UAE_1315_edited.wav",5,12.5,17.5,5,61.006,32000,"dataset\segments\Pycnonotus_cafer\XC1135926-Red-vented-Bulbul-singing-very-good-2022-03-31-Open-Beach,-Sufouh,-Dubai,-UAE_1315_edited_segment_0005.wav",train
"XC1135926-Red-vented-Bulbul-singing-very-good-2022-03-31-Open-Beach,-Sufouh,-Dubai,-UAE_1315_edited_segment_0006.wav","XC1135926-Red-vented-Bulbul-singing-very-good-2022-03-31-Open-Beach,-Sufouh,-Dubai,-UAE_1315_edited",Red-vented Bulbul,Pycnonotus cafer,"XC1135926-Red-vented-Bulbul-singing-very-good-2022-03-31-Open-Beach,-Sufouh,-Dubai,-UAE_1315_edited.wav",6,15.0,20.0,5,61.006,32000,"dataset\segments\Pycnonotus_cafer\XC1135926-Red-vented-Bulbul-singing-very-good-2022-03-31-Open-Beach,-Sufouh,-Dubai,-UAE_1315_edited_segment_0006.wav",train
"XC1135926-Red-vented-Bulbul-singing-very-good-2022-03-31-Open-Beach,-Sufouh,-Dubai,-UAE_1315_edited_segment_0007.wav","XC1135926-Red-vented-Bulbul-singing-very-good-2022-03-31-Open-Beach,-Sufouh,-Dubai,-UAE_1315_edited",Red-vented Bulbul,Pycnonotus cafer,"XC1135926-Red-vented-Bulbul-singing-very-good-2022-03-31-Open-Beach,-Sufouh,-Dubai,-UAE_1315_edited.wav",7,17.5,22.5,5,61.006,32000,"dataset\segments\Pycnonotus_cafer\XC1135926-Red-vented-Bulbul-singing-very-good-2022-03-31-Open-Beach,-Sufouh,-Dubai,-UAE_1315_edited_segment_0007.wav",train
"XC1135926-Red-vented-Bulbul-singing-very-good-2022-03-31-Open-Beach,-Sufouh,-Dubai,-UAE_1315_edited_segment_0008.wav","XC1135926-Red-vented-Bulbul-singing-very-good-2022-03-31-Open-Beach,-Sufouh,-Dubai,-UAE_1315_edited",Red-vented Bulbul,Pycnonotus cafer,"XC1135926-Red-vented-Bulbul-singing-very-good-2022-03-31-Open-Beach,-Sufouh,-Dubai,-UAE_1315_edited.wav",8,20.0,25.0,5,61.006,32000,"dataset\segments\Pycnonotus_cafer\XC1135926-Red-vented-Bulbul-singing-very-good-2022-03-31-Open-Beach,-Sufouh,-Dubai,-UAE_1315_edited_segment_0008.wav",train
"XC1135926-Red-vented-Bulbul-singing-very-good-2022-03-31-Open-Beach,-Sufouh,-Dubai,-UAE_1315_edited_segment_0009.wav","XC1135926-Red-vented-Bulbul-singing-very-good-2022-03-31-Open-Beach,-Sufouh,-Dubai,-UAE_1315_edited",Red-vented Bulbul,Pycnonotus cafer,"XC1135926-Red-vented-Bulbul-singing-very-good-2022-03-31-Open-Beach,-Sufouh,-Dubai,-UAE_1315_edited.wav",9,22.5,27.5,5,61.006,32000,"dataset\segments\Pycnonotus_cafer\XC1135926-Red-vented-Bulbul-singing-very-good-2022-03-31-Open-Beach,-Sufouh,-Dubai,-UAE_1315_edited_segment_0009.wav",train
"XC1135926-Red-vented-Bulbul-singing-very-good-2022-03-31-Open-Beach,-Sufouh,-Dubai,-UAE_1315_edited_segment_0010.wav","XC1135926-Red-vented-Bulbul-singing-very-good-2022-03-31-Open-Beach,-Sufouh,-Dubai,-UAE_1315_edited",Red-vented Bulbul,Pycnonotus cafer,"XC1135926-Red-vented-Bulbul-singing-very-good-2022-03-31-Open-Beach,-Sufouh,-Dubai,-UAE_1315_edited.wav",10,25.0,30.0,5,61.006,32000,"dataset\segments\Pycnonotus_cafer\XC1135926-Red-vented-Bulbul-singing-very-good-2022-03-31-Open-Beach,-Sufouh,-Dubai,-UAE_1315_edited_segment_0010.wav",train
"XC1135926-Red-vented-Bulbul-singing-very-good-2022-03-31-Open-Beach,-Sufouh,-Dubai,-UAE_1315_edited_segment_0011.wav","XC1135926-Red-vented-Bulbul-singing-very-good-2022-03-31-Open-Beach,-Sufouh,-Dubai,-UAE_1315_edited",Red-vented Bulbul,Pycnonotus cafer,"XC1135926-Red-vented-Bulbul-singing-very-good-2022-03-31-Open-Beach,-Sufouh,-Dubai,-UAE_1315_edited.wav",11,27.5,32.5,5,61.006,32000,"dataset\segments\Pycnonotus_cafer\XC1135926-Red-vented-Bulbul-singing-very-good-2022-03-31-Open-Beach,-Sufouh,-Dubai,-UAE_1315_edited_segment_0011.wav",train
"XC1135926-Red-vented-Bulbul-singing-very-good-2022-03-31-Open-Beach,-Sufouh,-Dubai,-UAE_1315_edited_segment_0012.wav","XC1135926-Red-vented-Bulbul-singing-very-good-2022-03-31-Open-Beach,-Sufouh,-Dubai,-UAE_1315_edited",Red-vented Bulbul,Pycnonotus cafer,"XC1135926-Red-vented-Bulbul-singing-very-good-2022-03-31-Open-Beach,-Sufouh,-Dubai,-UAE_1315_edited.wav",12,30.0,35.0,5,61.006,32000,"dataset\segments\Pycnonotus_cafer\XC1135926-Red-vented-Bulbul-singing-very-good-2022-03-31-Open-Beach,-Sufouh,-Dubai,-UAE_1315_edited_segment_0012.wav",train
"XC1135926-Red-vented-Bulbul-singing-very-good-2022-03-31-Open-Beach,-Sufouh,-Dubai,-UAE_1315_edited_segment_0013.wav","XC1135926-Red-vented-Bulbul-singing-very-good-2022-03-31-Open-Beach,-Sufouh,-Dubai,-UAE_1315_edited",Red-vented Bulbul,Pycnonotus cafer,"XC1135926-Red-vented-Bulbul-singing-very-good-2022-03-31-Open-Beach,-Sufouh,-Dubai,-UAE_1315_edited.wav",13,32.5,37.5,5,61.006,32000,"dataset\segments\Pycnonotus_cafer\XC1135926-Red-vented-Bulbul-singing-very-good-2022-03-31-Open-Beach,-Sufouh,-Dubai,-UAE_1315_edited_segment_0013.wav",train
"XC1135926-Red-vented-Bulbul-singing-very-good-2022-03-31-Open-Beach,-Sufouh,-Dubai,-UAE_1315_edited_segment_0014.wav","XC1135926-Red-vented-Bulbul-singing-very-good-2022-03-31-Open-Beach,-Sufouh,-Dubai,-UAE_1315_edited",Red-vented Bulbul,Pycnonotus cafer,"XC1135926-Red-vented-Bulbul-singing-very-good-2022-03-31-Open-Beach,-Sufouh,-Dubai,-UAE_1315_edited.wav",14,35.0,40.0,5,61.006,32000,"dataset\segments\Pycnonotus_cafer\XC1135926-Red-vented-Bulbul-singing-very-good-2022-03-31-Open-Beach,-Sufouh,-Dubai,-UAE_1315_edited_segment_0014.wav",train
"XC1135926-Red-vented-Bulbul-singing-very-good-2022-03-31-Open-Beach,-Sufouh,-Dubai,-UAE_1315_edited_segment_0015.wav","XC1135926-Red-vented-Bulbul-singing-very-good-2022-03-31-Open-Beach,-Sufouh,-Dubai,-UAE_1315_edited",Red-vented Bulbul,Pycnonotus cafer,"XC1135926-Red-vented-Bulbul-singing-very-good-2022-03-31-Open-Beach,-Sufouh,-Dubai,-UAE_1315_edited.wav",15,37.5,42.5,5,61.006,32000,"dataset\segments\Pycnonotus_cafer\XC1135926-Red-vented-Bulbul-singing-very-good-2022-03-31-Open-Beach,-Sufouh,-Dubai,-UAE_1315_edited_segment_0015.wav",train
"XC1135926-Red-vented-Bulbul-singing-very-good-2022-03-31-Open-Beach,-Sufouh,-Dubai,-UAE_1315_edited_segment_0016.wav","XC1135926-Red-vented-Bulbul-singing-very-good-2022-03-31-Open-Beach,-Sufouh,-Dubai,-UAE_1315_edited",Red-vented Bulbul,Pycnonotus cafer,"XC1135926-Red-vented-Bulbul-singing-very-good-2022-03-31-Open-Beach,-Sufouh,-Dubai,-UAE_1315_edited.wav",16,40.0,45.0,5,61.006,32000,"dataset\segments\Pycnonotus_cafer\XC1135926-Red-vented-Bulbul-singing-very-good-2022-03-31-Open-Beach,-Sufouh,-Dubai,-UAE_1315_edited_segment_0016.wav",train
"XC1135926-Red-vented-Bulbul-singing-very-good-2022-03-31-Open-Beach,-Sufouh,-Dubai,-UAE_1315_edited_segment_0017.wav","XC1135926-Red-vented-Bulbul-singing-very-good-2022-03-31-Open-Beach,-Sufouh,-Dubai,-UAE_1315_edited",Red-vented Bulbul,Pycnonotus cafer,"XC1135926-Red-vented-Bulbul-singing-very-good-2022-03-31-Open-Beach,-Sufouh,-Dubai,-UAE_1315_edited.wav",17,42.5,47.5,5,61.006,32000,"dataset\segments\Pycnonotus_cafer\XC1135926-Red-vented-Bulbul-singing-very-good-2022-03-31-Open-Beach,-Sufouh,-Dubai,-UAE_1315_edited_segment_0017.wav",train
"XC1135926-Red-vented-Bulbul-singing-very-good-2022-03-31-Open-Beach,-Sufouh,-Dubai,-UAE_1315_edited_segment_0018.wav","XC1135926-Red-vented-Bulbul-singing-very-good-2022-03-31-Open-Beach,-Sufouh,-Dubai,-UAE_1315_edited",Red-vented Bulbul,Pycnonotus cafer,"XC1135926-Red-vented-Bulbul-singing-very-good-2022-03-31-Open-Beach,-Sufouh,-Dubai,-UAE_1315_edited.wav",18,45.0,50.0,5,61.006,32000,"dataset\segments\Pycnonotus_cafer\XC1135926-Red-vented-Bulbul-singing-very-good-2022-03-31-Open-Beach,-Sufouh,-Dubai,-UAE_1315_edited_segment_0018.wav",train
"XC1135926-Red-vented-Bulbul-singing-very-good-2022-03-31-Open-Beach,-Sufouh,-Dubai,-UAE_1315_edited_segment_0019.wav","XC1135926-Red-vented-Bulbul-singing-very-good-2022-03-31-Open-Beach,-Sufouh,-Dubai,-UAE_1315_edited",Red-vented Bulbul,Pycnonotus cafer,"XC1135926-Red-vented-Bulbul-singing-very-good-2022-03-31-Open-Beach,-Sufouh,-Dubai,-UAE_1315_edited.wav",19,47.5,52.5,5,61.006,32000,"dataset\segments\Pycnonotus_cafer\XC1135926-Red-vented-Bulbul-singing-very-good-2022-03-31-Open-Beach,-Sufouh,-Dubai,-UAE_1315_edited_segment_0019.wav",train
"XC1135926-Red-vented-Bulbul-singing-very-good-2022-03-31-Open-Beach,-Sufouh,-Dubai,-UAE_1315_edited_segment_0020.wav","XC1135926-Red-vented-Bulbul-singing-very-good-2022-03-31-Open-Beach,-Sufouh,-Dubai,-UAE_1315_edited",Red-vented Bulbul,Pycnonotus cafer,"XC1135926-Red-vented-Bulbul-singing-very-good-2022-03-31-Open-Beach,-Sufouh,-Dubai,-UAE_1315_edited.wav",20,50.0,55.0,5,61.006,32000,"dataset\segments\Pycnonotus_cafer\XC1135926-Red-vented-Bulbul-singing-very-good-2022-03-31-Open-Beach,-Sufouh,-Dubai,-UAE_1315_edited_segment_0020.wav",train
"XC1135926-Red-vented-Bulbul-singing-very-good-2022-03-31-Open-Beach,-Sufouh,-Dubai,-UAE_1315_edited_segment_0021.wav","XC1135926-Red-vented-Bulbul-singing-very-good-2022-03-31-Open-Beach,-Sufouh,-Dubai,-UAE_1315_edited",Red-vented Bulbul,Pycnonotus cafer,"XC1135926-Red-vented-Bulbul-singing-very-good-2022-03-31-Open-Beach,-Sufouh,-Dubai,-UAE_1315_edited.wav",21,52.5,57.5,5,61.006,32000,"dataset\segments\Pycnonotus_cafer\XC1135926-Red-vented-Bulbul-singing-very-good-2022-03-31-Open-Beach,-Sufouh,-Dubai,-UAE_1315_edited_segment_0021.wav",train
"XC1135926-Red-vented-Bulbul-singing-very-good-2022-03-31-Open-Beach,-Sufouh,-Dubai,-UAE_1315_edited_segment_0022.wav","XC1135926-Red-vented-Bulbul-singing-very-good-2022-03-31-Open-Beach,-Sufouh,-Dubai,-UAE_1315_edited",Red-vented Bulbul,Pycnonotus cafer,"XC1135926-Red-vented-Bulbul-singing-very-good-2022-03-31-Open-Beach,-Sufouh,-Dubai,-UAE_1315_edited.wav",22,55.0,60.0,5,61.006,32000,"dataset\segments\Pycnonotus_cafer\XC1135926-Red-vented-Bulbul-singing-very-good-2022-03-31-Open-Beach,-Sufouh,-Dubai,-UAE_1315_edited_segment_0022.wav",train
"XC1155855-Red-vented-Bulbul-call-very-good-Jumeirah-Village-Triangle,-Dubai-UAE_SoundDevices702_Telinga9_1967_edited_segment_0000.wav","XC1155855-Red-vented-Bulbul-call-very-good-Jumeirah-Village-Triangle,-Dubai-UAE_SoundDevices702_Telinga9_1967_edited",Red-vented Bulbul,Pycnonotus cafer,"XC1155855-Red-vented-Bulbul-call-very-good-Jumeirah-Village-Triangle,-Dubai-UAE_SoundDevices702_Telinga9_1967_edited.wav",0,0.0,5.0,5,25.081,32000,"dataset\segments\Pycnonotus_cafer\XC1155855-Red-vented-Bulbul-call-very-good-Jumeirah-Village-Triangle,-Dubai-UAE_SoundDevices702_Telinga9_1967_edited_segment_0000.wav",train
"XC1155855-Red-vented-Bulbul-call-very-good-Jumeirah-Village-Triangle,-Dubai-UAE_SoundDevices702_Telinga9_1967_edited_segment_0001.wav","XC1155855-Red-vented-Bulbul-call-very-good-Jumeirah-Village-Triangle,-Dubai-UAE_SoundDevices702_Telinga9_1967_edited",Red-vented Bulbul,Pycnonotus cafer,"XC1155855-Red-vented-Bulbul-call-very-good-Jumeirah-Village-Triangle,-Dubai-UAE_SoundDevices702_Telinga9_1967_edited.wav",1,2.5,7.5,5,25.081,32000,"dataset\segments\Pycnonotus_cafer\XC1155855-Red-vented-Bulbul-call-very-good-Jumeirah-Village-Triangle,-Dubai-UAE_SoundDevices702_Telinga9_1967_edited_segment_0001.wav",train
"XC1155855-Red-vented-Bulbul-call-very-good-Jumeirah-Village-Triangle,-Dubai-UAE_SoundDevices702_Telinga9_1967_edited_segment_0002.wav","XC1155855-Red-vented-Bulbul-call-very-good-Jumeirah-Village-Triangle,-Dubai-UAE_SoundDevices702_Telinga9_1967_edited",Red-vented Bulbul,Pycnonotus cafer,"XC1155855-Red-vented-Bulbul-call-very-good-Jumeirah-Village-Triangle,-Dubai-UAE_SoundDevices702_Telinga9_1967_edited.wav",2,5.0,10.0,5,25.081,32000,"dataset\segments\Pycnonotus_cafer\XC1155855-Red-vented-Bulbul-call-very-good-Jumeirah-Village-Triangle,-Dubai-UAE_SoundDevices702_Telinga9_1967_edited_segment_0002.wav",train
"XC1155855-Red-vented-Bulbul-call-very-good-Jumeirah-Village-Triangle,-Dubai-UAE_SoundDevices702_Telinga9_1967_edited_segment_0003.wav","XC1155855-Red-vented-Bulbul-call-very-good-Jumeirah-Village-Triangle,-Dubai-UAE_SoundDevices702_Telinga9_1967_edited",Red-vented Bulbul,Pycnonotus cafer,"XC1155855-Red-vented-Bulbul-call-very-good-Jumeirah-Village-Triangle,-Dubai-UAE_SoundDevices702_Telinga9_1967_edited.wav",3,7.5,12.5,5,25.081,32000,"dataset\segments\Pycnonotus_cafer\XC1155855-Red-vented-Bulbul-call-very-good-Jumeirah-Village-Triangle,-Dubai-UAE_SoundDevices702_Telinga9_1967_edited_segment_0003.wav",train
"XC1155855-Red-vented-Bulbul-call-very-good-Jumeirah-Village-Triangle,-Dubai-UAE_SoundDevices702_Telinga9_1967_edited_segment_0004.wav","XC1155855-Red-vented-Bulbul-call-very-good-Jumeirah-Village-Triangle,-Dubai-UAE_SoundDevices702_Telinga9_1967_edited",Red-vented Bulbul,Pycnonotus cafer,"XC1155855-Red-vented-Bulbul-call-very-good-Jumeirah-Village-Triangle,-Dubai-UAE_SoundDevices702_Telinga9_1967_edited.wav",4,10.0,15.0,5,25.081,32000,"dataset\segments\Pycnonotus_cafer\XC1155855-Red-vented-Bulbul-call-very-good-Jumeirah-Village-Triangle,-Dubai-UAE_SoundDevices702_Telinga9_1967_edited_segment_0004.wav",train
"XC1155855-Red-vented-Bulbul-call-very-good-Jumeirah-Village-Triangle,-Dubai-UAE_SoundDevices702_Telinga9_1967_edited_segment_0005.wav","XC1155855-Red-vented-Bulbul-call-very-good-Jumeirah-Village-Triangle,-Dubai-UAE_SoundDevices702_Telinga9_1967_edited",Red-vented Bulbul,Pycnonotus cafer,"XC1155855-Red-vented-Bulbul-call-very-good-Jumeirah-Village-Triangle,-Dubai-UAE_SoundDevices702_Telinga9_1967_edited.wav",5,12.5,17.5,5,25.081,32000,"dataset\segments\Pycnonotus_cafer\XC1155855-Red-vented-Bulbul-call-very-good-Jumeirah-Village-Triangle,-Dubai-UAE_SoundDevices702_Telinga9_1967_edited_segment_0005.wav",train
"XC1155855-Red-vented-Bulbul-call-very-good-Jumeirah-Village-Triangle,-Dubai-UAE_SoundDevices702_Telinga9_1967_edited_segment_0006.wav","XC1155855-Red-vented-Bulbul-call-very-good-Jumeirah-Village-Triangle,-Dubai-UAE_SoundDevices702_Telinga9_1967_edited",Red-vented Bulbul,Pycnonotus cafer,"XC1155855-Red-vented-Bulbul-call-very-good-Jumeirah-Village-Triangle,-Dubai-UAE_SoundDevices702_Telinga9_1967_edited.wav",6,15.0,20.0,5,25.081,32000,"dataset\segments\Pycnonotus_cafer\XC1155855-Red-vented-Bulbul-call-very-good-Jumeirah-Village-Triangle,-Dubai-UAE_SoundDevices702_Telinga9_1967_edited_segment_0006.wav",train
"XC1155855-Red-vented-Bulbul-call-very-good-Jumeirah-Village-Triangle,-Dubai-UAE_SoundDevices702_Telinga9_1967_edited_segment_0007.wav","XC1155855-Red-vented-Bulbul-call-very-good-Jumeirah-Village-Triangle,-Dubai-UAE_SoundDevices702_Telinga9_1967_edited",Red-vented Bulbul,Pycnonotus cafer,"XC1155855-Red-vented-Bulbul-call-very-good-Jumeirah-Village-Triangle,-Dubai-UAE_SoundDevices702_Telinga9_1967_edited.wav",7,17.5,22.5,5,25.081,32000,"dataset\segments\Pycnonotus_cafer\XC1155855-Red-vented-Bulbul-call-very-good-Jumeirah-Village-Triangle,-Dubai-UAE_SoundDevices702_Telinga9_1967_edited_segment_0007.wav",train
"XC1155855-Red-vented-Bulbul-call-very-good-Jumeirah-Village-Triangle,-Dubai-UAE_SoundDevices702_Telinga9_1967_edited_segment_0008.wav","XC1155855-Red-vented-Bulbul-call-very-good-Jumeirah-Village-Triangle,-Dubai-UAE_SoundDevices702_Telinga9_1967_edited",Red-vented Bulbul,Pycnonotus cafer,"XC1155855-Red-vented-Bulbul-call-very-good-Jumeirah-Village-Triangle,-Dubai-UAE_SoundDevices702_Telinga9_1967_edited.wav",8,20.0,25.0,5,25.081,32000,"dataset\segments\Pycnonotus_cafer\XC1155855-Red-vented-Bulbul-call-very-good-Jumeirah-Village-Triangle,-Dubai-UAE_SoundDevices702_Telinga9_1967_edited_segment_0008.wav",train
"XC1155857-Red-vented-Bulbul-singing-very-good-Jumeirah-Village-Triangle,-Dubai-UAE_SoundDevices702_Telinga9_1968_edited_segment_0000.wav","XC1155857-Red-vented-Bulbul-singing-very-good-Jumeirah-Village-Triangle,-Dubai-UAE_SoundDevices702_Telinga9_1968_edited",Red-vented Bulbul,Pycnonotus cafer,"XC1155857-Red-vented-Bulbul-singing-very-good-Jumeirah-Village-Triangle,-Dubai-UAE_SoundDevices702_Telinga9_1968_edited.wav",0,0.0,5.0,5,47.474,32000,"dataset\segments\Pycnonotus_cafer\XC1155857-Red-vented-Bulbul-singing-very-good-Jumeirah-Village-Triangle,-Dubai-UAE_SoundDevices702_Telinga9_1968_edited_segment_0000.wav",train
"XC1155857-Red-vented-Bulbul-singing-very-good-Jumeirah-Village-Triangle,-Dubai-UAE_SoundDevices702_Telinga9_1968_edited_segment_0001.wav","XC1155857-Red-vented-Bulbul-singing-very-good-Jumeirah-Village-Triangle,-Dubai-UAE_SoundDevices702_Telinga9_1968_edited",Red-vented Bulbul,Pycnonotus cafer,"XC1155857-Red-vented-Bulbul-singing-very-good-Jumeirah-Village-Triangle,-Dubai-UAE_SoundDevices702_Telinga9_1968_edited.wav",1,2.5,7.5,5,47.474,32000,"dataset\segments\Pycnonotus_cafer\XC1155857-Red-vented-Bulbul-singing-very-good-Jumeirah-Village-Triangle,-Dubai-UAE_SoundDevices702_Telinga9_1968_edited_segment_0001.wav",train
"XC1155857-Red-vented-Bulbul-singing-very-good-Jumeirah-Village-Triangle,-Dubai-UAE_SoundDevices702_Telinga9_1968_edited_segment_0002.wav","XC1155857-Red-vented-Bulbul-singing-very-good-Jumeirah-Village-Triangle,-Dubai-UAE_SoundDevices702_Telinga9_1968_edited",Red-vented Bulbul,Pycnonotus cafer,"XC1155857-Red-vented-Bulbul-singing-very-good-Jumeirah-Village-Triangle,-Dubai-UAE_SoundDevices702_Telinga9_1968_edited.wav",2,5.0,10.0,5,47.474,32000,"dataset\segments\Pycnonotus_cafer\XC1155857-Red-vented-Bulbul-singing-very-good-Jumeirah-Village-Triangle,-Dubai-UAE_SoundDevices702_Telinga9_1968_edited_segment_0002.wav",train
"XC1155857-Red-vented-Bulbul-singing-very-good-Jumeirah-Village-Triangle,-Dubai-UAE_SoundDevices702_Telinga9_1968_edited_segment_0003.wav","XC1155857-Red-vented-Bulbul-singing-very-good-Jumeirah-Village-Triangle,-Dubai-UAE_SoundDevices702_Telinga9_1968_edited",Red-vented Bulbul,Pycnonotus cafer,"XC1155857-Red-vented-Bulbul-singing-very-good-Jumeirah-Village-Triangle,-Dubai-UAE_SoundDevices702_Telinga9_1968_edited.wav",3,7.5,12.5,5,47.474,32000,"dataset\segments\Pycnonotus_cafer\XC1155857-Red-vented-Bulbul-singing-very-good-Jumeirah-Village-Triangle,-Dubai-UAE_SoundDevices702_Telinga9_1968_edited_segment_0003.wav",train
"XC1155857-Red-vented-Bulbul-singing-very-good-Jumeirah-Village-Triangle,-Dubai-UAE_SoundDevices702_Telinga9_1968_edited_segment_0004.wav","XC1155857-Red-vented-Bulbul-singing-very-good-Jumeirah-Village-Triangle,-Dubai-UAE_SoundDevices702_Telinga9_1968_edited",Red-vented Bulbul,Pycnonotus cafer,"XC1155857-Red-vented-Bulbul-singing-very-good-Jumeirah-Village-Triangle,-Dubai-UAE_SoundDevices702_Telinga9_1968_edited.wav",4,10.0,15.0,5,47.474,32000,"dataset\segments\Pycnonotus_cafer\XC1155857-Red-vented-Bulbul-singing-very-good-Jumeirah-Village-Triangle,-Dubai-UAE_SoundDevices702_Telinga9_1968_edited_segment_0004.wav",train
"XC1155857-Red-vented-Bulbul-singing-very-good-Jumeirah-Village-Triangle,-Dubai-UAE_SoundDevices702_Telinga9_1968_edited_segment_0005.wav","XC1155857-Red-vented-Bulbul-singing-very-good-Jumeirah-Village-Triangle,-Dubai-UAE_SoundDevices702_Telinga9_1968_edited",Red-vented Bulbul,Pycnonotus cafer,"XC1155857-Red-vented-Bulbul-singing-very-good-Jumeirah-Village-Triangle,-Dubai-UAE_SoundDevices702_Telinga9_1968_edited.wav",5,12.5,17.5,5,47.474,32000,"dataset\segments\Pycnonotus_cafer\XC1155857-Red-vented-Bulbul-singing-very-good-Jumeirah-Village-Triangle,-Dubai-UAE_SoundDevices702_Telinga9_1968_edited_segment_0005.wav",train
"XC1155857-Red-vented-Bulbul-singing-very-good-Jumeirah-Village-Triangle,-Dubai-UAE_SoundDevices702_Telinga9_1968_edited_segment_0006.wav","XC1155857-Red-vented-Bulbul-singing-very-good-Jumeirah-Village-Triangle,-Dubai-UAE_SoundDevices702_Telinga9_1968_edited",Red-vented Bulbul,Pycnonotus cafer,"XC1155857-Red-vented-Bulbul-singing-very-good-Jumeirah-Village-Triangle,-Dubai-UAE_SoundDevices702_Telinga9_1968_edited.wav",6,15.0,20.0,5,47.474,32000,"dataset\segments\Pycnonotus_cafer\XC1155857-Red-vented-Bulbul-singing-very-good-Jumeirah-Village-Triangle,-Dubai-UAE_SoundDevices702_Telinga9_1968_edited_segment_0006.wav",train
"XC1155857-Red-vented-Bulbul-singing-very-good-Jumeirah-Village-Triangle,-Dubai-UAE_SoundDevices702_Telinga9_1968_edited_segment_0007.wav","XC1155857-Red-vented-Bulbul-singing-very-good-Jumeirah-Village-Triangle,-Dubai-UAE_SoundDevices702_Telinga9_1968_edited",Red-vented Bulbul,Pycnonotus cafer,"XC1155857-Red-vented-Bulbul-singing-very-good-Jumeirah-Village-Triangle,-Dubai-UAE_SoundDevices702_Telinga9_1968_edited.wav",7,17.5,22.5,5,47.474,32000,"dataset\segments\Pycnonotus_cafer\XC1155857-Red-vented-Bulbul-singing-very-good-Jumeirah-Village-Triangle,-Dubai-UAE_SoundDevices702_Telinga9_1968_edited_segment_0007.wav",train
"XC1155857-Red-vented-Bulbul-singing-very-good-Jumeirah-Village-Triangle,-Dubai-UAE_SoundDevices702_Telinga9_1968_edited_segment_0008.wav","XC1155857-Red-vented-Bulbul-singing-very-good-Jumeirah-Village-Triangle,-Dubai-UAE_SoundDevices702_Telinga9_1968_edited",Red-vented Bulbul,Pycnonotus cafer,"XC1155857-Red-vented-Bulbul-singing-very-good-Jumeirah-Village-Triangle,-Dubai-UAE_SoundDevices702_Telinga9_1968_edited.wav",8,20.0,25.0,5,47.474,32000,"dataset\segments\Pycnonotus_cafer\XC1155857-Red-vented-Bulbul-singing-very-good-Jumeirah-Village-Triangle,-Dubai-UAE_SoundDevices702_Telinga9_1968_edited_segment_0008.wav",train
"XC1155857-Red-vented-Bulbul-singing-very-good-Jumeirah-Village-Triangle,-Dubai-UAE_SoundDevices702_Telinga9_1968_edited_segment_0009.wav","XC1155857-Red-vented-Bulbul-singing-very-good-Jumeirah-Village-Triangle,-Dubai-UAE_SoundDevices702_Telinga9_1968_edited",Red-vented Bulbul,Pycnonotus cafer,"XC1155857-Red-vented-Bulbul-singing-very-good-Jumeirah-Village-Triangle,-Dubai-UAE_SoundDevices702_Telinga9_1968_edited.wav",9,22.5,27.5,5,47.474,32000,"dataset\segments\Pycnonotus_cafer\XC1155857-Red-vented-Bulbul-singing-very-good-Jumeirah-Village-Triangle,-Dubai-UAE_SoundDevices702_Telinga9_1968_edited_segment_0009.wav",train
"XC1155857-Red-vented-Bulbul-singing-very-good-Jumeirah-Village-Triangle,-Dubai-UAE_SoundDevices702_Telinga9_1968_edited_segment_0010.wav","XC1155857-Red-vented-Bulbul-singing-very-good-Jumeirah-Village-Triangle,-Dubai-UAE_SoundDevices702_Telinga9_1968_edited",Red-vented Bulbul,Pycnonotus cafer,"XC1155857-Red-vented-Bulbul-singing-very-good-Jumeirah-Village-Triangle,-Dubai-UAE_SoundDevices702_Telinga9_1968_edited.wav",10,25.0,30.0,5,47.474,32000,"dataset\segments\Pycnonotus_cafer\XC1155857-Red-vented-Bulbul-singing-very-good-Jumeirah-Village-Triangle,-Dubai-UAE_SoundDevices702_Telinga9_1968_edited_segment_0010.wav",train
"XC1155857-Red-vented-Bulbul-singing-very-good-Jumeirah-Village-Triangle,-Dubai-UAE_SoundDevices702_Telinga9_1968_edited_segment_0011.wav","XC1155857-Red-vented-Bulbul-singing-very-good-Jumeirah-Village-Triangle,-Dubai-UAE_SoundDevices702_Telinga9_1968_edited",Red-vented Bulbul,Pycnonotus cafer,"XC1155857-Red-vented-Bulbul-singing-very-good-Jumeirah-Village-Triangle,-Dubai-UAE_SoundDevices702_Telinga9_1968_edited.wav",11,27.5,32.5,5,47.474,32000,"dataset\segments\Pycnonotus_cafer\XC1155857-Red-vented-Bulbul-singing-very-good-Jumeirah-Village-Triangle,-Dubai-UAE_SoundDevices702_Telinga9_1968_edited_segment_0011.wav",train
"XC1155857-Red-vented-Bulbul-singing-very-good-Jumeirah-Village-Triangle,-Dubai-UAE_SoundDevices702_Telinga9_1968_edited_segment_0012.wav","XC1155857-Red-vented-Bulbul-singing-very-good-Jumeirah-Village-Triangle,-Dubai-UAE_SoundDevices702_Telinga9_1968_edited",Red-vented Bulbul,Pycnonotus cafer,"XC1155857-Red-vented-Bulbul-singing-very-good-Jumeirah-Village-Triangle,-Dubai-UAE_SoundDevices702_Telinga9_1968_edited.wav",12,30.0,35.0,5,47.474,32000,"dataset\segments\Pycnonotus_cafer\XC1155857-Red-vented-Bulbul-singing-very-good-Jumeirah-Village-Triangle,-Dubai-UAE_SoundDevices702_Telinga9_1968_edited_segment_0012.wav",train
"XC1155857-Red-vented-Bulbul-singing-very-good-Jumeirah-Village-Triangle,-Dubai-UAE_SoundDevices702_Telinga9_1968_edited_segment_0013.wav","XC1155857-Red-vented-Bulbul-singing-very-good-Jumeirah-Village-Triangle,-Dubai-UAE_SoundDevices702_Telinga9_1968_edited",Red-vented Bulbul,Pycnonotus cafer,"XC1155857-Red-vented-Bulbul-singing-very-good-Jumeirah-Village-Triangle,-Dubai-UAE_SoundDevices702_Telinga9_1968_edited.wav",13,32.5,37.5,5,47.474,32000,"dataset\segments\Pycnonotus_cafer\XC1155857-Red-vented-Bulbul-singing-very-good-Jumeirah-Village-Triangle,-Dubai-UAE_SoundDevices702_Telinga9_1968_edited_segment_0013.wav",train
"XC1155857-Red-vented-Bulbul-singing-very-good-Jumeirah-Village-Triangle,-Dubai-UAE_SoundDevices702_Telinga9_1968_edited_segment_0014.wav","XC1155857-Red-vented-Bulbul-singing-very-good-Jumeirah-Village-Triangle,-Dubai-UAE_SoundDevices702_Telinga9_1968_edited",Red-vented Bulbul,Pycnonotus cafer,"XC1155857-Red-vented-Bulbul-singing-very-good-Jumeirah-Village-Triangle,-Dubai-UAE_SoundDevices702_Telinga9_1968_edited.wav",14,35.0,40.0,5,47.474,32000,"dataset\segments\Pycnonotus_cafer\XC1155857-Red-vented-Bulbul-singing-very-good-Jumeirah-Village-Triangle,-Dubai-UAE_SoundDevices702_Telinga9_1968_edited_segment_0014.wav",train
"XC1155857-Red-vented-Bulbul-singing-very-good-Jumeirah-Village-Triangle,-Dubai-UAE_SoundDevices702_Telinga9_1968_edited_segment_0015.wav","XC1155857-Red-vented-Bulbul-singing-very-good-Jumeirah-Village-Triangle,-Dubai-UAE_SoundDevices702_Telinga9_1968_edited",Red-vented Bulbul,Pycnonotus cafer,"XC1155857-Red-vented-Bulbul-singing-very-good-Jumeirah-Village-Triangle,-Dubai-UAE_SoundDevices702_Telinga9_1968_edited.wav",15,37.5,42.5,5,47.474,32000,"dataset\segments\Pycnonotus_cafer\XC1155857-Red-vented-Bulbul-singing-very-good-Jumeirah-Village-Triangle,-Dubai-UAE_SoundDevices702_Telinga9_1968_edited_segment_0015.wav",train
"XC1155857-Red-vented-Bulbul-singing-very-good-Jumeirah-Village-Triangle,-Dubai-UAE_SoundDevices702_Telinga9_1968_edited_segment_0016.wav","XC1155857-Red-vented-Bulbul-singing-very-good-Jumeirah-Village-Triangle,-Dubai-UAE_SoundDevices702_Telinga9_1968_edited",Red-vented Bulbul,Pycnonotus cafer,"XC1155857-Red-vented-Bulbul-singing-very-good-Jumeirah-Village-Triangle,-Dubai-UAE_SoundDevices702_Telinga9_1968_edited.wav",16,40.0,45.0,5,47.474,32000,"dataset\segments\Pycnonotus_cafer\XC1155857-Red-vented-Bulbul-singing-very-good-Jumeirah-Village-Triangle,-Dubai-UAE_SoundDevices702_Telinga9_1968_edited_segment_0016.wav",train
"XC1155860-Red-vented-Bulbul-singing-very-good-Jumeirah-Village-Triangle,-Dubai-UAE_SoundDevices702_Telinga9_1970_edited_segment_0000.wav","XC1155860-Red-vented-Bulbul-singing-very-good-Jumeirah-Village-Triangle,-Dubai-UAE_SoundDevices702_Telinga9_1970_edited",Red-vented Bulbul,Pycnonotus cafer,"XC1155860-Red-vented-Bulbul-singing-very-good-Jumeirah-Village-Triangle,-Dubai-UAE_SoundDevices702_Telinga9_1970_edited.wav",0,0.0,5.0,5,47.062,32000,"dataset\segments\Pycnonotus_cafer\XC1155860-Red-vented-Bulbul-singing-very-good-Jumeirah-Village-Triangle,-Dubai-UAE_SoundDevices702_Telinga9_1970_edited_segment_0000.wav",train
"XC1155860-Red-vented-Bulbul-singing-very-good-Jumeirah-Village-Triangle,-Dubai-UAE_SoundDevices702_Telinga9_1970_edited_segment_0001.wav","XC1155860-Red-vented-Bulbul-singing-very-good-Jumeirah-Village-Triangle,-Dubai-UAE_SoundDevices702_Telinga9_1970_edited",Red-vented Bulbul,Pycnonotus cafer,"XC1155860-Red-vented-Bulbul-singing-very-good-Jumeirah-Village-Triangle,-Dubai-UAE_SoundDevices702_Telinga9_1970_edited.wav",1,2.5,7.5,5,47.062,32000,"dataset\segments\Pycnonotus_cafer\XC1155860-Red-vented-Bulbul-singing-very-good-Jumeirah-Village-Triangle,-Dubai-UAE_SoundDevices702_Telinga9_1970_edited_segment_0001.wav",train
"XC1155860-Red-vented-Bulbul-singing-very-good-Jumeirah-Village-Triangle,-Dubai-UAE_SoundDevices702_Telinga9_1970_edited_segment_0002.wav","XC1155860-Red-vented-Bulbul-singing-very-good-Jumeirah-Village-Triangle,-Dubai-UAE_SoundDevices702_Telinga9_1970_edited",Red-vented Bulbul,Pycnonotus cafer,"XC1155860-Red-vented-Bulbul-singing-very-good-Jumeirah-Village-Triangle,-Dubai-UAE_SoundDevices702_Telinga9_1970_edited.wav",2,5.0,10.0,5,47.062,32000,"dataset\segments\Pycnonotus_cafer\XC1155860-Red-vented-Bulbul-singing-very-good-Jumeirah-Village-Triangle,-Dubai-UAE_SoundDevices702_Telinga9_1970_edited_segment_0002.wav",train
"XC1155860-Red-vented-Bulbul-singing-very-good-Jumeirah-Village-Triangle,-Dubai-UAE_SoundDevices702_Telinga9_1970_edited_segment_0003.wav","XC1155860-Red-vented-Bulbul-singing-very-good-Jumeirah-Village-Triangle,-Dubai-UAE_SoundDevices702_Telinga9_1970_edited",Red-vented Bulbul,Pycnonotus cafer,"XC1155860-Red-vented-Bulbul-singing-very-good-Jumeirah-Village-Triangle,-Dubai-UAE_SoundDevices702_Telinga9_1970_edited.wav",3,7.5,12.5,5,47.062,32000,"dataset\segments\Pycnonotus_cafer\XC1155860-Red-vented-Bulbul-singing-very-good-Jumeirah-Village-Triangle,-Dubai-UAE_SoundDevices702_Telinga9_1970_edited_segment_0003.wav",train
"XC1155860-Red-vented-Bulbul-singing-very-good-Jumeirah-Village-Triangle,-Dubai-UAE_SoundDevices702_Telinga9_1970_edited_segment_0004.wav","XC1155860-Red-vented-Bulbul-singing-very-good-Jumeirah-Village-Triangle,-Dubai-UAE_SoundDevices702_Telinga9_1970_edited",Red-vented Bulbul,Pycnonotus cafer,"XC1155860-Red-vented-Bulbul-singing-very-good-Jumeirah-Village-Triangle,-Dubai-UAE_SoundDevices702_Telinga9_1970_edited.wav",4,10.0,15.0,5,47.062,32000,"dataset\segments\Pycnonotus_cafer\XC1155860-Red-vented-Bulbul-singing-very-good-Jumeirah-Village-Triangle,-Dubai-UAE_SoundDevices702_Telinga9_1970_edited_segment_0004.wav",train
"XC1155860-Red-vented-Bulbul-singing-very-good-Jumeirah-Village-Triangle,-Dubai-UAE_SoundDevices702_Telinga9_1970_edited_segment_0005.wav","XC1155860-Red-vented-Bulbul-singing-very-good-Jumeirah-Village-Triangle,-Dubai-UAE_SoundDevices702_Telinga9_1970_edited",Red-vented Bulbul,Pycnonotus cafer,"XC1155860-Red-vented-Bulbul-singing-very-good-Jumeirah-Village-Triangle,-Dubai-UAE_SoundDevices702_Telinga9_1970_edited.wav",5,12.5,17.5,5,47.062,32000,"dataset\segments\Pycnonotus_cafer\XC1155860-Red-vented-Bulbul-singing-very-good-Jumeirah-Village-Triangle,-Dubai-UAE_SoundDevices702_Telinga9_1970_edited_segment_0005.wav",train
"XC1155860-Red-vented-Bulbul-singing-very-good-Jumeirah-Village-Triangle,-Dubai-UAE_SoundDevices702_Telinga9_1970_edited_segment_0006.wav","XC1155860-Red-vented-Bulbul-singing-very-good-Jumeirah-Village-Triangle,-Dubai-UAE_SoundDevices702_Telinga9_1970_edited",Red-vented Bulbul,Pycnonotus cafer,"XC1155860-Red-vented-Bulbul-singing-very-good-Jumeirah-Village-Triangle,-Dubai-UAE_SoundDevices702_Telinga9_1970_edited.wav",6,15.0,20.0,5,47.062,32000,"dataset\segments\Pycnonotus_cafer\XC1155860-Red-vented-Bulbul-singing-very-good-Jumeirah-Village-Triangle,-Dubai-UAE_SoundDevices702_Telinga9_1970_edited_segment_0006.wav",train
"XC1155860-Red-vented-Bulbul-singing-very-good-Jumeirah-Village-Triangle,-Dubai-UAE_SoundDevices702_Telinga9_1970_edited_segment_0007.wav","XC1155860-Red-vented-Bulbul-singing-very-good-Jumeirah-Village-Triangle,-Dubai-UAE_SoundDevices702_Telinga9_1970_edited",Red-vented Bulbul,Pycnonotus cafer,"XC1155860-Red-vented-Bulbul-singing-very-good-Jumeirah-Village-Triangle,-Dubai-UAE_SoundDevices702_Telinga9_1970_edited.wav",7,17.5,22.5,5,47.062,32000,"dataset\segments\Pycnonotus_cafer\XC1155860-Red-vented-Bulbul-singing-very-good-Jumeirah-Village-Triangle,-Dubai-UAE_SoundDevices702_Telinga9_1970_edited_segment_0007.wav",train
"XC1155860-Red-vented-Bulbul-singing-very-good-Jumeirah-Village-Triangle,-Dubai-UAE_SoundDevices702_Telinga9_1970_edited_segment_0008.wav","XC1155860-Red-vented-Bulbul-singing-very-good-Jumeirah-Village-Triangle,-Dubai-UAE_SoundDevices702_Telinga9_1970_edited",Red-vented Bulbul,Pycnonotus cafer,"XC1155860-Red-vented-Bulbul-singing-very-good-Jumeirah-Village-Triangle,-Dubai-UAE_SoundDevices702_Telinga9_1970_edited.wav",8,20.0,25.0,5,47.062,32000,"dataset\segments\Pycnonotus_cafer\XC1155860-Red-vented-Bulbul-singing-very-good-Jumeirah-Village-Triangle,-Dubai-UAE_SoundDevices702_Telinga9_1970_edited_segment_0008.wav",train
"XC1155860-Red-vented-Bulbul-singing-very-good-Jumeirah-Village-Triangle,-Dubai-UAE_SoundDevices702_Telinga9_1970_edited_segment_0009.wav","XC1155860-Red-vented-Bulbul-singing-very-good-Jumeirah-Village-Triangle,-Dubai-UAE_SoundDevices702_Telinga9_1970_edited",Red-vented Bulbul,Pycnonotus cafer,"XC1155860-Red-vented-Bulbul-singing-very-good-Jumeirah-Village-Triangle,-Dubai-UAE_SoundDevices702_Telinga9_1970_edited.wav",9,22.5,27.5,5,47.062,32000,"dataset\segments\Pycnonotus_cafer\XC1155860-Red-vented-Bulbul-singing-very-good-Jumeirah-Village-Triangle,-Dubai-UAE_SoundDevices702_Telinga9_1970_edited_segment_0009.wav",train
"XC1155860-Red-vented-Bulbul-singing-very-good-Jumeirah-Village-Triangle,-Dubai-UAE_SoundDevices702_Telinga9_1970_edited_segment_0010.wav","XC1155860-Red-vented-Bulbul-singing-very-good-Jumeirah-Village-Triangle,-Dubai-UAE_SoundDevices702_Telinga9_1970_edited",Red-vented Bulbul,Pycnonotus cafer,"XC1155860-Red-vented-Bulbul-singing-very-good-Jumeirah-Village-Triangle,-Dubai-UAE_SoundDevices702_Telinga9_1970_edited.wav",10,25.0,30.0,5,47.062,32000,"dataset\segments\Pycnonotus_cafer\XC1155860-Red-vented-Bulbul-singing-very-good-Jumeirah-Village-Triangle,-Dubai-UAE_SoundDevices702_Telinga9_1970_edited_segment_0010.wav",train
"XC1155860-Red-vented-Bulbul-singing-very-good-Jumeirah-Village-Triangle,-Dubai-UAE_SoundDevices702_Telinga9_1970_edited_segment_0011.wav","XC1155860-Red-vented-Bulbul-singing-very-good-Jumeirah-Village-Triangle,-Dubai-UAE_SoundDevices702_Telinga9_1970_edited",Red-vented Bulbul,Pycnonotus cafer,"XC1155860-Red-vented-Bulbul-singing-very-good-Jumeirah-Village-Triangle,-Dubai-UAE_SoundDevices702_Telinga9_1970_edited.wav",11,27.5,32.5,5,47.062,32000,"dataset\segments\Pycnonotus_cafer\XC1155860-Red-vented-Bulbul-singing-very-good-Jumeirah-Village-Triangle,-Dubai-UAE_SoundDevices702_Telinga9_1970_edited_segment_0011.wav",train
"XC1155860-Red-vented-Bulbul-singing-very-good-Jumeirah-Village-Triangle,-Dubai-UAE_SoundDevices702_Telinga9_1970_edited_segment_0012.wav","XC1155860-Red-vented-Bulbul-singing-very-good-Jumeirah-Village-Triangle,-Dubai-UAE_SoundDevices702_Telinga9_1970_edited",Red-vented Bulbul,Pycnonotus cafer,"XC1155860-Red-vented-Bulbul-singing-very-good-Jumeirah-Village-Triangle,-Dubai-UAE_SoundDevices702_Telinga9_1970_edited.wav",12,30.0,35.0,5,47.062,32000,"dataset\segments\Pycnonotus_cafer\XC1155860-Red-vented-Bulbul-singing-very-good-Jumeirah-Village-Triangle,-Dubai-UAE_SoundDevices702_Telinga9_1970_edited_segment_0012.wav",train
"XC1155860-Red-vented-Bulbul-singing-very-good-Jumeirah-Village-Triangle,-Dubai-UAE_SoundDevices702_Telinga9_1970_edited_segment_0013.wav","XC1155860-Red-vented-Bulbul-singing-very-good-Jumeirah-Village-Triangle,-Dubai-UAE_SoundDevices702_Telinga9_1970_edited",Red-vented Bulbul,Pycnonotus cafer,"XC1155860-Red-vented-Bulbul-singing-very-good-Jumeirah-Village-Triangle,-Dubai-UAE_SoundDevices702_Telinga9_1970_edited.wav",13,32.5,37.5,5,47.062,32000,"dataset\segments\Pycnonotus_cafer\XC1155860-Red-vented-Bulbul-singing-very-good-Jumeirah-Village-Triangle,-Dubai-UAE_SoundDevices702_Telinga9_1970_edited_segment_0013.wav",train
"XC1155860-Red-vented-Bulbul-singing-very-good-Jumeirah-Village-Triangle,-Dubai-UAE_SoundDevices702_Telinga9_1970_edited_segment_0014.wav","XC1155860-Red-vented-Bulbul-singing-very-good-Jumeirah-Village-Triangle,-Dubai-UAE_SoundDevices702_Telinga9_1970_edited",Red-vented Bulbul,Pycnonotus cafer,"XC1155860-Red-vented-Bulbul-singing-very-good-Jumeirah-Village-Triangle,-Dubai-UAE_SoundDevices702_Telinga9_1970_edited.wav",14,35.0,40.0,5,47.062,32000,"dataset\segments\Pycnonotus_cafer\XC1155860-Red-vented-Bulbul-singing-very-good-Jumeirah-Village-Triangle,-Dubai-UAE_SoundDevices702_Telinga9_1970_edited_segment_0014.wav",train
"XC1155860-Red-vented-Bulbul-singing-very-good-Jumeirah-Village-Triangle,-Dubai-UAE_SoundDevices702_Telinga9_1970_edited_segment_0015.wav","XC1155860-Red-vented-Bulbul-singing-very-good-Jumeirah-Village-Triangle,-Dubai-UAE_SoundDevices702_Telinga9_1970_edited",Red-vented Bulbul,Pycnonotus cafer,"XC1155860-Red-vented-Bulbul-singing-very-good-Jumeirah-Village-Triangle,-Dubai-UAE_SoundDevices702_Telinga9_1970_edited.wav",15,37.5,42.5,5,47.062,32000,"dataset\segments\Pycnonotus_cafer\XC1155860-Red-vented-Bulbul-singing-very-good-Jumeirah-Village-Triangle,-Dubai-UAE_SoundDevices702_Telinga9_1970_edited_segment_0015.wav",train
"XC1155860-Red-vented-Bulbul-singing-very-good-Jumeirah-Village-Triangle,-Dubai-UAE_SoundDevices702_Telinga9_1970_edited_segment_0016.wav","XC1155860-Red-vented-Bulbul-singing-very-good-Jumeirah-Village-Triangle,-Dubai-UAE_SoundDevices702_Telinga9_1970_edited",Red-vented Bulbul,Pycnonotus cafer,"XC1155860-Red-vented-Bulbul-singing-very-good-Jumeirah-Village-Triangle,-Dubai-UAE_SoundDevices702_Telinga9_1970_edited.wav",16,40.0,45.0,5,47.062,32000,"dataset\segments\Pycnonotus_cafer\XC1155860-Red-vented-Bulbul-singing-very-good-Jumeirah-Village-Triangle,-Dubai-UAE_SoundDevices702_Telinga9_1970_edited_segment_0016.wav",train
XC721346-091127公平保护区_segment_0000.wav,XC721346-091127公平保护区,Common Tailorbird,Orthotomus sutorius,XC721346-091127公平保护区.wav,0,0.0,5.0,5,60.082,32000,dataset\segments\Orthotomus_sutorius\XC721346-091127公平保护区_segment_0000.wav,train
XC721346-091127公平保护区_segment_0001.wav,XC721346-091127公平保护区,Common Tailorbird,Orthotomus sutorius,XC721346-091127公平保护区.wav,1,2.5,7.5,5,60.082,32000,dataset\segments\Orthotomus_sutorius\XC721346-091127公平保护区_segment_0001.wav,train
XC721346-091127公平保护区_segment_0002.wav,XC721346-091127公平保护区,Common Tailorbird,Orthotomus sutorius,XC721346-091127公平保护区.wav,2,5.0,10.0,5,60.082,32000,dataset\segments\Orthotomus_sutorius\XC721346-091127公平保护区_segment_0002.wav,train
XC721346-091127公平保护区_segment_0003.wav,XC721346-091127公平保护区,Common Tailorbird,Orthotomus sutorius,XC721346-091127公平保护区.wav,3,7.5,12.5,5,60.082,32000,dataset\segments\Orthotomus_sutorius\XC721346-091127公平保护区_segment_0003.wav,train
XC721346-091127公平保护区_segment_0004.wav,XC721346-091127公平保护区,Common Tailorbird,Orthotomus sutorius,XC721346-091127公平保护区.wav,4,10.0,15.0,5,60.082,32000,dataset\segments\Orthotomus_sutorius\XC721346-091127公平保护区_segment_0004.wav,train
XC721346-091127公平保护区_segment_0005.wav,XC721346-091127公平保护区,Common Tailorbird,Orthotomus sutorius,XC721346-091127公平保护区.wav,5,12.5,17.5,5,60.082,32000,dataset\segments\Orthotomus_sutorius\XC721346-091127公平保护区_segment_0005.wav,train
XC721346-091127公平保护区_segment_0006.wav,XC721346-091127公平保护区,Common Tailorbird,Orthotomus sutorius,XC721346-091127公平保护区.wav,6,15.0,20.0,5,60.082,32000,dataset\segments\Orthotomus_sutorius\XC721346-091127公平保护区_segment_0006.wav,train
XC721346-091127公平保护区_segment_0007.wav,XC721346-091127公平保护区,Common Tailorbird,Orthotomus sutorius,XC721346-091127公平保护区.wav,7,17.5,22.5,5,60.082,32000,dataset\segments\Orthotomus_sutorius\XC721346-091127公平保护区_segment_0007.wav,train
XC721346-091127公平保护区_segment_0008.wav,XC721346-091127公平保护区,Common Tailorbird,Orthotomus sutorius,XC721346-091127公平保护区.wav,8,20.0,25.0,5,60.082,32000,dataset\segments\Orthotomus_sutorius\XC721346-091127公平保护区_segment_0008.wav,train
XC721346-091127公平保护区_segment_0009.wav,XC721346-091127公平保护区,Common Tailorbird,Orthotomus sutorius,XC721346-091127公平保护区.wav,9,22.5,27.5,5,60.082,32000,dataset\segments\Orthotomus_sutorius\XC721346-091127公平保护区_segment_0009.wav,train
XC721346-091127公平保护区_segment_0010.wav,XC721346-091127公平保护区,Common Tailorbird,Orthotomus sutorius,XC721346-091127公平保护区.wav,10,25.0,30.0,5,60.082,32000,dataset\segments\Orthotomus_sutorius\XC721346-091127公平保护区_segment_0010.wav,train
XC721346-091127公平保护区_segment_0011.wav,XC721346-091127公平保护区,Common Tailorbird,Orthotomus sutorius,XC721346-091127公平保护区.wav,11,27.5,32.5,5,60.082,32000,dataset\segments\Orthotomus_sutorius\XC721346-091127公平保护区_segment_0011.wav,train
XC721346-091127公平保护区_segment_0012.wav,XC721346-091127公平保护区,Common Tailorbird,Orthotomus sutorius,XC721346-091127公平保护区.wav,12,30.0,35.0,5,60.082,32000,dataset\segments\Orthotomus_sutorius\XC721346-091127公平保护区_segment_0012.wav,train
XC721346-091127公平保护区_segment_0013.wav,XC721346-091127公平保护区,Common Tailorbird,Orthotomus sutorius,XC721346-091127公平保护区.wav,13,32.5,37.5,5,60.082,32000,dataset\segments\Orthotomus_sutorius\XC721346-091127公平保护区_segment_0013.wav,train
XC721346-091127公平保护区_segment_0014.wav,XC721346-091127公平保护区,Common Tailorbird,Orthotomus sutorius,XC721346-091127公平保护区.wav,14,35.0,40.0,5,60.082,32000,dataset\segments\Orthotomus_sutorius\XC721346-091127公平保护区_segment_0014.wav,train
XC721346-091127公平保护区_segment_0015.wav,XC721346-091127公平保护区,Common Tailorbird,Orthotomus sutorius,XC721346-091127公平保护区.wav,15,37.5,42.5,5,60.082,32000,dataset\segments\Orthotomus_sutorius\XC721346-091127公平保护区_segment_0015.wav,train
XC721346-091127公平保护区_segment_0016.wav,XC721346-091127公平保护区,Common Tailorbird,Orthotomus sutorius,XC721346-091127公平保护区.wav,16,40.0,45.0,5,60.082,32000,dataset\segments\Orthotomus_sutorius\XC721346-091127公平保护区_segment_0016.wav,train
XC721346-091127公平保护区_segment_0017.wav,XC721346-091127公平保护区,Common Tailorbird,Orthotomus sutorius,XC721346-091127公平保护区.wav,17,42.5,47.5,5,60.082,32000,dataset\segments\Orthotomus_sutorius\XC721346-091127公平保护区_segment_0017.wav,train
XC721346-091127公平保护区_segment_0018.wav,XC721346-091127公平保护区,Common Tailorbird,Orthotomus sutorius,XC721346-091127公平保护区.wav,18,45.0,50.0,5,60.082,32000,dataset\segments\Orthotomus_sutorius\XC721346-091127公平保护区_segment_0018.wav,train
XC721346-091127公平保护区_segment_0019.wav,XC721346-091127公平保护区,Common Tailorbird,Orthotomus sutorius,XC721346-091127公平保护区.wav,19,47.5,52.5,5,60.082,32000,dataset\segments\Orthotomus_sutorius\XC721346-091127公平保护区_segment_0019.wav,train
XC721346-091127公平保护区_segment_0020.wav,XC721346-091127公平保护区,Common Tailorbird,Orthotomus sutorius,XC721346-091127公平保护区.wav,20,50.0,55.0,5,60.082,32000,dataset\segments\Orthotomus_sutorius\XC721346-091127公平保护区_segment_0020.wav,train
XC721346-091127公平保护区_segment_0021.wav,XC721346-091127公平保护区,Common Tailorbird,Orthotomus sutorius,XC721346-091127公平保护区.wav,21,52.5,57.5,5,60.082,32000,dataset\segments\Orthotomus_sutorius\XC721346-091127公平保护区_segment_0021.wav,train
XC721346-091127公平保护区_segment_0022.wav,XC721346-091127公平保护区,Common Tailorbird,Orthotomus sutorius,XC721346-091127公平保护区.wav,22,55.0,60.0,5,60.082,32000,dataset\segments\Orthotomus_sutorius\XC721346-091127公平保护区_segment_0022.wav,train
XC747062-Common tailorbird_segment_0000.wav,XC747062-Common tailorbird,Common Tailorbird,Orthotomus sutorius,XC747062-Common tailorbird.wav,0,0.0,5.0,5,83.568,32000,dataset\segments\Orthotomus_sutorius\XC747062-Common tailorbird_segment_0000.wav,train
XC747062-Common tailorbird_segment_0001.wav,XC747062-Common tailorbird,Common Tailorbird,Orthotomus sutorius,XC747062-Common tailorbird.wav,1,2.5,7.5,5,83.568,32000,dataset\segments\Orthotomus_sutorius\XC747062-Common tailorbird_segment_0001.wav,train
XC747062-Common tailorbird_segment_0002.wav,XC747062-Common tailorbird,Common Tailorbird,Orthotomus sutorius,XC747062-Common tailorbird.wav,2,5.0,10.0,5,83.568,32000,dataset\segments\Orthotomus_sutorius\XC747062-Common tailorbird_segment_0002.wav,train
XC747062-Common tailorbird_segment_0003.wav,XC747062-Common tailorbird,Common Tailorbird,Orthotomus sutorius,XC747062-Common tailorbird.wav,3,7.5,12.5,5,83.568,32000,dataset\segments\Orthotomus_sutorius\XC747062-Common tailorbird_segment_0003.wav,train
XC747062-Common tailorbird_segment_0004.wav,XC747062-Common tailorbird,Common Tailorbird,Orthotomus sutorius,XC747062-Common tailorbird.wav,4,10.0,15.0,5,83.568,32000,dataset\segments\Orthotomus_sutorius\XC747062-Common tailorbird_segment_0004.wav,train
XC747062-Common tailorbird_segment_0005.wav,XC747062-Common tailorbird,Common Tailorbird,Orthotomus sutorius,XC747062-Common tailorbird.wav,5,12.5,17.5,5,83.568,32000,dataset\segments\Orthotomus_sutorius\XC747062-Common tailorbird_segment_0005.wav,train
XC747062-Common tailorbird_segment_0006.wav,XC747062-Common tailorbird,Common Tailorbird,Orthotomus sutorius,XC747062-Common tailorbird.wav,6,15.0,20.0,5,83.568,32000,dataset\segments\Orthotomus_sutorius\XC747062-Common tailorbird_segment_0006.wav,train
XC747062-Common tailorbird_segment_0007.wav,XC747062-Common tailorbird,Common Tailorbird,Orthotomus sutorius,XC747062-Common tailorbird.wav,7,17.5,22.5,5,83.568,32000,dataset\segments\Orthotomus_sutorius\XC747062-Common tailorbird_segment_0007.wav,train
XC747062-Common tailorbird_segment_0008.wav,XC747062-Common tailorbird,Common Tailorbird,Orthotomus sutorius,XC747062-Common tailorbird.wav,8,20.0,25.0,5,83.568,32000,dataset\segments\Orthotomus_sutorius\XC747062-Common tailorbird_segment_0008.wav,train
XC747062-Common tailorbird_segment_0009.wav,XC747062-Common tailorbird,Common Tailorbird,Orthotomus sutorius,XC747062-Common tailorbird.wav,9,22.5,27.5,5,83.568,32000,dataset\segments\Orthotomus_sutorius\XC747062-Common tailorbird_segment_0009.wav,train
XC747062-Common tailorbird_segment_0010.wav,XC747062-Common tailorbird,Common Tailorbird,Orthotomus sutorius,XC747062-Common tailorbird.wav,10,25.0,30.0,5,83.568,32000,dataset\segments\Orthotomus_sutorius\XC747062-Common tailorbird_segment_0010.wav,train
XC747062-Common tailorbird_segment_0011.wav,XC747062-Common tailorbird,Common Tailorbird,Orthotomus sutorius,XC747062-Common tailorbird.wav,11,27.5,32.5,5,83.568,32000,dataset\segments\Orthotomus_sutorius\XC747062-Common tailorbird_segment_0011.wav,train
XC747062-Common tailorbird_segment_0012.wav,XC747062-Common tailorbird,Common Tailorbird,Orthotomus sutorius,XC747062-Common tailorbird.wav,12,30.0,35.0,5,83.568,32000,dataset\segments\Orthotomus_sutorius\XC747062-Common tailorbird_segment_0012.wav,train
XC747062-Common tailorbird_segment_0013.wav,XC747062-Common tailorbird,Common Tailorbird,Orthotomus sutorius,XC747062-Common tailorbird.wav,13,32.5,37.5,5,83.568,32000,dataset\segments\Orthotomus_sutorius\XC747062-Common tailorbird_segment_0013.wav,train
XC747062-Common tailorbird_segment_0014.wav,XC747062-Common tailorbird,Common Tailorbird,Orthotomus sutorius,XC747062-Common tailorbird.wav,14,35.0,40.0,5,83.568,32000,dataset\segments\Orthotomus_sutorius\XC747062-Common tailorbird_segment_0014.wav,train
XC747062-Common tailorbird_segment_0015.wav,XC747062-Common tailorbird,Common Tailorbird,Orthotomus sutorius,XC747062-Common tailorbird.wav,15,37.5,42.5,5,83.568,32000,dataset\segments\Orthotomus_sutorius\XC747062-Common tailorbird_segment_0015.wav,train
XC747062-Common tailorbird_segment_0016.wav,XC747062-Common tailorbird,Common Tailorbird,Orthotomus sutorius,XC747062-Common tailorbird.wav,16,40.0,45.0,5,83.568,32000,dataset\segments\Orthotomus_sutorius\XC747062-Common tailorbird_segment_0016.wav,train
XC747062-Common tailorbird_segment_0017.wav,XC747062-Common tailorbird,Common Tailorbird,Orthotomus sutorius,XC747062-Common tailorbird.wav,17,42.5,47.5,5,83.568,32000,dataset\segments\Orthotomus_sutorius\XC747062-Common tailorbird_segment_0017.wav,train
XC747062-Common tailorbird_segment_0018.wav,XC747062-Common tailorbird,Common Tailorbird,Orthotomus sutorius,XC747062-Common tailorbird.wav,18,45.0,50.0,5,83.568,32000,dataset\segments\Orthotomus_sutorius\XC747062-Common tailorbird_segment_0018.wav,train
XC747062-Common tailorbird_segment_0019.wav,XC747062-Common tailorbird,Common Tailorbird,Orthotomus sutorius,XC747062-Common tailorbird.wav,19,47.5,52.5,5,83.568,32000,dataset\segments\Orthotomus_sutorius\XC747062-Common tailorbird_segment_0019.wav,train
XC747062-Common tailorbird_segment_0020.wav,XC747062-Common tailorbird,Common Tailorbird,Orthotomus sutorius,XC747062-Common tailorbird.wav,20,50.0,55.0,5,83.568,32000,dataset\segments\Orthotomus_sutorius\XC747062-Common tailorbird_segment_0020.wav,train
XC747062-Common tailorbird_segment_0021.wav,XC747062-Common tailorbird,Common Tailorbird,Orthotomus sutorius,XC747062-Common tailorbird.wav,21,52.5,57.5,5,83.568,32000,dataset\segments\Orthotomus_sutorius\XC747062-Common tailorbird_segment_0021.wav,train
XC747062-Common tailorbird_segment_0022.wav,XC747062-Common tailorbird,Common Tailorbird,Orthotomus sutorius,XC747062-Common tailorbird.wav,22,55.0,60.0,5,83.568,32000,dataset\segments\Orthotomus_sutorius\XC747062-Common tailorbird_segment_0022.wav,train
XC747062-Common tailorbird_segment_0023.wav,XC747062-Common tailorbird,Common Tailorbird,Orthotomus sutorius,XC747062-Common tailorbird.wav,23,57.5,62.5,5,83.568,32000,dataset\segments\Orthotomus_sutorius\XC747062-Common tailorbird_segment_0023.wav,train
XC747062-Common tailorbird_segment_0024.wav,XC747062-Common tailorbird,Common Tailorbird,Orthotomus sutorius,XC747062-Common tailorbird.wav,24,60.0,65.0,5,83.568,32000,dataset\segments\Orthotomus_sutorius\XC747062-Common tailorbird_segment_0024.wav,train
XC747062-Common tailorbird_segment_0025.wav,XC747062-Common tailorbird,Common Tailorbird,Orthotomus sutorius,XC747062-Common tailorbird.wav,25,62.5,67.5,5,83.568,32000,dataset\segments\Orthotomus_sutorius\XC747062-Common tailorbird_segment_0025.wav,train
XC747062-Common tailorbird_segment_0026.wav,XC747062-Common tailorbird,Common Tailorbird,Orthotomus sutorius,XC747062-Common tailorbird.wav,26,65.0,70.0,5,83.568,32000,dataset\segments\Orthotomus_sutorius\XC747062-Common tailorbird_segment_0026.wav,train
XC747062-Common tailorbird_segment_0027.wav,XC747062-Common tailorbird,Common Tailorbird,Orthotomus sutorius,XC747062-Common tailorbird.wav,27,67.5,72.5,5,83.568,32000,dataset\segments\Orthotomus_sutorius\XC747062-Common tailorbird_segment_0027.wav,train
XC747062-Common tailorbird_segment_0028.wav,XC747062-Common tailorbird,Common Tailorbird,Orthotomus sutorius,XC747062-Common tailorbird.wav,28,70.0,75.0,5,83.568,32000,dataset\segments\Orthotomus_sutorius\XC747062-Common tailorbird_segment_0028.wav,train
XC747062-Common tailorbird_segment_0029.wav,XC747062-Common tailorbird,Common Tailorbird,Orthotomus sutorius,XC747062-Common tailorbird.wav,29,72.5,77.5,5,83.568,32000,dataset\segments\Orthotomus_sutorius\XC747062-Common tailorbird_segment_0029.wav,train
XC747062-Common tailorbird_segment_0030.wav,XC747062-Common tailorbird,Common Tailorbird,Orthotomus sutorius,XC747062-Common tailorbird.wav,30,75.0,80.0,5,83.568,32000,dataset\segments\Orthotomus_sutorius\XC747062-Common tailorbird_segment_0030.wav,train
XC747062-Common tailorbird_segment_0031.wav,XC747062-Common tailorbird,Common Tailorbird,Orthotomus sutorius,XC747062-Common tailorbird.wav,31,77.5,82.5,5,83.568,32000,dataset\segments\Orthotomus_sutorius\XC747062-Common tailorbird_segment_0031.wav,train
XC754470-Common-tailorbird-(-Ranvi-)-06-Oct-2022_segment_0000.wav,XC754470-Common-tailorbird-(-Ranvi-)-06-Oct-2022,Common Tailorbird,Orthotomus sutorius,XC754470-Common-tailorbird-(-Ranvi-)-06-Oct-2022.wav,0,0.0,5.0,5,17.0,32000,dataset\segments\Orthotomus_sutorius\XC754470-Common-tailorbird-(-Ranvi-)-06-Oct-2022_segment_0000.wav,train
XC754470-Common-tailorbird-(-Ranvi-)-06-Oct-2022_segment_0001.wav,XC754470-Common-tailorbird-(-Ranvi-)-06-Oct-2022,Common Tailorbird,Orthotomus sutorius,XC754470-Common-tailorbird-(-Ranvi-)-06-Oct-2022.wav,1,2.5,7.5,5,17.0,32000,dataset\segments\Orthotomus_sutorius\XC754470-Common-tailorbird-(-Ranvi-)-06-Oct-2022_segment_0001.wav,train
XC754470-Common-tailorbird-(-Ranvi-)-06-Oct-2022_segment_0002.wav,XC754470-Common-tailorbird-(-Ranvi-)-06-Oct-2022,Common Tailorbird,Orthotomus sutorius,XC754470-Common-tailorbird-(-Ranvi-)-06-Oct-2022.wav,2,5.0,10.0,5,17.0,32000,dataset\segments\Orthotomus_sutorius\XC754470-Common-tailorbird-(-Ranvi-)-06-Oct-2022_segment_0002.wav,train
XC754470-Common-tailorbird-(-Ranvi-)-06-Oct-2022_segment_0003.wav,XC754470-Common-tailorbird-(-Ranvi-)-06-Oct-2022,Common Tailorbird,Orthotomus sutorius,XC754470-Common-tailorbird-(-Ranvi-)-06-Oct-2022.wav,3,7.5,12.5,5,17.0,32000,dataset\segments\Orthotomus_sutorius\XC754470-Common-tailorbird-(-Ranvi-)-06-Oct-2022_segment_0003.wav,train
XC754470-Common-tailorbird-(-Ranvi-)-06-Oct-2022_segment_0004.wav,XC754470-Common-tailorbird-(-Ranvi-)-06-Oct-2022,Common Tailorbird,Orthotomus sutorius,XC754470-Common-tailorbird-(-Ranvi-)-06-Oct-2022.wav,4,10.0,15.0,5,17.0,32000,dataset\segments\Orthotomus_sutorius\XC754470-Common-tailorbird-(-Ranvi-)-06-Oct-2022_segment_0004.wav,train
XC786978-CommonTailorbird_ThatLuang_230216_1805_edited_segment_0000.wav,XC786978-CommonTailorbird_ThatLuang_230216_1805_edited,Common Tailorbird,Orthotomus sutorius,XC786978-CommonTailorbird_ThatLuang_230216_1805_edited.wav,0,0.0,5.0,5,31.451,32000,dataset\segments\Orthotomus_sutorius\XC786978-CommonTailorbird_ThatLuang_230216_1805_edited_segment_0000.wav,train
XC786978-CommonTailorbird_ThatLuang_230216_1805_edited_segment_0001.wav,XC786978-CommonTailorbird_ThatLuang_230216_1805_edited,Common Tailorbird,Orthotomus sutorius,XC786978-CommonTailorbird_ThatLuang_230216_1805_edited.wav,1,2.5,7.5,5,31.451,32000,dataset\segments\Orthotomus_sutorius\XC786978-CommonTailorbird_ThatLuang_230216_1805_edited_segment_0001.wav,train
XC786978-CommonTailorbird_ThatLuang_230216_1805_edited_segment_0002.wav,XC786978-CommonTailorbird_ThatLuang_230216_1805_edited,Common Tailorbird,Orthotomus sutorius,XC786978-CommonTailorbird_ThatLuang_230216_1805_edited.wav,2,5.0,10.0,5,31.451,32000,dataset\segments\Orthotomus_sutorius\XC786978-CommonTailorbird_ThatLuang_230216_1805_edited_segment_0002.wav,train
XC786978-CommonTailorbird_ThatLuang_230216_1805_edited_segment_0003.wav,XC786978-CommonTailorbird_ThatLuang_230216_1805_edited,Common Tailorbird,Orthotomus sutorius,XC786978-CommonTailorbird_ThatLuang_230216_1805_edited.wav,3,7.5,12.5,5,31.451,32000,dataset\segments\Orthotomus_sutorius\XC786978-CommonTailorbird_ThatLuang_230216_1805_edited_segment_0003.wav,train
XC786978-CommonTailorbird_ThatLuang_230216_1805_edited_segment_0004.wav,XC786978-CommonTailorbird_ThatLuang_230216_1805_edited,Common Tailorbird,Orthotomus sutorius,XC786978-CommonTailorbird_ThatLuang_230216_1805_edited.wav,4,10.0,15.0,5,31.451,32000,dataset\segments\Orthotomus_sutorius\XC786978-CommonTailorbird_ThatLuang_230216_1805_edited_segment_0004.wav,train
XC786978-CommonTailorbird_ThatLuang_230216_1805_edited_segment_0005.wav,XC786978-CommonTailorbird_ThatLuang_230216_1805_edited,Common Tailorbird,Orthotomus sutorius,XC786978-CommonTailorbird_ThatLuang_230216_1805_edited.wav,5,12.5,17.5,5,31.451,32000,dataset\segments\Orthotomus_sutorius\XC786978-CommonTailorbird_ThatLuang_230216_1805_edited_segment_0005.wav,train
XC786978-CommonTailorbird_ThatLuang_230216_1805_edited_segment_0006.wav,XC786978-CommonTailorbird_ThatLuang_230216_1805_edited,Common Tailorbird,Orthotomus sutorius,XC786978-CommonTailorbird_ThatLuang_230216_1805_edited.wav,6,15.0,20.0,5,31.451,32000,dataset\segments\Orthotomus_sutorius\XC786978-CommonTailorbird_ThatLuang_230216_1805_edited_segment_0006.wav,train
XC786978-CommonTailorbird_ThatLuang_230216_1805_edited_segment_0007.wav,XC786978-CommonTailorbird_ThatLuang_230216_1805_edited,Common Tailorbird,Orthotomus sutorius,XC786978-CommonTailorbird_ThatLuang_230216_1805_edited.wav,7,17.5,22.5,5,31.451,32000,dataset\segments\Orthotomus_sutorius\XC786978-CommonTailorbird_ThatLuang_230216_1805_edited_segment_0007.wav,train
XC786978-CommonTailorbird_ThatLuang_230216_1805_edited_segment_0008.wav,XC786978-CommonTailorbird_ThatLuang_230216_1805_edited,Common Tailorbird,Orthotomus sutorius,XC786978-CommonTailorbird_ThatLuang_230216_1805_edited.wav,8,20.0,25.0,5,31.451,32000,dataset\segments\Orthotomus_sutorius\XC786978-CommonTailorbird_ThatLuang_230216_1805_edited_segment_0008.wav,train
XC786978-CommonTailorbird_ThatLuang_230216_1805_edited_segment_0009.wav,XC786978-CommonTailorbird_ThatLuang_230216_1805_edited,Common Tailorbird,Orthotomus sutorius,XC786978-CommonTailorbird_ThatLuang_230216_1805_edited.wav,9,22.5,27.5,5,31.451,32000,dataset\segments\Orthotomus_sutorius\XC786978-CommonTailorbird_ThatLuang_230216_1805_edited_segment_0009.wav,train
XC786978-CommonTailorbird_ThatLuang_230216_1805_edited_segment_0010.wav,XC786978-CommonTailorbird_ThatLuang_230216_1805_edited,Common Tailorbird,Orthotomus sutorius,XC786978-CommonTailorbird_ThatLuang_230216_1805_edited.wav,10,25.0,30.0,5,31.451,32000,dataset\segments\Orthotomus_sutorius\XC786978-CommonTailorbird_ThatLuang_230216_1805_edited_segment_0010.wav,train
"XC787660-230207-085649-Rotstirn-Schneidervogel-Typ-1.-THL.-Petchaburi,-Kaeng-Krachan.-Kum-Nang-Phraya-Resort-and-environment_segment_0000.wav","XC787660-230207-085649-Rotstirn-Schneidervogel-Typ-1.-THL.-Petchaburi,-Kaeng-Krachan.-Kum-Nang-Phraya-Resort-and-environment",Common Tailorbird,Orthotomus sutorius,"XC787660-230207-085649-Rotstirn-Schneidervogel-Typ-1.-THL.-Petchaburi,-Kaeng-Krachan.-Kum-Nang-Phraya-Resort-and-environment.wav",0,0.0,5.0,5,16.233,32000,"dataset\segments\Orthotomus_sutorius\XC787660-230207-085649-Rotstirn-Schneidervogel-Typ-1.-THL.-Petchaburi,-Kaeng-Krachan.-Kum-Nang-Phraya-Resort-and-environment_segment_0000.wav",train
"XC787660-230207-085649-Rotstirn-Schneidervogel-Typ-1.-THL.-Petchaburi,-Kaeng-Krachan.-Kum-Nang-Phraya-Resort-and-environment_segment_0001.wav","XC787660-230207-085649-Rotstirn-Schneidervogel-Typ-1.-THL.-Petchaburi,-Kaeng-Krachan.-Kum-Nang-Phraya-Resort-and-environment",Common Tailorbird,Orthotomus sutorius,"XC787660-230207-085649-Rotstirn-Schneidervogel-Typ-1.-THL.-Petchaburi,-Kaeng-Krachan.-Kum-Nang-Phraya-Resort-and-environment.wav",1,2.5,7.5,5,16.233,32000,"dataset\segments\Orthotomus_sutorius\XC787660-230207-085649-Rotstirn-Schneidervogel-Typ-1.-THL.-Petchaburi,-Kaeng-Krachan.-Kum-Nang-Phraya-Resort-and-environment_segment_0001.wav",train
"XC787660-230207-085649-Rotstirn-Schneidervogel-Typ-1.-THL.-Petchaburi,-Kaeng-Krachan.-Kum-Nang-Phraya-Resort-and-environment_segment_0002.wav","XC787660-230207-085649-Rotstirn-Schneidervogel-Typ-1.-THL.-Petchaburi,-Kaeng-Krachan.-Kum-Nang-Phraya-Resort-and-environment",Common Tailorbird,Orthotomus sutorius,"XC787660-230207-085649-Rotstirn-Schneidervogel-Typ-1.-THL.-Petchaburi,-Kaeng-Krachan.-Kum-Nang-Phraya-Resort-and-environment.wav",2,5.0,10.0,5,16.233,32000,"dataset\segments\Orthotomus_sutorius\XC787660-230207-085649-Rotstirn-Schneidervogel-Typ-1.-THL.-Petchaburi,-Kaeng-Krachan.-Kum-Nang-Phraya-Resort-and-environment_segment_0002.wav",train
"XC787660-230207-085649-Rotstirn-Schneidervogel-Typ-1.-THL.-Petchaburi,-Kaeng-Krachan.-Kum-Nang-Phraya-Resort-and-environment_segment_0003.wav","XC787660-230207-085649-Rotstirn-Schneidervogel-Typ-1.-THL.-Petchaburi,-Kaeng-Krachan.-Kum-Nang-Phraya-Resort-and-environment",Common Tailorbird,Orthotomus sutorius,"XC787660-230207-085649-Rotstirn-Schneidervogel-Typ-1.-THL.-Petchaburi,-Kaeng-Krachan.-Kum-Nang-Phraya-Resort-and-environment.wav",3,7.5,12.5,5,16.233,32000,"dataset\segments\Orthotomus_sutorius\XC787660-230207-085649-Rotstirn-Schneidervogel-Typ-1.-THL.-Petchaburi,-Kaeng-Krachan.-Kum-Nang-Phraya-Resort-and-environment_segment_0003.wav",train
"XC787660-230207-085649-Rotstirn-Schneidervogel-Typ-1.-THL.-Petchaburi,-Kaeng-Krachan.-Kum-Nang-Phraya-Resort-and-environment_segment_0004.wav","XC787660-230207-085649-Rotstirn-Schneidervogel-Typ-1.-THL.-Petchaburi,-Kaeng-Krachan.-Kum-Nang-Phraya-Resort-and-environment",Common Tailorbird,Orthotomus sutorius,"XC787660-230207-085649-Rotstirn-Schneidervogel-Typ-1.-THL.-Petchaburi,-Kaeng-Krachan.-Kum-Nang-Phraya-Resort-and-environment.wav",4,10.0,15.0,5,16.233,32000,"dataset\segments\Orthotomus_sutorius\XC787660-230207-085649-Rotstirn-Schneidervogel-Typ-1.-THL.-Petchaburi,-Kaeng-Krachan.-Kum-Nang-Phraya-Resort-and-environment_segment_0004.wav",train
XC834664-Orthotomus-sutorius-longicauda-T6111-8dB-NR-24dB-HP-1kHz_segment_0000.wav,XC834664-Orthotomus-sutorius-longicauda-T6111-8dB-NR-24dB-HP-1kHz,Common Tailorbird,Orthotomus sutorius,XC834664-Orthotomus-sutorius-longicauda-T6111-8dB-NR-24dB-HP-1kHz.wav,0,0.0,5.0,5,129.17,32000,dataset\segments\Orthotomus_sutorius\XC834664-Orthotomus-sutorius-longicauda-T6111-8dB-NR-24dB-HP-1kHz_segment_0000.wav,train
XC834664-Orthotomus-sutorius-longicauda-T6111-8dB-NR-24dB-HP-1kHz_segment_0001.wav,XC834664-Orthotomus-sutorius-longicauda-T6111-8dB-NR-24dB-HP-1kHz,Common Tailorbird,Orthotomus sutorius,XC834664-Orthotomus-sutorius-longicauda-T6111-8dB-NR-24dB-HP-1kHz.wav,1,2.5,7.5,5,129.17,32000,dataset\segments\Orthotomus_sutorius\XC834664-Orthotomus-sutorius-longicauda-T6111-8dB-NR-24dB-HP-1kHz_segment_0001.wav,train
XC834664-Orthotomus-sutorius-longicauda-T6111-8dB-NR-24dB-HP-1kHz_segment_0002.wav,XC834664-Orthotomus-sutorius-longicauda-T6111-8dB-NR-24dB-HP-1kHz,Common Tailorbird,Orthotomus sutorius,XC834664-Orthotomus-sutorius-longicauda-T6111-8dB-NR-24dB-HP-1kHz.wav,2,5.0,10.0,5,129.17,32000,dataset\segments\Orthotomus_sutorius\XC834664-Orthotomus-sutorius-longicauda-T6111-8dB-NR-24dB-HP-1kHz_segment_0002.wav,train
XC834664-Orthotomus-sutorius-longicauda-T6111-8dB-NR-24dB-HP-1kHz_segment_0003.wav,XC834664-Orthotomus-sutorius-longicauda-T6111-8dB-NR-24dB-HP-1kHz,Common Tailorbird,Orthotomus sutorius,XC834664-Orthotomus-sutorius-longicauda-T6111-8dB-NR-24dB-HP-1kHz.wav,3,7.5,12.5,5,129.17,32000,dataset\segments\Orthotomus_sutorius\XC834664-Orthotomus-sutorius-longicauda-T6111-8dB-NR-24dB-HP-1kHz_segment_0003.wav,train
XC834664-Orthotomus-sutorius-longicauda-T6111-8dB-NR-24dB-HP-1kHz_segment_0004.wav,XC834664-Orthotomus-sutorius-longicauda-T6111-8dB-NR-24dB-HP-1kHz,Common Tailorbird,Orthotomus sutorius,XC834664-Orthotomus-sutorius-longicauda-T6111-8dB-NR-24dB-HP-1kHz.wav,4,10.0,15.0,5,129.17,32000,dataset\segments\Orthotomus_sutorius\XC834664-Orthotomus-sutorius-longicauda-T6111-8dB-NR-24dB-HP-1kHz_segment_0004.wav,train
XC834664-Orthotomus-sutorius-longicauda-T6111-8dB-NR-24dB-HP-1kHz_segment_0005.wav,XC834664-Orthotomus-sutorius-longicauda-T6111-8dB-NR-24dB-HP-1kHz,Common Tailorbird,Orthotomus sutorius,XC834664-Orthotomus-sutorius-longicauda-T6111-8dB-NR-24dB-HP-1kHz.wav,5,12.5,17.5,5,129.17,32000,dataset\segments\Orthotomus_sutorius\XC834664-Orthotomus-sutorius-longicauda-T6111-8dB-NR-24dB-HP-1kHz_segment_0005.wav,train
XC834664-Orthotomus-sutorius-longicauda-T6111-8dB-NR-24dB-HP-1kHz_segment_0006.wav,XC834664-Orthotomus-sutorius-longicauda-T6111-8dB-NR-24dB-HP-1kHz,Common Tailorbird,Orthotomus sutorius,XC834664-Orthotomus-sutorius-longicauda-T6111-8dB-NR-24dB-HP-1kHz.wav,6,15.0,20.0,5,129.17,32000,dataset\segments\Orthotomus_sutorius\XC834664-Orthotomus-sutorius-longicauda-T6111-8dB-NR-24dB-HP-1kHz_segment_0006.wav,train
XC834664-Orthotomus-sutorius-longicauda-T6111-8dB-NR-24dB-HP-1kHz_segment_0007.wav,XC834664-Orthotomus-sutorius-longicauda-T6111-8dB-NR-24dB-HP-1kHz,Common Tailorbird,Orthotomus sutorius,XC834664-Orthotomus-sutorius-longicauda-T6111-8dB-NR-24dB-HP-1kHz.wav,7,17.5,22.5,5,129.17,32000,dataset\segments\Orthotomus_sutorius\XC834664-Orthotomus-sutorius-longicauda-T6111-8dB-NR-24dB-HP-1kHz_segment_0007.wav,train
XC834664-Orthotomus-sutorius-longicauda-T6111-8dB-NR-24dB-HP-1kHz_segment_0008.wav,XC834664-Orthotomus-sutorius-longicauda-T6111-8dB-NR-24dB-HP-1kHz,Common Tailorbird,Orthotomus sutorius,XC834664-Orthotomus-sutorius-longicauda-T6111-8dB-NR-24dB-HP-1kHz.wav,8,20.0,25.0,5,129.17,32000,dataset\segments\Orthotomus_sutorius\XC834664-Orthotomus-sutorius-longicauda-T6111-8dB-NR-24dB-HP-1kHz_segment_0008.wav,train
XC834664-Orthotomus-sutorius-longicauda-T6111-8dB-NR-24dB-HP-1kHz_segment_0009.wav,XC834664-Orthotomus-sutorius-longicauda-T6111-8dB-NR-24dB-HP-1kHz,Common Tailorbird,Orthotomus sutorius,XC834664-Orthotomus-sutorius-longicauda-T6111-8dB-NR-24dB-HP-1kHz.wav,9,22.5,27.5,5,129.17,32000,dataset\segments\Orthotomus_sutorius\XC834664-Orthotomus-sutorius-longicauda-T6111-8dB-NR-24dB-HP-1kHz_segment_0009.wav,train
XC834664-Orthotomus-sutorius-longicauda-T6111-8dB-NR-24dB-HP-1kHz_segment_0010.wav,XC834664-Orthotomus-sutorius-longicauda-T6111-8dB-NR-24dB-HP-1kHz,Common Tailorbird,Orthotomus sutorius,XC834664-Orthotomus-sutorius-longicauda-T6111-8dB-NR-24dB-HP-1kHz.wav,10,25.0,30.0,5,129.17,32000,dataset\segments\Orthotomus_sutorius\XC834664-Orthotomus-sutorius-longicauda-T6111-8dB-NR-24dB-HP-1kHz_segment_0010.wav,train
XC834664-Orthotomus-sutorius-longicauda-T6111-8dB-NR-24dB-HP-1kHz_segment_0011.wav,XC834664-Orthotomus-sutorius-longicauda-T6111-8dB-NR-24dB-HP-1kHz,Common Tailorbird,Orthotomus sutorius,XC834664-Orthotomus-sutorius-longicauda-T6111-8dB-NR-24dB-HP-1kHz.wav,11,27.5,32.5,5,129.17,32000,dataset\segments\Orthotomus_sutorius\XC834664-Orthotomus-sutorius-longicauda-T6111-8dB-NR-24dB-HP-1kHz_segment_0011.wav,train
XC834664-Orthotomus-sutorius-longicauda-T6111-8dB-NR-24dB-HP-1kHz_segment_0012.wav,XC834664-Orthotomus-sutorius-longicauda-T6111-8dB-NR-24dB-HP-1kHz,Common Tailorbird,Orthotomus sutorius,XC834664-Orthotomus-sutorius-longicauda-T6111-8dB-NR-24dB-HP-1kHz.wav,12,30.0,35.0,5,129.17,32000,dataset\segments\Orthotomus_sutorius\XC834664-Orthotomus-sutorius-longicauda-T6111-8dB-NR-24dB-HP-1kHz_segment_0012.wav,train
XC834664-Orthotomus-sutorius-longicauda-T6111-8dB-NR-24dB-HP-1kHz_segment_0013.wav,XC834664-Orthotomus-sutorius-longicauda-T6111-8dB-NR-24dB-HP-1kHz,Common Tailorbird,Orthotomus sutorius,XC834664-Orthotomus-sutorius-longicauda-T6111-8dB-NR-24dB-HP-1kHz.wav,13,32.5,37.5,5,129.17,32000,dataset\segments\Orthotomus_sutorius\XC834664-Orthotomus-sutorius-longicauda-T6111-8dB-NR-24dB-HP-1kHz_segment_0013.wav,train
XC834664-Orthotomus-sutorius-longicauda-T6111-8dB-NR-24dB-HP-1kHz_segment_0014.wav,XC834664-Orthotomus-sutorius-longicauda-T6111-8dB-NR-24dB-HP-1kHz,Common Tailorbird,Orthotomus sutorius,XC834664-Orthotomus-sutorius-longicauda-T6111-8dB-NR-24dB-HP-1kHz.wav,14,35.0,40.0,5,129.17,32000,dataset\segments\Orthotomus_sutorius\XC834664-Orthotomus-sutorius-longicauda-T6111-8dB-NR-24dB-HP-1kHz_segment_0014.wav,train
XC834664-Orthotomus-sutorius-longicauda-T6111-8dB-NR-24dB-HP-1kHz_segment_0015.wav,XC834664-Orthotomus-sutorius-longicauda-T6111-8dB-NR-24dB-HP-1kHz,Common Tailorbird,Orthotomus sutorius,XC834664-Orthotomus-sutorius-longicauda-T6111-8dB-NR-24dB-HP-1kHz.wav,15,37.5,42.5,5,129.17,32000,dataset\segments\Orthotomus_sutorius\XC834664-Orthotomus-sutorius-longicauda-T6111-8dB-NR-24dB-HP-1kHz_segment_0015.wav,train
XC834664-Orthotomus-sutorius-longicauda-T6111-8dB-NR-24dB-HP-1kHz_segment_0016.wav,XC834664-Orthotomus-sutorius-longicauda-T6111-8dB-NR-24dB-HP-1kHz,Common Tailorbird,Orthotomus sutorius,XC834664-Orthotomus-sutorius-longicauda-T6111-8dB-NR-24dB-HP-1kHz.wav,16,40.0,45.0,5,129.17,32000,dataset\segments\Orthotomus_sutorius\XC834664-Orthotomus-sutorius-longicauda-T6111-8dB-NR-24dB-HP-1kHz_segment_0016.wav,train
XC834664-Orthotomus-sutorius-longicauda-T6111-8dB-NR-24dB-HP-1kHz_segment_0017.wav,XC834664-Orthotomus-sutorius-longicauda-T6111-8dB-NR-24dB-HP-1kHz,Common Tailorbird,Orthotomus sutorius,XC834664-Orthotomus-sutorius-longicauda-T6111-8dB-NR-24dB-HP-1kHz.wav,17,42.5,47.5,5,129.17,32000,dataset\segments\Orthotomus_sutorius\XC834664-Orthotomus-sutorius-longicauda-T6111-8dB-NR-24dB-HP-1kHz_segment_0017.wav,train
XC834664-Orthotomus-sutorius-longicauda-T6111-8dB-NR-24dB-HP-1kHz_segment_0018.wav,XC834664-Orthotomus-sutorius-longicauda-T6111-8dB-NR-24dB-HP-1kHz,Common Tailorbird,Orthotomus sutorius,XC834664-Orthotomus-sutorius-longicauda-T6111-8dB-NR-24dB-HP-1kHz.wav,18,45.0,50.0,5,129.17,32000,dataset\segments\Orthotomus_sutorius\XC834664-Orthotomus-sutorius-longicauda-T6111-8dB-NR-24dB-HP-1kHz_segment_0018.wav,train
XC834664-Orthotomus-sutorius-longicauda-T6111-8dB-NR-24dB-HP-1kHz_segment_0019.wav,XC834664-Orthotomus-sutorius-longicauda-T6111-8dB-NR-24dB-HP-1kHz,Common Tailorbird,Orthotomus sutorius,XC834664-Orthotomus-sutorius-longicauda-T6111-8dB-NR-24dB-HP-1kHz.wav,19,47.5,52.5,5,129.17,32000,dataset\segments\Orthotomus_sutorius\XC834664-Orthotomus-sutorius-longicauda-T6111-8dB-NR-24dB-HP-1kHz_segment_0019.wav,train
XC834664-Orthotomus-sutorius-longicauda-T6111-8dB-NR-24dB-HP-1kHz_segment_0020.wav,XC834664-Orthotomus-sutorius-longicauda-T6111-8dB-NR-24dB-HP-1kHz,Common Tailorbird,Orthotomus sutorius,XC834664-Orthotomus-sutorius-longicauda-T6111-8dB-NR-24dB-HP-1kHz.wav,20,50.0,55.0,5,129.17,32000,dataset\segments\Orthotomus_sutorius\XC834664-Orthotomus-sutorius-longicauda-T6111-8dB-NR-24dB-HP-1kHz_segment_0020.wav,train
XC834664-Orthotomus-sutorius-longicauda-T6111-8dB-NR-24dB-HP-1kHz_segment_0021.wav,XC834664-Orthotomus-sutorius-longicauda-T6111-8dB-NR-24dB-HP-1kHz,Common Tailorbird,Orthotomus sutorius,XC834664-Orthotomus-sutorius-longicauda-T6111-8dB-NR-24dB-HP-1kHz.wav,21,52.5,57.5,5,129.17,32000,dataset\segments\Orthotomus_sutorius\XC834664-Orthotomus-sutorius-longicauda-T6111-8dB-NR-24dB-HP-1kHz_segment_0021.wav,train
XC834664-Orthotomus-sutorius-longicauda-T6111-8dB-NR-24dB-HP-1kHz_segment_0022.wav,XC834664-Orthotomus-sutorius-longicauda-T6111-8dB-NR-24dB-HP-1kHz,Common Tailorbird,Orthotomus sutorius,XC834664-Orthotomus-sutorius-longicauda-T6111-8dB-NR-24dB-HP-1kHz.wav,22,55.0,60.0,5,129.17,32000,dataset\segments\Orthotomus_sutorius\XC834664-Orthotomus-sutorius-longicauda-T6111-8dB-NR-24dB-HP-1kHz_segment_0022.wav,train
XC834664-Orthotomus-sutorius-longicauda-T6111-8dB-NR-24dB-HP-1kHz_segment_0023.wav,XC834664-Orthotomus-sutorius-longicauda-T6111-8dB-NR-24dB-HP-1kHz,Common Tailorbird,Orthotomus sutorius,XC834664-Orthotomus-sutorius-longicauda-T6111-8dB-NR-24dB-HP-1kHz.wav,23,57.5,62.5,5,129.17,32000,dataset\segments\Orthotomus_sutorius\XC834664-Orthotomus-sutorius-longicauda-T6111-8dB-NR-24dB-HP-1kHz_segment_0023.wav,train
XC834664-Orthotomus-sutorius-longicauda-T6111-8dB-NR-24dB-HP-1kHz_segment_0024.wav,XC834664-Orthotomus-sutorius-longicauda-T6111-8dB-NR-24dB-HP-1kHz,Common Tailorbird,Orthotomus sutorius,XC834664-Orthotomus-sutorius-longicauda-T6111-8dB-NR-24dB-HP-1kHz.wav,24,60.0,65.0,5,129.17,32000,dataset\segments\Orthotomus_sutorius\XC834664-Orthotomus-sutorius-longicauda-T6111-8dB-NR-24dB-HP-1kHz_segment_0024.wav,train
XC834664-Orthotomus-sutorius-longicauda-T6111-8dB-NR-24dB-HP-1kHz_segment_0025.wav,XC834664-Orthotomus-sutorius-longicauda-T6111-8dB-NR-24dB-HP-1kHz,Common Tailorbird,Orthotomus sutorius,XC834664-Orthotomus-sutorius-longicauda-T6111-8dB-NR-24dB-HP-1kHz.wav,25,62.5,67.5,5,129.17,32000,dataset\segments\Orthotomus_sutorius\XC834664-Orthotomus-sutorius-longicauda-T6111-8dB-NR-24dB-HP-1kHz_segment_0025.wav,train
XC834664-Orthotomus-sutorius-longicauda-T6111-8dB-NR-24dB-HP-1kHz_segment_0026.wav,XC834664-Orthotomus-sutorius-longicauda-T6111-8dB-NR-24dB-HP-1kHz,Common Tailorbird,Orthotomus sutorius,XC834664-Orthotomus-sutorius-longicauda-T6111-8dB-NR-24dB-HP-1kHz.wav,26,65.0,70.0,5,129.17,32000,dataset\segments\Orthotomus_sutorius\XC834664-Orthotomus-sutorius-longicauda-T6111-8dB-NR-24dB-HP-1kHz_segment_0026.wav,train
XC834664-Orthotomus-sutorius-longicauda-T6111-8dB-NR-24dB-HP-1kHz_segment_0027.wav,XC834664-Orthotomus-sutorius-longicauda-T6111-8dB-NR-24dB-HP-1kHz,Common Tailorbird,Orthotomus sutorius,XC834664-Orthotomus-sutorius-longicauda-T6111-8dB-NR-24dB-HP-1kHz.wav,27,67.5,72.5,5,129.17,32000,dataset\segments\Orthotomus_sutorius\XC834664-Orthotomus-sutorius-longicauda-T6111-8dB-NR-24dB-HP-1kHz_segment_0027.wav,train
XC834664-Orthotomus-sutorius-longicauda-T6111-8dB-NR-24dB-HP-1kHz_segment_0028.wav,XC834664-Orthotomus-sutorius-longicauda-T6111-8dB-NR-24dB-HP-1kHz,Common Tailorbird,Orthotomus sutorius,XC834664-Orthotomus-sutorius-longicauda-T6111-8dB-NR-24dB-HP-1kHz.wav,28,70.0,75.0,5,129.17,32000,dataset\segments\Orthotomus_sutorius\XC834664-Orthotomus-sutorius-longicauda-T6111-8dB-NR-24dB-HP-1kHz_segment_0028.wav,train
XC834664-Orthotomus-sutorius-longicauda-T6111-8dB-NR-24dB-HP-1kHz_segment_0029.wav,XC834664-Orthotomus-sutorius-longicauda-T6111-8dB-NR-24dB-HP-1kHz,Common Tailorbird,Orthotomus sutorius,XC834664-Orthotomus-sutorius-longicauda-T6111-8dB-NR-24dB-HP-1kHz.wav,29,72.5,77.5,5,129.17,32000,dataset\segments\Orthotomus_sutorius\XC834664-Orthotomus-sutorius-longicauda-T6111-8dB-NR-24dB-HP-1kHz_segment_0029.wav,train
XC834664-Orthotomus-sutorius-longicauda-T6111-8dB-NR-24dB-HP-1kHz_segment_0030.wav,XC834664-Orthotomus-sutorius-longicauda-T6111-8dB-NR-24dB-HP-1kHz,Common Tailorbird,Orthotomus sutorius,XC834664-Orthotomus-sutorius-longicauda-T6111-8dB-NR-24dB-HP-1kHz.wav,30,75.0,80.0,5,129.17,32000,dataset\segments\Orthotomus_sutorius\XC834664-Orthotomus-sutorius-longicauda-T6111-8dB-NR-24dB-HP-1kHz_segment_0030.wav,train
XC834664-Orthotomus-sutorius-longicauda-T6111-8dB-NR-24dB-HP-1kHz_segment_0031.wav,XC834664-Orthotomus-sutorius-longicauda-T6111-8dB-NR-24dB-HP-1kHz,Common Tailorbird,Orthotomus sutorius,XC834664-Orthotomus-sutorius-longicauda-T6111-8dB-NR-24dB-HP-1kHz.wav,31,77.5,82.5,5,129.17,32000,dataset\segments\Orthotomus_sutorius\XC834664-Orthotomus-sutorius-longicauda-T6111-8dB-NR-24dB-HP-1kHz_segment_0031.wav,train
XC834664-Orthotomus-sutorius-longicauda-T6111-8dB-NR-24dB-HP-1kHz_segment_0032.wav,XC834664-Orthotomus-sutorius-longicauda-T6111-8dB-NR-24dB-HP-1kHz,Common Tailorbird,Orthotomus sutorius,XC834664-Orthotomus-sutorius-longicauda-T6111-8dB-NR-24dB-HP-1kHz.wav,32,80.0,85.0,5,129.17,32000,dataset\segments\Orthotomus_sutorius\XC834664-Orthotomus-sutorius-longicauda-T6111-8dB-NR-24dB-HP-1kHz_segment_0032.wav,train
XC834664-Orthotomus-sutorius-longicauda-T6111-8dB-NR-24dB-HP-1kHz_segment_0033.wav,XC834664-Orthotomus-sutorius-longicauda-T6111-8dB-NR-24dB-HP-1kHz,Common Tailorbird,Orthotomus sutorius,XC834664-Orthotomus-sutorius-longicauda-T6111-8dB-NR-24dB-HP-1kHz.wav,33,82.5,87.5,5,129.17,32000,dataset\segments\Orthotomus_sutorius\XC834664-Orthotomus-sutorius-longicauda-T6111-8dB-NR-24dB-HP-1kHz_segment_0033.wav,train
XC834664-Orthotomus-sutorius-longicauda-T6111-8dB-NR-24dB-HP-1kHz_segment_0034.wav,XC834664-Orthotomus-sutorius-longicauda-T6111-8dB-NR-24dB-HP-1kHz,Common Tailorbird,Orthotomus sutorius,XC834664-Orthotomus-sutorius-longicauda-T6111-8dB-NR-24dB-HP-1kHz.wav,34,85.0,90.0,5,129.17,32000,dataset\segments\Orthotomus_sutorius\XC834664-Orthotomus-sutorius-longicauda-T6111-8dB-NR-24dB-HP-1kHz_segment_0034.wav,train
XC834664-Orthotomus-sutorius-longicauda-T6111-8dB-NR-24dB-HP-1kHz_segment_0035.wav,XC834664-Orthotomus-sutorius-longicauda-T6111-8dB-NR-24dB-HP-1kHz,Common Tailorbird,Orthotomus sutorius,XC834664-Orthotomus-sutorius-longicauda-T6111-8dB-NR-24dB-HP-1kHz.wav,35,87.5,92.5,5,129.17,32000,dataset\segments\Orthotomus_sutorius\XC834664-Orthotomus-sutorius-longicauda-T6111-8dB-NR-24dB-HP-1kHz_segment_0035.wav,train
XC834664-Orthotomus-sutorius-longicauda-T6111-8dB-NR-24dB-HP-1kHz_segment_0036.wav,XC834664-Orthotomus-sutorius-longicauda-T6111-8dB-NR-24dB-HP-1kHz,Common Tailorbird,Orthotomus sutorius,XC834664-Orthotomus-sutorius-longicauda-T6111-8dB-NR-24dB-HP-1kHz.wav,36,90.0,95.0,5,129.17,32000,dataset\segments\Orthotomus_sutorius\XC834664-Orthotomus-sutorius-longicauda-T6111-8dB-NR-24dB-HP-1kHz_segment_0036.wav,train
XC834664-Orthotomus-sutorius-longicauda-T6111-8dB-NR-24dB-HP-1kHz_segment_0037.wav,XC834664-Orthotomus-sutorius-longicauda-T6111-8dB-NR-24dB-HP-1kHz,Common Tailorbird,Orthotomus sutorius,XC834664-Orthotomus-sutorius-longicauda-T6111-8dB-NR-24dB-HP-1kHz.wav,37,92.5,97.5,5,129.17,32000,dataset\segments\Orthotomus_sutorius\XC834664-Orthotomus-sutorius-longicauda-T6111-8dB-NR-24dB-HP-1kHz_segment_0037.wav,train
XC834664-Orthotomus-sutorius-longicauda-T6111-8dB-NR-24dB-HP-1kHz_segment_0038.wav,XC834664-Orthotomus-sutorius-longicauda-T6111-8dB-NR-24dB-HP-1kHz,Common Tailorbird,Orthotomus sutorius,XC834664-Orthotomus-sutorius-longicauda-T6111-8dB-NR-24dB-HP-1kHz.wav,38,95.0,100.0,5,129.17,32000,dataset\segments\Orthotomus_sutorius\XC834664-Orthotomus-sutorius-longicauda-T6111-8dB-NR-24dB-HP-1kHz_segment_0038.wav,train
XC834664-Orthotomus-sutorius-longicauda-T6111-8dB-NR-24dB-HP-1kHz_segment_0039.wav,XC834664-Orthotomus-sutorius-longicauda-T6111-8dB-NR-24dB-HP-1kHz,Common Tailorbird,Orthotomus sutorius,XC834664-Orthotomus-sutorius-longicauda-T6111-8dB-NR-24dB-HP-1kHz.wav,39,97.5,102.5,5,129.17,32000,dataset\segments\Orthotomus_sutorius\XC834664-Orthotomus-sutorius-longicauda-T6111-8dB-NR-24dB-HP-1kHz_segment_0039.wav,train
XC834664-Orthotomus-sutorius-longicauda-T6111-8dB-NR-24dB-HP-1kHz_segment_0040.wav,XC834664-Orthotomus-sutorius-longicauda-T6111-8dB-NR-24dB-HP-1kHz,Common Tailorbird,Orthotomus sutorius,XC834664-Orthotomus-sutorius-longicauda-T6111-8dB-NR-24dB-HP-1kHz.wav,40,100.0,105.0,5,129.17,32000,dataset\segments\Orthotomus_sutorius\XC834664-Orthotomus-sutorius-longicauda-T6111-8dB-NR-24dB-HP-1kHz_segment_0040.wav,train
XC834664-Orthotomus-sutorius-longicauda-T6111-8dB-NR-24dB-HP-1kHz_segment_0041.wav,XC834664-Orthotomus-sutorius-longicauda-T6111-8dB-NR-24dB-HP-1kHz,Common Tailorbird,Orthotomus sutorius,XC834664-Orthotomus-sutorius-longicauda-T6111-8dB-NR-24dB-HP-1kHz.wav,41,102.5,107.5,5,129.17,32000,dataset\segments\Orthotomus_sutorius\XC834664-Orthotomus-sutorius-longicauda-T6111-8dB-NR-24dB-HP-1kHz_segment_0041.wav,train
XC834664-Orthotomus-sutorius-longicauda-T6111-8dB-NR-24dB-HP-1kHz_segment_0042.wav,XC834664-Orthotomus-sutorius-longicauda-T6111-8dB-NR-24dB-HP-1kHz,Common Tailorbird,Orthotomus sutorius,XC834664-Orthotomus-sutorius-longicauda-T6111-8dB-NR-24dB-HP-1kHz.wav,42,105.0,110.0,5,129.17,32000,dataset\segments\Orthotomus_sutorius\XC834664-Orthotomus-sutorius-longicauda-T6111-8dB-NR-24dB-HP-1kHz_segment_0042.wav,train
XC834664-Orthotomus-sutorius-longicauda-T6111-8dB-NR-24dB-HP-1kHz_segment_0043.wav,XC834664-Orthotomus-sutorius-longicauda-T6111-8dB-NR-24dB-HP-1kHz,Common Tailorbird,Orthotomus sutorius,XC834664-Orthotomus-sutorius-longicauda-T6111-8dB-NR-24dB-HP-1kHz.wav,43,107.5,112.5,5,129.17,32000,dataset\segments\Orthotomus_sutorius\XC834664-Orthotomus-sutorius-longicauda-T6111-8dB-NR-24dB-HP-1kHz_segment_0043.wav,train
XC834664-Orthotomus-sutorius-longicauda-T6111-8dB-NR-24dB-HP-1kHz_segment_0044.wav,XC834664-Orthotomus-sutorius-longicauda-T6111-8dB-NR-24dB-HP-1kHz,Common Tailorbird,Orthotomus sutorius,XC834664-Orthotomus-sutorius-longicauda-T6111-8dB-NR-24dB-HP-1kHz.wav,44,110.0,115.0,5,129.17,32000,dataset\segments\Orthotomus_sutorius\XC834664-Orthotomus-sutorius-longicauda-T6111-8dB-NR-24dB-HP-1kHz_segment_0044.wav,train
XC834664-Orthotomus-sutorius-longicauda-T6111-8dB-NR-24dB-HP-1kHz_segment_0045.wav,XC834664-Orthotomus-sutorius-longicauda-T6111-8dB-NR-24dB-HP-1kHz,Common Tailorbird,Orthotomus sutorius,XC834664-Orthotomus-sutorius-longicauda-T6111-8dB-NR-24dB-HP-1kHz.wav,45,112.5,117.5,5,129.17,32000,dataset\segments\Orthotomus_sutorius\XC834664-Orthotomus-sutorius-longicauda-T6111-8dB-NR-24dB-HP-1kHz_segment_0045.wav,train
XC834664-Orthotomus-sutorius-longicauda-T6111-8dB-NR-24dB-HP-1kHz_segment_0046.wav,XC834664-Orthotomus-sutorius-longicauda-T6111-8dB-NR-24dB-HP-1kHz,Common Tailorbird,Orthotomus sutorius,XC834664-Orthotomus-sutorius-longicauda-T6111-8dB-NR-24dB-HP-1kHz.wav,46,115.0,120.0,5,129.17,32000,dataset\segments\Orthotomus_sutorius\XC834664-Orthotomus-sutorius-longicauda-T6111-8dB-NR-24dB-HP-1kHz_segment_0046.wav,train
XC834664-Orthotomus-sutorius-longicauda-T6111-8dB-NR-24dB-HP-1kHz_segment_0047.wav,XC834664-Orthotomus-sutorius-longicauda-T6111-8dB-NR-24dB-HP-1kHz,Common Tailorbird,Orthotomus sutorius,XC834664-Orthotomus-sutorius-longicauda-T6111-8dB-NR-24dB-HP-1kHz.wav,47,117.5,122.5,5,129.17,32000,dataset\segments\Orthotomus_sutorius\XC834664-Orthotomus-sutorius-longicauda-T6111-8dB-NR-24dB-HP-1kHz_segment_0047.wav,train
XC834664-Orthotomus-sutorius-longicauda-T6111-8dB-NR-24dB-HP-1kHz_segment_0048.wav,XC834664-Orthotomus-sutorius-longicauda-T6111-8dB-NR-24dB-HP-1kHz,Common Tailorbird,Orthotomus sutorius,XC834664-Orthotomus-sutorius-longicauda-T6111-8dB-NR-24dB-HP-1kHz.wav,48,120.0,125.0,5,129.17,32000,dataset\segments\Orthotomus_sutorius\XC834664-Orthotomus-sutorius-longicauda-T6111-8dB-NR-24dB-HP-1kHz_segment_0048.wav,train
XC834664-Orthotomus-sutorius-longicauda-T6111-8dB-NR-24dB-HP-1kHz_segment_0049.wav,XC834664-Orthotomus-sutorius-longicauda-T6111-8dB-NR-24dB-HP-1kHz,Common Tailorbird,Orthotomus sutorius,XC834664-Orthotomus-sutorius-longicauda-T6111-8dB-NR-24dB-HP-1kHz.wav,49,122.5,127.5,5,129.17,32000,dataset\segments\Orthotomus_sutorius\XC834664-Orthotomus-sutorius-longicauda-T6111-8dB-NR-24dB-HP-1kHz_segment_0049.wav,train
XC834666-Orthotomus-sutorius-longicauda-T3275-norm-8dB-NR-24dB-HP-1kHz_segment_0000.wav,XC834666-Orthotomus-sutorius-longicauda-T3275-norm-8dB-NR-24dB-HP-1kHz,Common Tailorbird,Orthotomus sutorius,XC834666-Orthotomus-sutorius-longicauda-T3275-norm-8dB-NR-24dB-HP-1kHz.wav,0,0.0,5.0,5,60.396,32000,dataset\segments\Orthotomus_sutorius\XC834666-Orthotomus-sutorius-longicauda-T3275-norm-8dB-NR-24dB-HP-1kHz_segment_0000.wav,train
XC834666-Orthotomus-sutorius-longicauda-T3275-norm-8dB-NR-24dB-HP-1kHz_segment_0001.wav,XC834666-Orthotomus-sutorius-longicauda-T3275-norm-8dB-NR-24dB-HP-1kHz,Common Tailorbird,Orthotomus sutorius,XC834666-Orthotomus-sutorius-longicauda-T3275-norm-8dB-NR-24dB-HP-1kHz.wav,1,2.5,7.5,5,60.396,32000,dataset\segments\Orthotomus_sutorius\XC834666-Orthotomus-sutorius-longicauda-T3275-norm-8dB-NR-24dB-HP-1kHz_segment_0001.wav,train
XC834666-Orthotomus-sutorius-longicauda-T3275-norm-8dB-NR-24dB-HP-1kHz_segment_0002.wav,XC834666-Orthotomus-sutorius-longicauda-T3275-norm-8dB-NR-24dB-HP-1kHz,Common Tailorbird,Orthotomus sutorius,XC834666-Orthotomus-sutorius-longicauda-T3275-norm-8dB-NR-24dB-HP-1kHz.wav,2,5.0,10.0,5,60.396,32000,dataset\segments\Orthotomus_sutorius\XC834666-Orthotomus-sutorius-longicauda-T3275-norm-8dB-NR-24dB-HP-1kHz_segment_0002.wav,train
XC834666-Orthotomus-sutorius-longicauda-T3275-norm-8dB-NR-24dB-HP-1kHz_segment_0003.wav,XC834666-Orthotomus-sutorius-longicauda-T3275-norm-8dB-NR-24dB-HP-1kHz,Common Tailorbird,Orthotomus sutorius,XC834666-Orthotomus-sutorius-longicauda-T3275-norm-8dB-NR-24dB-HP-1kHz.wav,3,7.5,12.5,5,60.396,32000,dataset\segments\Orthotomus_sutorius\XC834666-Orthotomus-sutorius-longicauda-T3275-norm-8dB-NR-24dB-HP-1kHz_segment_0003.wav,train
XC834666-Orthotomus-sutorius-longicauda-T3275-norm-8dB-NR-24dB-HP-1kHz_segment_0004.wav,XC834666-Orthotomus-sutorius-longicauda-T3275-norm-8dB-NR-24dB-HP-1kHz,Common Tailorbird,Orthotomus sutorius,XC834666-Orthotomus-sutorius-longicauda-T3275-norm-8dB-NR-24dB-HP-1kHz.wav,4,10.0,15.0,5,60.396,32000,dataset\segments\Orthotomus_sutorius\XC834666-Orthotomus-sutorius-longicauda-T3275-norm-8dB-NR-24dB-HP-1kHz_segment_0004.wav,train
XC834666-Orthotomus-sutorius-longicauda-T3275-norm-8dB-NR-24dB-HP-1kHz_segment_0005.wav,XC834666-Orthotomus-sutorius-longicauda-T3275-norm-8dB-NR-24dB-HP-1kHz,Common Tailorbird,Orthotomus sutorius,XC834666-Orthotomus-sutorius-longicauda-T3275-norm-8dB-NR-24dB-HP-1kHz.wav,5,12.5,17.5,5,60.396,32000,dataset\segments\Orthotomus_sutorius\XC834666-Orthotomus-sutorius-longicauda-T3275-norm-8dB-NR-24dB-HP-1kHz_segment_0005.wav,train
XC834666-Orthotomus-sutorius-longicauda-T3275-norm-8dB-NR-24dB-HP-1kHz_segment_0006.wav,XC834666-Orthotomus-sutorius-longicauda-T3275-norm-8dB-NR-24dB-HP-1kHz,Common Tailorbird,Orthotomus sutorius,XC834666-Orthotomus-sutorius-longicauda-T3275-norm-8dB-NR-24dB-HP-1kHz.wav,6,15.0,20.0,5,60.396,32000,dataset\segments\Orthotomus_sutorius\XC834666-Orthotomus-sutorius-longicauda-T3275-norm-8dB-NR-24dB-HP-1kHz_segment_0006.wav,train
XC834666-Orthotomus-sutorius-longicauda-T3275-norm-8dB-NR-24dB-HP-1kHz_segment_0007.wav,XC834666-Orthotomus-sutorius-longicauda-T3275-norm-8dB-NR-24dB-HP-1kHz,Common Tailorbird,Orthotomus sutorius,XC834666-Orthotomus-sutorius-longicauda-T3275-norm-8dB-NR-24dB-HP-1kHz.wav,7,17.5,22.5,5,60.396,32000,dataset\segments\Orthotomus_sutorius\XC834666-Orthotomus-sutorius-longicauda-T3275-norm-8dB-NR-24dB-HP-1kHz_segment_0007.wav,train
XC834666-Orthotomus-sutorius-longicauda-T3275-norm-8dB-NR-24dB-HP-1kHz_segment_0008.wav,XC834666-Orthotomus-sutorius-longicauda-T3275-norm-8dB-NR-24dB-HP-1kHz,Common Tailorbird,Orthotomus sutorius,XC834666-Orthotomus-sutorius-longicauda-T3275-norm-8dB-NR-24dB-HP-1kHz.wav,8,20.0,25.0,5,60.396,32000,dataset\segments\Orthotomus_sutorius\XC834666-Orthotomus-sutorius-longicauda-T3275-norm-8dB-NR-24dB-HP-1kHz_segment_0008.wav,train
XC834666-Orthotomus-sutorius-longicauda-T3275-norm-8dB-NR-24dB-HP-1kHz_segment_0009.wav,XC834666-Orthotomus-sutorius-longicauda-T3275-norm-8dB-NR-24dB-HP-1kHz,Common Tailorbird,Orthotomus sutorius,XC834666-Orthotomus-sutorius-longicauda-T3275-norm-8dB-NR-24dB-HP-1kHz.wav,9,22.5,27.5,5,60.396,32000,dataset\segments\Orthotomus_sutorius\XC834666-Orthotomus-sutorius-longicauda-T3275-norm-8dB-NR-24dB-HP-1kHz_segment_0009.wav,train
XC834666-Orthotomus-sutorius-longicauda-T3275-norm-8dB-NR-24dB-HP-1kHz_segment_0010.wav,XC834666-Orthotomus-sutorius-longicauda-T3275-norm-8dB-NR-24dB-HP-1kHz,Common Tailorbird,Orthotomus sutorius,XC834666-Orthotomus-sutorius-longicauda-T3275-norm-8dB-NR-24dB-HP-1kHz.wav,10,25.0,30.0,5,60.396,32000,dataset\segments\Orthotomus_sutorius\XC834666-Orthotomus-sutorius-longicauda-T3275-norm-8dB-NR-24dB-HP-1kHz_segment_0010.wav,train
XC834666-Orthotomus-sutorius-longicauda-T3275-norm-8dB-NR-24dB-HP-1kHz_segment_0011.wav,XC834666-Orthotomus-sutorius-longicauda-T3275-norm-8dB-NR-24dB-HP-1kHz,Common Tailorbird,Orthotomus sutorius,XC834666-Orthotomus-sutorius-longicauda-T3275-norm-8dB-NR-24dB-HP-1kHz.wav,11,27.5,32.5,5,60.396,32000,dataset\segments\Orthotomus_sutorius\XC834666-Orthotomus-sutorius-longicauda-T3275-norm-8dB-NR-24dB-HP-1kHz_segment_0011.wav,train
XC834666-Orthotomus-sutorius-longicauda-T3275-norm-8dB-NR-24dB-HP-1kHz_segment_0012.wav,XC834666-Orthotomus-sutorius-longicauda-T3275-norm-8dB-NR-24dB-HP-1kHz,Common Tailorbird,Orthotomus sutorius,XC834666-Orthotomus-sutorius-longicauda-T3275-norm-8dB-NR-24dB-HP-1kHz.wav,12,30.0,35.0,5,60.396,32000,dataset\segments\Orthotomus_sutorius\XC834666-Orthotomus-sutorius-longicauda-T3275-norm-8dB-NR-24dB-HP-1kHz_segment_0012.wav,train
XC834666-Orthotomus-sutorius-longicauda-T3275-norm-8dB-NR-24dB-HP-1kHz_segment_0013.wav,XC834666-Orthotomus-sutorius-longicauda-T3275-norm-8dB-NR-24dB-HP-1kHz,Common Tailorbird,Orthotomus sutorius,XC834666-Orthotomus-sutorius-longicauda-T3275-norm-8dB-NR-24dB-HP-1kHz.wav,13,32.5,37.5,5,60.396,32000,dataset\segments\Orthotomus_sutorius\XC834666-Orthotomus-sutorius-longicauda-T3275-norm-8dB-NR-24dB-HP-1kHz_segment_0013.wav,train
XC834666-Orthotomus-sutorius-longicauda-T3275-norm-8dB-NR-24dB-HP-1kHz_segment_0014.wav,XC834666-Orthotomus-sutorius-longicauda-T3275-norm-8dB-NR-24dB-HP-1kHz,Common Tailorbird,Orthotomus sutorius,XC834666-Orthotomus-sutorius-longicauda-T3275-norm-8dB-NR-24dB-HP-1kHz.wav,14,35.0,40.0,5,60.396,32000,dataset\segments\Orthotomus_sutorius\XC834666-Orthotomus-sutorius-longicauda-T3275-norm-8dB-NR-24dB-HP-1kHz_segment_0014.wav,train
XC834666-Orthotomus-sutorius-longicauda-T3275-norm-8dB-NR-24dB-HP-1kHz_segment_0015.wav,XC834666-Orthotomus-sutorius-longicauda-T3275-norm-8dB-NR-24dB-HP-1kHz,Common Tailorbird,Orthotomus sutorius,XC834666-Orthotomus-sutorius-longicauda-T3275-norm-8dB-NR-24dB-HP-1kHz.wav,15,37.5,42.5,5,60.396,32000,dataset\segments\Orthotomus_sutorius\XC834666-Orthotomus-sutorius-longicauda-T3275-norm-8dB-NR-24dB-HP-1kHz_segment_0015.wav,train
XC834666-Orthotomus-sutorius-longicauda-T3275-norm-8dB-NR-24dB-HP-1kHz_segment_0016.wav,XC834666-Orthotomus-sutorius-longicauda-T3275-norm-8dB-NR-24dB-HP-1kHz,Common Tailorbird,Orthotomus sutorius,XC834666-Orthotomus-sutorius-longicauda-T3275-norm-8dB-NR-24dB-HP-1kHz.wav,16,40.0,45.0,5,60.396,32000,dataset\segments\Orthotomus_sutorius\XC834666-Orthotomus-sutorius-longicauda-T3275-norm-8dB-NR-24dB-HP-1kHz_segment_0016.wav,train
XC834666-Orthotomus-sutorius-longicauda-T3275-norm-8dB-NR-24dB-HP-1kHz_segment_0017.wav,XC834666-Orthotomus-sutorius-longicauda-T3275-norm-8dB-NR-24dB-HP-1kHz,Common Tailorbird,Orthotomus sutorius,XC834666-Orthotomus-sutorius-longicauda-T3275-norm-8dB-NR-24dB-HP-1kHz.wav,17,42.5,47.5,5,60.396,32000,dataset\segments\Orthotomus_sutorius\XC834666-Orthotomus-sutorius-longicauda-T3275-norm-8dB-NR-24dB-HP-1kHz_segment_0017.wav,train
XC834666-Orthotomus-sutorius-longicauda-T3275-norm-8dB-NR-24dB-HP-1kHz_segment_0018.wav,XC834666-Orthotomus-sutorius-longicauda-T3275-norm-8dB-NR-24dB-HP-1kHz,Common Tailorbird,Orthotomus sutorius,XC834666-Orthotomus-sutorius-longicauda-T3275-norm-8dB-NR-24dB-HP-1kHz.wav,18,45.0,50.0,5,60.396,32000,dataset\segments\Orthotomus_sutorius\XC834666-Orthotomus-sutorius-longicauda-T3275-norm-8dB-NR-24dB-HP-1kHz_segment_0018.wav,train
XC834666-Orthotomus-sutorius-longicauda-T3275-norm-8dB-NR-24dB-HP-1kHz_segment_0019.wav,XC834666-Orthotomus-sutorius-longicauda-T3275-norm-8dB-NR-24dB-HP-1kHz,Common Tailorbird,Orthotomus sutorius,XC834666-Orthotomus-sutorius-longicauda-T3275-norm-8dB-NR-24dB-HP-1kHz.wav,19,47.5,52.5,5,60.396,32000,dataset\segments\Orthotomus_sutorius\XC834666-Orthotomus-sutorius-longicauda-T3275-norm-8dB-NR-24dB-HP-1kHz_segment_0019.wav,train
XC834666-Orthotomus-sutorius-longicauda-T3275-norm-8dB-NR-24dB-HP-1kHz_segment_0020.wav,XC834666-Orthotomus-sutorius-longicauda-T3275-norm-8dB-NR-24dB-HP-1kHz,Common Tailorbird,Orthotomus sutorius,XC834666-Orthotomus-sutorius-longicauda-T3275-norm-8dB-NR-24dB-HP-1kHz.wav,20,50.0,55.0,5,60.396,32000,dataset\segments\Orthotomus_sutorius\XC834666-Orthotomus-sutorius-longicauda-T3275-norm-8dB-NR-24dB-HP-1kHz_segment_0020.wav,train
XC834666-Orthotomus-sutorius-longicauda-T3275-norm-8dB-NR-24dB-HP-1kHz_segment_0021.wav,XC834666-Orthotomus-sutorius-longicauda-T3275-norm-8dB-NR-24dB-HP-1kHz,Common Tailorbird,Orthotomus sutorius,XC834666-Orthotomus-sutorius-longicauda-T3275-norm-8dB-NR-24dB-HP-1kHz.wav,21,52.5,57.5,5,60.396,32000,dataset\segments\Orthotomus_sutorius\XC834666-Orthotomus-sutorius-longicauda-T3275-norm-8dB-NR-24dB-HP-1kHz_segment_0021.wav,train
XC834666-Orthotomus-sutorius-longicauda-T3275-norm-8dB-NR-24dB-HP-1kHz_segment_0022.wav,XC834666-Orthotomus-sutorius-longicauda-T3275-norm-8dB-NR-24dB-HP-1kHz,Common Tailorbird,Orthotomus sutorius,XC834666-Orthotomus-sutorius-longicauda-T3275-norm-8dB-NR-24dB-HP-1kHz.wav,22,55.0,60.0,5,60.396,32000,dataset\segments\Orthotomus_sutorius\XC834666-Orthotomus-sutorius-longicauda-T3275-norm-8dB-NR-24dB-HP-1kHz_segment_0022.wav,train
XC834667-Orthotomus-sutorius-longicauda-T7056-8dB-NR-24dB-HP-1kHz_segment_0000.wav,XC834667-Orthotomus-sutorius-longicauda-T7056-8dB-NR-24dB-HP-1kHz,Common Tailorbird,Orthotomus sutorius,XC834667-Orthotomus-sutorius-longicauda-T7056-8dB-NR-24dB-HP-1kHz.wav,0,0.0,5.0,5,73.096,32000,dataset\segments\Orthotomus_sutorius\XC834667-Orthotomus-sutorius-longicauda-T7056-8dB-NR-24dB-HP-1kHz_segment_0000.wav,train
XC834667-Orthotomus-sutorius-longicauda-T7056-8dB-NR-24dB-HP-1kHz_segment_0001.wav,XC834667-Orthotomus-sutorius-longicauda-T7056-8dB-NR-24dB-HP-1kHz,Common Tailorbird,Orthotomus sutorius,XC834667-Orthotomus-sutorius-longicauda-T7056-8dB-NR-24dB-HP-1kHz.wav,1,2.5,7.5,5,73.096,32000,dataset\segments\Orthotomus_sutorius\XC834667-Orthotomus-sutorius-longicauda-T7056-8dB-NR-24dB-HP-1kHz_segment_0001.wav,train
XC834667-Orthotomus-sutorius-longicauda-T7056-8dB-NR-24dB-HP-1kHz_segment_0002.wav,XC834667-Orthotomus-sutorius-longicauda-T7056-8dB-NR-24dB-HP-1kHz,Common Tailorbird,Orthotomus sutorius,XC834667-Orthotomus-sutorius-longicauda-T7056-8dB-NR-24dB-HP-1kHz.wav,2,5.0,10.0,5,73.096,32000,dataset\segments\Orthotomus_sutorius\XC834667-Orthotomus-sutorius-longicauda-T7056-8dB-NR-24dB-HP-1kHz_segment_0002.wav,train
XC834667-Orthotomus-sutorius-longicauda-T7056-8dB-NR-24dB-HP-1kHz_segment_0003.wav,XC834667-Orthotomus-sutorius-longicauda-T7056-8dB-NR-24dB-HP-1kHz,Common Tailorbird,Orthotomus sutorius,XC834667-Orthotomus-sutorius-longicauda-T7056-8dB-NR-24dB-HP-1kHz.wav,3,7.5,12.5,5,73.096,32000,dataset\segments\Orthotomus_sutorius\XC834667-Orthotomus-sutorius-longicauda-T7056-8dB-NR-24dB-HP-1kHz_segment_0003.wav,train
XC834667-Orthotomus-sutorius-longicauda-T7056-8dB-NR-24dB-HP-1kHz_segment_0004.wav,XC834667-Orthotomus-sutorius-longicauda-T7056-8dB-NR-24dB-HP-1kHz,Common Tailorbird,Orthotomus sutorius,XC834667-Orthotomus-sutorius-longicauda-T7056-8dB-NR-24dB-HP-1kHz.wav,4,10.0,15.0,5,73.096,32000,dataset\segments\Orthotomus_sutorius\XC834667-Orthotomus-sutorius-longicauda-T7056-8dB-NR-24dB-HP-1kHz_segment_0004.wav,train
XC834667-Orthotomus-sutorius-longicauda-T7056-8dB-NR-24dB-HP-1kHz_segment_0005.wav,XC834667-Orthotomus-sutorius-longicauda-T7056-8dB-NR-24dB-HP-1kHz,Common Tailorbird,Orthotomus sutorius,XC834667-Orthotomus-sutorius-longicauda-T7056-8dB-NR-24dB-HP-1kHz.wav,5,12.5,17.5,5,73.096,32000,dataset\segments\Orthotomus_sutorius\XC834667-Orthotomus-sutorius-longicauda-T7056-8dB-NR-24dB-HP-1kHz_segment_0005.wav,train
XC834667-Orthotomus-sutorius-longicauda-T7056-8dB-NR-24dB-HP-1kHz_segment_0006.wav,XC834667-Orthotomus-sutorius-longicauda-T7056-8dB-NR-24dB-HP-1kHz,Common Tailorbird,Orthotomus sutorius,XC834667-Orthotomus-sutorius-longicauda-T7056-8dB-NR-24dB-HP-1kHz.wav,6,15.0,20.0,5,73.096,32000,dataset\segments\Orthotomus_sutorius\XC834667-Orthotomus-sutorius-longicauda-T7056-8dB-NR-24dB-HP-1kHz_segment_0006.wav,train
XC834667-Orthotomus-sutorius-longicauda-T7056-8dB-NR-24dB-HP-1kHz_segment_0007.wav,XC834667-Orthotomus-sutorius-longicauda-T7056-8dB-NR-24dB-HP-1kHz,Common Tailorbird,Orthotomus sutorius,XC834667-Orthotomus-sutorius-longicauda-T7056-8dB-NR-24dB-HP-1kHz.wav,7,17.5,22.5,5,73.096,32000,dataset\segments\Orthotomus_sutorius\XC834667-Orthotomus-sutorius-longicauda-T7056-8dB-NR-24dB-HP-1kHz_segment_0007.wav,train
XC834667-Orthotomus-sutorius-longicauda-T7056-8dB-NR-24dB-HP-1kHz_segment_0008.wav,XC834667-Orthotomus-sutorius-longicauda-T7056-8dB-NR-24dB-HP-1kHz,Common Tailorbird,Orthotomus sutorius,XC834667-Orthotomus-sutorius-longicauda-T7056-8dB-NR-24dB-HP-1kHz.wav,8,20.0,25.0,5,73.096,32000,dataset\segments\Orthotomus_sutorius\XC834667-Orthotomus-sutorius-longicauda-T7056-8dB-NR-24dB-HP-1kHz_segment_0008.wav,train
XC834667-Orthotomus-sutorius-longicauda-T7056-8dB-NR-24dB-HP-1kHz_segment_0009.wav,XC834667-Orthotomus-sutorius-longicauda-T7056-8dB-NR-24dB-HP-1kHz,Common Tailorbird,Orthotomus sutorius,XC834667-Orthotomus-sutorius-longicauda-T7056-8dB-NR-24dB-HP-1kHz.wav,9,22.5,27.5,5,73.096,32000,dataset\segments\Orthotomus_sutorius\XC834667-Orthotomus-sutorius-longicauda-T7056-8dB-NR-24dB-HP-1kHz_segment_0009.wav,train
XC834667-Orthotomus-sutorius-longicauda-T7056-8dB-NR-24dB-HP-1kHz_segment_0010.wav,XC834667-Orthotomus-sutorius-longicauda-T7056-8dB-NR-24dB-HP-1kHz,Common Tailorbird,Orthotomus sutorius,XC834667-Orthotomus-sutorius-longicauda-T7056-8dB-NR-24dB-HP-1kHz.wav,10,25.0,30.0,5,73.096,32000,dataset\segments\Orthotomus_sutorius\XC834667-Orthotomus-sutorius-longicauda-T7056-8dB-NR-24dB-HP-1kHz_segment_0010.wav,train
XC834667-Orthotomus-sutorius-longicauda-T7056-8dB-NR-24dB-HP-1kHz_segment_0011.wav,XC834667-Orthotomus-sutorius-longicauda-T7056-8dB-NR-24dB-HP-1kHz,Common Tailorbird,Orthotomus sutorius,XC834667-Orthotomus-sutorius-longicauda-T7056-8dB-NR-24dB-HP-1kHz.wav,11,27.5,32.5,5,73.096,32000,dataset\segments\Orthotomus_sutorius\XC834667-Orthotomus-sutorius-longicauda-T7056-8dB-NR-24dB-HP-1kHz_segment_0011.wav,train
XC834667-Orthotomus-sutorius-longicauda-T7056-8dB-NR-24dB-HP-1kHz_segment_0012.wav,XC834667-Orthotomus-sutorius-longicauda-T7056-8dB-NR-24dB-HP-1kHz,Common Tailorbird,Orthotomus sutorius,XC834667-Orthotomus-sutorius-longicauda-T7056-8dB-NR-24dB-HP-1kHz.wav,12,30.0,35.0,5,73.096,32000,dataset\segments\Orthotomus_sutorius\XC834667-Orthotomus-sutorius-longicauda-T7056-8dB-NR-24dB-HP-1kHz_segment_0012.wav,train
XC834667-Orthotomus-sutorius-longicauda-T7056-8dB-NR-24dB-HP-1kHz_segment_0013.wav,XC834667-Orthotomus-sutorius-longicauda-T7056-8dB-NR-24dB-HP-1kHz,Common Tailorbird,Orthotomus sutorius,XC834667-Orthotomus-sutorius-longicauda-T7056-8dB-NR-24dB-HP-1kHz.wav,13,32.5,37.5,5,73.096,32000,dataset\segments\Orthotomus_sutorius\XC834667-Orthotomus-sutorius-longicauda-T7056-8dB-NR-24dB-HP-1kHz_segment_0013.wav,train
XC834667-Orthotomus-sutorius-longicauda-T7056-8dB-NR-24dB-HP-1kHz_segment_0014.wav,XC834667-Orthotomus-sutorius-longicauda-T7056-8dB-NR-24dB-HP-1kHz,Common Tailorbird,Orthotomus sutorius,XC834667-Orthotomus-sutorius-longicauda-T7056-8dB-NR-24dB-HP-1kHz.wav,14,35.0,40.0,5,73.096,32000,dataset\segments\Orthotomus_sutorius\XC834667-Orthotomus-sutorius-longicauda-T7056-8dB-NR-24dB-HP-1kHz_segment_0014.wav,train
XC834667-Orthotomus-sutorius-longicauda-T7056-8dB-NR-24dB-HP-1kHz_segment_0015.wav,XC834667-Orthotomus-sutorius-longicauda-T7056-8dB-NR-24dB-HP-1kHz,Common Tailorbird,Orthotomus sutorius,XC834667-Orthotomus-sutorius-longicauda-T7056-8dB-NR-24dB-HP-1kHz.wav,15,37.5,42.5,5,73.096,32000,dataset\segments\Orthotomus_sutorius\XC834667-Orthotomus-sutorius-longicauda-T7056-8dB-NR-24dB-HP-1kHz_segment_0015.wav,train
XC834667-Orthotomus-sutorius-longicauda-T7056-8dB-NR-24dB-HP-1kHz_segment_0016.wav,XC834667-Orthotomus-sutorius-longicauda-T7056-8dB-NR-24dB-HP-1kHz,Common Tailorbird,Orthotomus sutorius,XC834667-Orthotomus-sutorius-longicauda-T7056-8dB-NR-24dB-HP-1kHz.wav,16,40.0,45.0,5,73.096,32000,dataset\segments\Orthotomus_sutorius\XC834667-Orthotomus-sutorius-longicauda-T7056-8dB-NR-24dB-HP-1kHz_segment_0016.wav,train
XC834667-Orthotomus-sutorius-longicauda-T7056-8dB-NR-24dB-HP-1kHz_segment_0017.wav,XC834667-Orthotomus-sutorius-longicauda-T7056-8dB-NR-24dB-HP-1kHz,Common Tailorbird,Orthotomus sutorius,XC834667-Orthotomus-sutorius-longicauda-T7056-8dB-NR-24dB-HP-1kHz.wav,17,42.5,47.5,5,73.096,32000,dataset\segments\Orthotomus_sutorius\XC834667-Orthotomus-sutorius-longicauda-T7056-8dB-NR-24dB-HP-1kHz_segment_0017.wav,train
XC834667-Orthotomus-sutorius-longicauda-T7056-8dB-NR-24dB-HP-1kHz_segment_0018.wav,XC834667-Orthotomus-sutorius-longicauda-T7056-8dB-NR-24dB-HP-1kHz,Common Tailorbird,Orthotomus sutorius,XC834667-Orthotomus-sutorius-longicauda-T7056-8dB-NR-24dB-HP-1kHz.wav,18,45.0,50.0,5,73.096,32000,dataset\segments\Orthotomus_sutorius\XC834667-Orthotomus-sutorius-longicauda-T7056-8dB-NR-24dB-HP-1kHz_segment_0018.wav,train
XC834667-Orthotomus-sutorius-longicauda-T7056-8dB-NR-24dB-HP-1kHz_segment_0019.wav,XC834667-Orthotomus-sutorius-longicauda-T7056-8dB-NR-24dB-HP-1kHz,Common Tailorbird,Orthotomus sutorius,XC834667-Orthotomus-sutorius-longicauda-T7056-8dB-NR-24dB-HP-1kHz.wav,19,47.5,52.5,5,73.096,32000,dataset\segments\Orthotomus_sutorius\XC834667-Orthotomus-sutorius-longicauda-T7056-8dB-NR-24dB-HP-1kHz_segment_0019.wav,train
XC834667-Orthotomus-sutorius-longicauda-T7056-8dB-NR-24dB-HP-1kHz_segment_0020.wav,XC834667-Orthotomus-sutorius-longicauda-T7056-8dB-NR-24dB-HP-1kHz,Common Tailorbird,Orthotomus sutorius,XC834667-Orthotomus-sutorius-longicauda-T7056-8dB-NR-24dB-HP-1kHz.wav,20,50.0,55.0,5,73.096,32000,dataset\segments\Orthotomus_sutorius\XC834667-Orthotomus-sutorius-longicauda-T7056-8dB-NR-24dB-HP-1kHz_segment_0020.wav,train
XC834667-Orthotomus-sutorius-longicauda-T7056-8dB-NR-24dB-HP-1kHz_segment_0021.wav,XC834667-Orthotomus-sutorius-longicauda-T7056-8dB-NR-24dB-HP-1kHz,Common Tailorbird,Orthotomus sutorius,XC834667-Orthotomus-sutorius-longicauda-T7056-8dB-NR-24dB-HP-1kHz.wav,21,52.5,57.5,5,73.096,32000,dataset\segments\Orthotomus_sutorius\XC834667-Orthotomus-sutorius-longicauda-T7056-8dB-NR-24dB-HP-1kHz_segment_0021.wav,train
XC834667-Orthotomus-sutorius-longicauda-T7056-8dB-NR-24dB-HP-1kHz_segment_0022.wav,XC834667-Orthotomus-sutorius-longicauda-T7056-8dB-NR-24dB-HP-1kHz,Common Tailorbird,Orthotomus sutorius,XC834667-Orthotomus-sutorius-longicauda-T7056-8dB-NR-24dB-HP-1kHz.wav,22,55.0,60.0,5,73.096,32000,dataset\segments\Orthotomus_sutorius\XC834667-Orthotomus-sutorius-longicauda-T7056-8dB-NR-24dB-HP-1kHz_segment_0022.wav,train
XC834667-Orthotomus-sutorius-longicauda-T7056-8dB-NR-24dB-HP-1kHz_segment_0023.wav,XC834667-Orthotomus-sutorius-longicauda-T7056-8dB-NR-24dB-HP-1kHz,Common Tailorbird,Orthotomus sutorius,XC834667-Orthotomus-sutorius-longicauda-T7056-8dB-NR-24dB-HP-1kHz.wav,23,57.5,62.5,5,73.096,32000,dataset\segments\Orthotomus_sutorius\XC834667-Orthotomus-sutorius-longicauda-T7056-8dB-NR-24dB-HP-1kHz_segment_0023.wav,train
XC834667-Orthotomus-sutorius-longicauda-T7056-8dB-NR-24dB-HP-1kHz_segment_0024.wav,XC834667-Orthotomus-sutorius-longicauda-T7056-8dB-NR-24dB-HP-1kHz,Common Tailorbird,Orthotomus sutorius,XC834667-Orthotomus-sutorius-longicauda-T7056-8dB-NR-24dB-HP-1kHz.wav,24,60.0,65.0,5,73.096,32000,dataset\segments\Orthotomus_sutorius\XC834667-Orthotomus-sutorius-longicauda-T7056-8dB-NR-24dB-HP-1kHz_segment_0024.wav,train
XC834667-Orthotomus-sutorius-longicauda-T7056-8dB-NR-24dB-HP-1kHz_segment_0025.wav,XC834667-Orthotomus-sutorius-longicauda-T7056-8dB-NR-24dB-HP-1kHz,Common Tailorbird,Orthotomus sutorius,XC834667-Orthotomus-sutorius-longicauda-T7056-8dB-NR-24dB-HP-1kHz.wav,25,62.5,67.5,5,73.096,32000,dataset\segments\Orthotomus_sutorius\XC834667-Orthotomus-sutorius-longicauda-T7056-8dB-NR-24dB-HP-1kHz_segment_0025.wav,train
XC834667-Orthotomus-sutorius-longicauda-T7056-8dB-NR-24dB-HP-1kHz_segment_0026.wav,XC834667-Orthotomus-sutorius-longicauda-T7056-8dB-NR-24dB-HP-1kHz,Common Tailorbird,Orthotomus sutorius,XC834667-Orthotomus-sutorius-longicauda-T7056-8dB-NR-24dB-HP-1kHz.wav,26,65.0,70.0,5,73.096,32000,dataset\segments\Orthotomus_sutorius\XC834667-Orthotomus-sutorius-longicauda-T7056-8dB-NR-24dB-HP-1kHz_segment_0026.wav,train
XC834667-Orthotomus-sutorius-longicauda-T7056-8dB-NR-24dB-HP-1kHz_segment_0027.wav,XC834667-Orthotomus-sutorius-longicauda-T7056-8dB-NR-24dB-HP-1kHz,Common Tailorbird,Orthotomus sutorius,XC834667-Orthotomus-sutorius-longicauda-T7056-8dB-NR-24dB-HP-1kHz.wav,27,67.5,72.5,5,73.096,32000,dataset\segments\Orthotomus_sutorius\XC834667-Orthotomus-sutorius-longicauda-T7056-8dB-NR-24dB-HP-1kHz_segment_0027.wav,train
XC834668-Orthotomus-sutorius-longicauda-T7238-24dB-HP-800Hz-24dB-LP-7.5kHz_segment_0000.wav,XC834668-Orthotomus-sutorius-longicauda-T7238-24dB-HP-800Hz-24dB-LP-7.5kHz,Common Tailorbird,Orthotomus sutorius,XC834668-Orthotomus-sutorius-longicauda-T7238-24dB-HP-800Hz-24dB-LP-7.5kHz.wav,0,0.0,5.0,5,224.514,32000,dataset\segments\Orthotomus_sutorius\XC834668-Orthotomus-sutorius-longicauda-T7238-24dB-HP-800Hz-24dB-LP-7.5kHz_segment_0000.wav,train
XC834668-Orthotomus-sutorius-longicauda-T7238-24dB-HP-800Hz-24dB-LP-7.5kHz_segment_0001.wav,XC834668-Orthotomus-sutorius-longicauda-T7238-24dB-HP-800Hz-24dB-LP-7.5kHz,Common Tailorbird,Orthotomus sutorius,XC834668-Orthotomus-sutorius-longicauda-T7238-24dB-HP-800Hz-24dB-LP-7.5kHz.wav,1,2.5,7.5,5,224.514,32000,dataset\segments\Orthotomus_sutorius\XC834668-Orthotomus-sutorius-longicauda-T7238-24dB-HP-800Hz-24dB-LP-7.5kHz_segment_0001.wav,train
XC834668-Orthotomus-sutorius-longicauda-T7238-24dB-HP-800Hz-24dB-LP-7.5kHz_segment_0002.wav,XC834668-Orthotomus-sutorius-longicauda-T7238-24dB-HP-800Hz-24dB-LP-7.5kHz,Common Tailorbird,Orthotomus sutorius,XC834668-Orthotomus-sutorius-longicauda-T7238-24dB-HP-800Hz-24dB-LP-7.5kHz.wav,2,5.0,10.0,5,224.514,32000,dataset\segments\Orthotomus_sutorius\XC834668-Orthotomus-sutorius-longicauda-T7238-24dB-HP-800Hz-24dB-LP-7.5kHz_segment_0002.wav,train
XC834668-Orthotomus-sutorius-longicauda-T7238-24dB-HP-800Hz-24dB-LP-7.5kHz_segment_0003.wav,XC834668-Orthotomus-sutorius-longicauda-T7238-24dB-HP-800Hz-24dB-LP-7.5kHz,Common Tailorbird,Orthotomus sutorius,XC834668-Orthotomus-sutorius-longicauda-T7238-24dB-HP-800Hz-24dB-LP-7.5kHz.wav,3,7.5,12.5,5,224.514,32000,dataset\segments\Orthotomus_sutorius\XC834668-Orthotomus-sutorius-longicauda-T7238-24dB-HP-800Hz-24dB-LP-7.5kHz_segment_0003.wav,train
XC834668-Orthotomus-sutorius-longicauda-T7238-24dB-HP-800Hz-24dB-LP-7.5kHz_segment_0004.wav,XC834668-Orthotomus-sutorius-longicauda-T7238-24dB-HP-800Hz-24dB-LP-7.5kHz,Common Tailorbird,Orthotomus sutorius,XC834668-Orthotomus-sutorius-longicauda-T7238-24dB-HP-800Hz-24dB-LP-7.5kHz.wav,4,10.0,15.0,5,224.514,32000,dataset\segments\Orthotomus_sutorius\XC834668-Orthotomus-sutorius-longicauda-T7238-24dB-HP-800Hz-24dB-LP-7.5kHz_segment_0004.wav,train
XC834668-Orthotomus-sutorius-longicauda-T7238-24dB-HP-800Hz-24dB-LP-7.5kHz_segment_0005.wav,XC834668-Orthotomus-sutorius-longicauda-T7238-24dB-HP-800Hz-24dB-LP-7.5kHz,Common Tailorbird,Orthotomus sutorius,XC834668-Orthotomus-sutorius-longicauda-T7238-24dB-HP-800Hz-24dB-LP-7.5kHz.wav,5,12.5,17.5,5,224.514,32000,dataset\segments\Orthotomus_sutorius\XC834668-Orthotomus-sutorius-longicauda-T7238-24dB-HP-800Hz-24dB-LP-7.5kHz_segment_0005.wav,train
XC834668-Orthotomus-sutorius-longicauda-T7238-24dB-HP-800Hz-24dB-LP-7.5kHz_segment_0006.wav,XC834668-Orthotomus-sutorius-longicauda-T7238-24dB-HP-800Hz-24dB-LP-7.5kHz,Common Tailorbird,Orthotomus sutorius,XC834668-Orthotomus-sutorius-longicauda-T7238-24dB-HP-800Hz-24dB-LP-7.5kHz.wav,6,15.0,20.0,5,224.514,32000,dataset\segments\Orthotomus_sutorius\XC834668-Orthotomus-sutorius-longicauda-T7238-24dB-HP-800Hz-24dB-LP-7.5kHz_segment_0006.wav,train
XC834668-Orthotomus-sutorius-longicauda-T7238-24dB-HP-800Hz-24dB-LP-7.5kHz_segment_0007.wav,XC834668-Orthotomus-sutorius-longicauda-T7238-24dB-HP-800Hz-24dB-LP-7.5kHz,Common Tailorbird,Orthotomus sutorius,XC834668-Orthotomus-sutorius-longicauda-T7238-24dB-HP-800Hz-24dB-LP-7.5kHz.wav,7,17.5,22.5,5,224.514,32000,dataset\segments\Orthotomus_sutorius\XC834668-Orthotomus-sutorius-longicauda-T7238-24dB-HP-800Hz-24dB-LP-7.5kHz_segment_0007.wav,train
XC834668-Orthotomus-sutorius-longicauda-T7238-24dB-HP-800Hz-24dB-LP-7.5kHz_segment_0008.wav,XC834668-Orthotomus-sutorius-longicauda-T7238-24dB-HP-800Hz-24dB-LP-7.5kHz,Common Tailorbird,Orthotomus sutorius,XC834668-Orthotomus-sutorius-longicauda-T7238-24dB-HP-800Hz-24dB-LP-7.5kHz.wav,8,20.0,25.0,5,224.514,32000,dataset\segments\Orthotomus_sutorius\XC834668-Orthotomus-sutorius-longicauda-T7238-24dB-HP-800Hz-24dB-LP-7.5kHz_segment_0008.wav,train
XC834668-Orthotomus-sutorius-longicauda-T7238-24dB-HP-800Hz-24dB-LP-7.5kHz_segment_0009.wav,XC834668-Orthotomus-sutorius-longicauda-T7238-24dB-HP-800Hz-24dB-LP-7.5kHz,Common Tailorbird,Orthotomus sutorius,XC834668-Orthotomus-sutorius-longicauda-T7238-24dB-HP-800Hz-24dB-LP-7.5kHz.wav,9,22.5,27.5,5,224.514,32000,dataset\segments\Orthotomus_sutorius\XC834668-Orthotomus-sutorius-longicauda-T7238-24dB-HP-800Hz-24dB-LP-7.5kHz_segment_0009.wav,train
XC834668-Orthotomus-sutorius-longicauda-T7238-24dB-HP-800Hz-24dB-LP-7.5kHz_segment_0010.wav,XC834668-Orthotomus-sutorius-longicauda-T7238-24dB-HP-800Hz-24dB-LP-7.5kHz,Common Tailorbird,Orthotomus sutorius,XC834668-Orthotomus-sutorius-longicauda-T7238-24dB-HP-800Hz-24dB-LP-7.5kHz.wav,10,25.0,30.0,5,224.514,32000,dataset\segments\Orthotomus_sutorius\XC834668-Orthotomus-sutorius-longicauda-T7238-24dB-HP-800Hz-24dB-LP-7.5kHz_segment_0010.wav,train
XC834668-Orthotomus-sutorius-longicauda-T7238-24dB-HP-800Hz-24dB-LP-7.5kHz_segment_0011.wav,XC834668-Orthotomus-sutorius-longicauda-T7238-24dB-HP-800Hz-24dB-LP-7.5kHz,Common Tailorbird,Orthotomus sutorius,XC834668-Orthotomus-sutorius-longicauda-T7238-24dB-HP-800Hz-24dB-LP-7.5kHz.wav,11,27.5,32.5,5,224.514,32000,dataset\segments\Orthotomus_sutorius\XC834668-Orthotomus-sutorius-longicauda-T7238-24dB-HP-800Hz-24dB-LP-7.5kHz_segment_0011.wav,train
XC834668-Orthotomus-sutorius-longicauda-T7238-24dB-HP-800Hz-24dB-LP-7.5kHz_segment_0012.wav,XC834668-Orthotomus-sutorius-longicauda-T7238-24dB-HP-800Hz-24dB-LP-7.5kHz,Common Tailorbird,Orthotomus sutorius,XC834668-Orthotomus-sutorius-longicauda-T7238-24dB-HP-800Hz-24dB-LP-7.5kHz.wav,12,30.0,35.0,5,224.514,32000,dataset\segments\Orthotomus_sutorius\XC834668-Orthotomus-sutorius-longicauda-T7238-24dB-HP-800Hz-24dB-LP-7.5kHz_segment_0012.wav,train
XC834668-Orthotomus-sutorius-longicauda-T7238-24dB-HP-800Hz-24dB-LP-7.5kHz_segment_0013.wav,XC834668-Orthotomus-sutorius-longicauda-T7238-24dB-HP-800Hz-24dB-LP-7.5kHz,Common Tailorbird,Orthotomus sutorius,XC834668-Orthotomus-sutorius-longicauda-T7238-24dB-HP-800Hz-24dB-LP-7.5kHz.wav,13,32.5,37.5,5,224.514,32000,dataset\segments\Orthotomus_sutorius\XC834668-Orthotomus-sutorius-longicauda-T7238-24dB-HP-800Hz-24dB-LP-7.5kHz_segment_0013.wav,train
XC834668-Orthotomus-sutorius-longicauda-T7238-24dB-HP-800Hz-24dB-LP-7.5kHz_segment_0014.wav,XC834668-Orthotomus-sutorius-longicauda-T7238-24dB-HP-800Hz-24dB-LP-7.5kHz,Common Tailorbird,Orthotomus sutorius,XC834668-Orthotomus-sutorius-longicauda-T7238-24dB-HP-800Hz-24dB-LP-7.5kHz.wav,14,35.0,40.0,5,224.514,32000,dataset\segments\Orthotomus_sutorius\XC834668-Orthotomus-sutorius-longicauda-T7238-24dB-HP-800Hz-24dB-LP-7.5kHz_segment_0014.wav,train
XC834668-Orthotomus-sutorius-longicauda-T7238-24dB-HP-800Hz-24dB-LP-7.5kHz_segment_0015.wav,XC834668-Orthotomus-sutorius-longicauda-T7238-24dB-HP-800Hz-24dB-LP-7.5kHz,Common Tailorbird,Orthotomus sutorius,XC834668-Orthotomus-sutorius-longicauda-T7238-24dB-HP-800Hz-24dB-LP-7.5kHz.wav,15,37.5,42.5,5,224.514,32000,dataset\segments\Orthotomus_sutorius\XC834668-Orthotomus-sutorius-longicauda-T7238-24dB-HP-800Hz-24dB-LP-7.5kHz_segment_0015.wav,train
XC834668-Orthotomus-sutorius-longicauda-T7238-24dB-HP-800Hz-24dB-LP-7.5kHz_segment_0016.wav,XC834668-Orthotomus-sutorius-longicauda-T7238-24dB-HP-800Hz-24dB-LP-7.5kHz,Common Tailorbird,Orthotomus sutorius,XC834668-Orthotomus-sutorius-longicauda-T7238-24dB-HP-800Hz-24dB-LP-7.5kHz.wav,16,40.0,45.0,5,224.514,32000,dataset\segments\Orthotomus_sutorius\XC834668-Orthotomus-sutorius-longicauda-T7238-24dB-HP-800Hz-24dB-LP-7.5kHz_segment_0016.wav,train
XC834668-Orthotomus-sutorius-longicauda-T7238-24dB-HP-800Hz-24dB-LP-7.5kHz_segment_0017.wav,XC834668-Orthotomus-sutorius-longicauda-T7238-24dB-HP-800Hz-24dB-LP-7.5kHz,Common Tailorbird,Orthotomus sutorius,XC834668-Orthotomus-sutorius-longicauda-T7238-24dB-HP-800Hz-24dB-LP-7.5kHz.wav,17,42.5,47.5,5,224.514,32000,dataset\segments\Orthotomus_sutorius\XC834668-Orthotomus-sutorius-longicauda-T7238-24dB-HP-800Hz-24dB-LP-7.5kHz_segment_0017.wav,train
XC834668-Orthotomus-sutorius-longicauda-T7238-24dB-HP-800Hz-24dB-LP-7.5kHz_segment_0018.wav,XC834668-Orthotomus-sutorius-longicauda-T7238-24dB-HP-800Hz-24dB-LP-7.5kHz,Common Tailorbird,Orthotomus sutorius,XC834668-Orthotomus-sutorius-longicauda-T7238-24dB-HP-800Hz-24dB-LP-7.5kHz.wav,18,45.0,50.0,5,224.514,32000,dataset\segments\Orthotomus_sutorius\XC834668-Orthotomus-sutorius-longicauda-T7238-24dB-HP-800Hz-24dB-LP-7.5kHz_segment_0018.wav,train
XC834668-Orthotomus-sutorius-longicauda-T7238-24dB-HP-800Hz-24dB-LP-7.5kHz_segment_0019.wav,XC834668-Orthotomus-sutorius-longicauda-T7238-24dB-HP-800Hz-24dB-LP-7.5kHz,Common Tailorbird,Orthotomus sutorius,XC834668-Orthotomus-sutorius-longicauda-T7238-24dB-HP-800Hz-24dB-LP-7.5kHz.wav,19,47.5,52.5,5,224.514,32000,dataset\segments\Orthotomus_sutorius\XC834668-Orthotomus-sutorius-longicauda-T7238-24dB-HP-800Hz-24dB-LP-7.5kHz_segment_0019.wav,train
XC834668-Orthotomus-sutorius-longicauda-T7238-24dB-HP-800Hz-24dB-LP-7.5kHz_segment_0020.wav,XC834668-Orthotomus-sutorius-longicauda-T7238-24dB-HP-800Hz-24dB-LP-7.5kHz,Common Tailorbird,Orthotomus sutorius,XC834668-Orthotomus-sutorius-longicauda-T7238-24dB-HP-800Hz-24dB-LP-7.5kHz.wav,20,50.0,55.0,5,224.514,32000,dataset\segments\Orthotomus_sutorius\XC834668-Orthotomus-sutorius-longicauda-T7238-24dB-HP-800Hz-24dB-LP-7.5kHz_segment_0020.wav,train
XC834668-Orthotomus-sutorius-longicauda-T7238-24dB-HP-800Hz-24dB-LP-7.5kHz_segment_0021.wav,XC834668-Orthotomus-sutorius-longicauda-T7238-24dB-HP-800Hz-24dB-LP-7.5kHz,Common Tailorbird,Orthotomus sutorius,XC834668-Orthotomus-sutorius-longicauda-T7238-24dB-HP-800Hz-24dB-LP-7.5kHz.wav,21,52.5,57.5,5,224.514,32000,dataset\segments\Orthotomus_sutorius\XC834668-Orthotomus-sutorius-longicauda-T7238-24dB-HP-800Hz-24dB-LP-7.5kHz_segment_0021.wav,train
XC834668-Orthotomus-sutorius-longicauda-T7238-24dB-HP-800Hz-24dB-LP-7.5kHz_segment_0022.wav,XC834668-Orthotomus-sutorius-longicauda-T7238-24dB-HP-800Hz-24dB-LP-7.5kHz,Common Tailorbird,Orthotomus sutorius,XC834668-Orthotomus-sutorius-longicauda-T7238-24dB-HP-800Hz-24dB-LP-7.5kHz.wav,22,55.0,60.0,5,224.514,32000,dataset\segments\Orthotomus_sutorius\XC834668-Orthotomus-sutorius-longicauda-T7238-24dB-HP-800Hz-24dB-LP-7.5kHz_segment_0022.wav,train
XC834668-Orthotomus-sutorius-longicauda-T7238-24dB-HP-800Hz-24dB-LP-7.5kHz_segment_0023.wav,XC834668-Orthotomus-sutorius-longicauda-T7238-24dB-HP-800Hz-24dB-LP-7.5kHz,Common Tailorbird,Orthotomus sutorius,XC834668-Orthotomus-sutorius-longicauda-T7238-24dB-HP-800Hz-24dB-LP-7.5kHz.wav,23,57.5,62.5,5,224.514,32000,dataset\segments\Orthotomus_sutorius\XC834668-Orthotomus-sutorius-longicauda-T7238-24dB-HP-800Hz-24dB-LP-7.5kHz_segment_0023.wav,train
XC834668-Orthotomus-sutorius-longicauda-T7238-24dB-HP-800Hz-24dB-LP-7.5kHz_segment_0024.wav,XC834668-Orthotomus-sutorius-longicauda-T7238-24dB-HP-800Hz-24dB-LP-7.5kHz,Common Tailorbird,Orthotomus sutorius,XC834668-Orthotomus-sutorius-longicauda-T7238-24dB-HP-800Hz-24dB-LP-7.5kHz.wav,24,60.0,65.0,5,224.514,32000,dataset\segments\Orthotomus_sutorius\XC834668-Orthotomus-sutorius-longicauda-T7238-24dB-HP-800Hz-24dB-LP-7.5kHz_segment_0024.wav,train
XC834668-Orthotomus-sutorius-longicauda-T7238-24dB-HP-800Hz-24dB-LP-7.5kHz_segment_0025.wav,XC834668-Orthotomus-sutorius-longicauda-T7238-24dB-HP-800Hz-24dB-LP-7.5kHz,Common Tailorbird,Orthotomus sutorius,XC834668-Orthotomus-sutorius-longicauda-T7238-24dB-HP-800Hz-24dB-LP-7.5kHz.wav,25,62.5,67.5,5,224.514,32000,dataset\segments\Orthotomus_sutorius\XC834668-Orthotomus-sutorius-longicauda-T7238-24dB-HP-800Hz-24dB-LP-7.5kHz_segment_0025.wav,train
XC834668-Orthotomus-sutorius-longicauda-T7238-24dB-HP-800Hz-24dB-LP-7.5kHz_segment_0026.wav,XC834668-Orthotomus-sutorius-longicauda-T7238-24dB-HP-800Hz-24dB-LP-7.5kHz,Common Tailorbird,Orthotomus sutorius,XC834668-Orthotomus-sutorius-longicauda-T7238-24dB-HP-800Hz-24dB-LP-7.5kHz.wav,26,65.0,70.0,5,224.514,32000,dataset\segments\Orthotomus_sutorius\XC834668-Orthotomus-sutorius-longicauda-T7238-24dB-HP-800Hz-24dB-LP-7.5kHz_segment_0026.wav,train
XC834668-Orthotomus-sutorius-longicauda-T7238-24dB-HP-800Hz-24dB-LP-7.5kHz_segment_0027.wav,XC834668-Orthotomus-sutorius-longicauda-T7238-24dB-HP-800Hz-24dB-LP-7.5kHz,Common Tailorbird,Orthotomus sutorius,XC834668-Orthotomus-sutorius-longicauda-T7238-24dB-HP-800Hz-24dB-LP-7.5kHz.wav,27,67.5,72.5,5,224.514,32000,dataset\segments\Orthotomus_sutorius\XC834668-Orthotomus-sutorius-longicauda-T7238-24dB-HP-800Hz-24dB-LP-7.5kHz_segment_0027.wav,train
XC834668-Orthotomus-sutorius-longicauda-T7238-24dB-HP-800Hz-24dB-LP-7.5kHz_segment_0028.wav,XC834668-Orthotomus-sutorius-longicauda-T7238-24dB-HP-800Hz-24dB-LP-7.5kHz,Common Tailorbird,Orthotomus sutorius,XC834668-Orthotomus-sutorius-longicauda-T7238-24dB-HP-800Hz-24dB-LP-7.5kHz.wav,28,70.0,75.0,5,224.514,32000,dataset\segments\Orthotomus_sutorius\XC834668-Orthotomus-sutorius-longicauda-T7238-24dB-HP-800Hz-24dB-LP-7.5kHz_segment_0028.wav,train
XC834668-Orthotomus-sutorius-longicauda-T7238-24dB-HP-800Hz-24dB-LP-7.5kHz_segment_0029.wav,XC834668-Orthotomus-sutorius-longicauda-T7238-24dB-HP-800Hz-24dB-LP-7.5kHz,Common Tailorbird,Orthotomus sutorius,XC834668-Orthotomus-sutorius-longicauda-T7238-24dB-HP-800Hz-24dB-LP-7.5kHz.wav,29,72.5,77.5,5,224.514,32000,dataset\segments\Orthotomus_sutorius\XC834668-Orthotomus-sutorius-longicauda-T7238-24dB-HP-800Hz-24dB-LP-7.5kHz_segment_0029.wav,train
XC834668-Orthotomus-sutorius-longicauda-T7238-24dB-HP-800Hz-24dB-LP-7.5kHz_segment_0030.wav,XC834668-Orthotomus-sutorius-longicauda-T7238-24dB-HP-800Hz-24dB-LP-7.5kHz,Common Tailorbird,Orthotomus sutorius,XC834668-Orthotomus-sutorius-longicauda-T7238-24dB-HP-800Hz-24dB-LP-7.5kHz.wav,30,75.0,80.0,5,224.514,32000,dataset\segments\Orthotomus_sutorius\XC834668-Orthotomus-sutorius-longicauda-T7238-24dB-HP-800Hz-24dB-LP-7.5kHz_segment_0030.wav,train
XC834668-Orthotomus-sutorius-longicauda-T7238-24dB-HP-800Hz-24dB-LP-7.5kHz_segment_0031.wav,XC834668-Orthotomus-sutorius-longicauda-T7238-24dB-HP-800Hz-24dB-LP-7.5kHz,Common Tailorbird,Orthotomus sutorius,XC834668-Orthotomus-sutorius-longicauda-T7238-24dB-HP-800Hz-24dB-LP-7.5kHz.wav,31,77.5,82.5,5,224.514,32000,dataset\segments\Orthotomus_sutorius\XC834668-Orthotomus-sutorius-longicauda-T7238-24dB-HP-800Hz-24dB-LP-7.5kHz_segment_0031.wav,train
XC834668-Orthotomus-sutorius-longicauda-T7238-24dB-HP-800Hz-24dB-LP-7.5kHz_segment_0032.wav,XC834668-Orthotomus-sutorius-longicauda-T7238-24dB-HP-800Hz-24dB-LP-7.5kHz,Common Tailorbird,Orthotomus sutorius,XC834668-Orthotomus-sutorius-longicauda-T7238-24dB-HP-800Hz-24dB-LP-7.5kHz.wav,32,80.0,85.0,5,224.514,32000,dataset\segments\Orthotomus_sutorius\XC834668-Orthotomus-sutorius-longicauda-T7238-24dB-HP-800Hz-24dB-LP-7.5kHz_segment_0032.wav,train
XC834668-Orthotomus-sutorius-longicauda-T7238-24dB-HP-800Hz-24dB-LP-7.5kHz_segment_0033.wav,XC834668-Orthotomus-sutorius-longicauda-T7238-24dB-HP-800Hz-24dB-LP-7.5kHz,Common Tailorbird,Orthotomus sutorius,XC834668-Orthotomus-sutorius-longicauda-T7238-24dB-HP-800Hz-24dB-LP-7.5kHz.wav,33,82.5,87.5,5,224.514,32000,dataset\segments\Orthotomus_sutorius\XC834668-Orthotomus-sutorius-longicauda-T7238-24dB-HP-800Hz-24dB-LP-7.5kHz_segment_0033.wav,train
XC834668-Orthotomus-sutorius-longicauda-T7238-24dB-HP-800Hz-24dB-LP-7.5kHz_segment_0034.wav,XC834668-Orthotomus-sutorius-longicauda-T7238-24dB-HP-800Hz-24dB-LP-7.5kHz,Common Tailorbird,Orthotomus sutorius,XC834668-Orthotomus-sutorius-longicauda-T7238-24dB-HP-800Hz-24dB-LP-7.5kHz.wav,34,85.0,90.0,5,224.514,32000,dataset\segments\Orthotomus_sutorius\XC834668-Orthotomus-sutorius-longicauda-T7238-24dB-HP-800Hz-24dB-LP-7.5kHz_segment_0034.wav,train
XC834668-Orthotomus-sutorius-longicauda-T7238-24dB-HP-800Hz-24dB-LP-7.5kHz_segment_0035.wav,XC834668-Orthotomus-sutorius-longicauda-T7238-24dB-HP-800Hz-24dB-LP-7.5kHz,Common Tailorbird,Orthotomus sutorius,XC834668-Orthotomus-sutorius-longicauda-T7238-24dB-HP-800Hz-24dB-LP-7.5kHz.wav,35,87.5,92.5,5,224.514,32000,dataset\segments\Orthotomus_sutorius\XC834668-Orthotomus-sutorius-longicauda-T7238-24dB-HP-800Hz-24dB-LP-7.5kHz_segment_0035.wav,train
XC834668-Orthotomus-sutorius-longicauda-T7238-24dB-HP-800Hz-24dB-LP-7.5kHz_segment_0036.wav,XC834668-Orthotomus-sutorius-longicauda-T7238-24dB-HP-800Hz-24dB-LP-7.5kHz,Common Tailorbird,Orthotomus sutorius,XC834668-Orthotomus-sutorius-longicauda-T7238-24dB-HP-800Hz-24dB-LP-7.5kHz.wav,36,90.0,95.0,5,224.514,32000,dataset\segments\Orthotomus_sutorius\XC834668-Orthotomus-sutorius-longicauda-T7238-24dB-HP-800Hz-24dB-LP-7.5kHz_segment_0036.wav,train
XC834668-Orthotomus-sutorius-longicauda-T7238-24dB-HP-800Hz-24dB-LP-7.5kHz_segment_0037.wav,XC834668-Orthotomus-sutorius-longicauda-T7238-24dB-HP-800Hz-24dB-LP-7.5kHz,Common Tailorbird,Orthotomus sutorius,XC834668-Orthotomus-sutorius-longicauda-T7238-24dB-HP-800Hz-24dB-LP-7.5kHz.wav,37,92.5,97.5,5,224.514,32000,dataset\segments\Orthotomus_sutorius\XC834668-Orthotomus-sutorius-longicauda-T7238-24dB-HP-800Hz-24dB-LP-7.5kHz_segment_0037.wav,train
XC834668-Orthotomus-sutorius-longicauda-T7238-24dB-HP-800Hz-24dB-LP-7.5kHz_segment_0038.wav,XC834668-Orthotomus-sutorius-longicauda-T7238-24dB-HP-800Hz-24dB-LP-7.5kHz,Common Tailorbird,Orthotomus sutorius,XC834668-Orthotomus-sutorius-longicauda-T7238-24dB-HP-800Hz-24dB-LP-7.5kHz.wav,38,95.0,100.0,5,224.514,32000,dataset\segments\Orthotomus_sutorius\XC834668-Orthotomus-sutorius-longicauda-T7238-24dB-HP-800Hz-24dB-LP-7.5kHz_segment_0038.wav,train
XC834668-Orthotomus-sutorius-longicauda-T7238-24dB-HP-800Hz-24dB-LP-7.5kHz_segment_0039.wav,XC834668-Orthotomus-sutorius-longicauda-T7238-24dB-HP-800Hz-24dB-LP-7.5kHz,Common Tailorbird,Orthotomus sutorius,XC834668-Orthotomus-sutorius-longicauda-T7238-24dB-HP-800Hz-24dB-LP-7.5kHz.wav,39,97.5,102.5,5,224.514,32000,dataset\segments\Orthotomus_sutorius\XC834668-Orthotomus-sutorius-longicauda-T7238-24dB-HP-800Hz-24dB-LP-7.5kHz_segment_0039.wav,train
XC834668-Orthotomus-sutorius-longicauda-T7238-24dB-HP-800Hz-24dB-LP-7.5kHz_segment_0040.wav,XC834668-Orthotomus-sutorius-longicauda-T7238-24dB-HP-800Hz-24dB-LP-7.5kHz,Common Tailorbird,Orthotomus sutorius,XC834668-Orthotomus-sutorius-longicauda-T7238-24dB-HP-800Hz-24dB-LP-7.5kHz.wav,40,100.0,105.0,5,224.514,32000,dataset\segments\Orthotomus_sutorius\XC834668-Orthotomus-sutorius-longicauda-T7238-24dB-HP-800Hz-24dB-LP-7.5kHz_segment_0040.wav,train
XC834668-Orthotomus-sutorius-longicauda-T7238-24dB-HP-800Hz-24dB-LP-7.5kHz_segment_0041.wav,XC834668-Orthotomus-sutorius-longicauda-T7238-24dB-HP-800Hz-24dB-LP-7.5kHz,Common Tailorbird,Orthotomus sutorius,XC834668-Orthotomus-sutorius-longicauda-T7238-24dB-HP-800Hz-24dB-LP-7.5kHz.wav,41,102.5,107.5,5,224.514,32000,dataset\segments\Orthotomus_sutorius\XC834668-Orthotomus-sutorius-longicauda-T7238-24dB-HP-800Hz-24dB-LP-7.5kHz_segment_0041.wav,train
XC834668-Orthotomus-sutorius-longicauda-T7238-24dB-HP-800Hz-24dB-LP-7.5kHz_segment_0042.wav,XC834668-Orthotomus-sutorius-longicauda-T7238-24dB-HP-800Hz-24dB-LP-7.5kHz,Common Tailorbird,Orthotomus sutorius,XC834668-Orthotomus-sutorius-longicauda-T7238-24dB-HP-800Hz-24dB-LP-7.5kHz.wav,42,105.0,110.0,5,224.514,32000,dataset\segments\Orthotomus_sutorius\XC834668-Orthotomus-sutorius-longicauda-T7238-24dB-HP-800Hz-24dB-LP-7.5kHz_segment_0042.wav,train
XC834668-Orthotomus-sutorius-longicauda-T7238-24dB-HP-800Hz-24dB-LP-7.5kHz_segment_0043.wav,XC834668-Orthotomus-sutorius-longicauda-T7238-24dB-HP-800Hz-24dB-LP-7.5kHz,Common Tailorbird,Orthotomus sutorius,XC834668-Orthotomus-sutorius-longicauda-T7238-24dB-HP-800Hz-24dB-LP-7.5kHz.wav,43,107.5,112.5,5,224.514,32000,dataset\segments\Orthotomus_sutorius\XC834668-Orthotomus-sutorius-longicauda-T7238-24dB-HP-800Hz-24dB-LP-7.5kHz_segment_0043.wav,train
XC834668-Orthotomus-sutorius-longicauda-T7238-24dB-HP-800Hz-24dB-LP-7.5kHz_segment_0044.wav,XC834668-Orthotomus-sutorius-longicauda-T7238-24dB-HP-800Hz-24dB-LP-7.5kHz,Common Tailorbird,Orthotomus sutorius,XC834668-Orthotomus-sutorius-longicauda-T7238-24dB-HP-800Hz-24dB-LP-7.5kHz.wav,44,110.0,115.0,5,224.514,32000,dataset\segments\Orthotomus_sutorius\XC834668-Orthotomus-sutorius-longicauda-T7238-24dB-HP-800Hz-24dB-LP-7.5kHz_segment_0044.wav,train
XC834668-Orthotomus-sutorius-longicauda-T7238-24dB-HP-800Hz-24dB-LP-7.5kHz_segment_0045.wav,XC834668-Orthotomus-sutorius-longicauda-T7238-24dB-HP-800Hz-24dB-LP-7.5kHz,Common Tailorbird,Orthotomus sutorius,XC834668-Orthotomus-sutorius-longicauda-T7238-24dB-HP-800Hz-24dB-LP-7.5kHz.wav,45,112.5,117.5,5,224.514,32000,dataset\segments\Orthotomus_sutorius\XC834668-Orthotomus-sutorius-longicauda-T7238-24dB-HP-800Hz-24dB-LP-7.5kHz_segment_0045.wav,train
XC834668-Orthotomus-sutorius-longicauda-T7238-24dB-HP-800Hz-24dB-LP-7.5kHz_segment_0046.wav,XC834668-Orthotomus-sutorius-longicauda-T7238-24dB-HP-800Hz-24dB-LP-7.5kHz,Common Tailorbird,Orthotomus sutorius,XC834668-Orthotomus-sutorius-longicauda-T7238-24dB-HP-800Hz-24dB-LP-7.5kHz.wav,46,115.0,120.0,5,224.514,32000,dataset\segments\Orthotomus_sutorius\XC834668-Orthotomus-sutorius-longicauda-T7238-24dB-HP-800Hz-24dB-LP-7.5kHz_segment_0046.wav,train
XC834668-Orthotomus-sutorius-longicauda-T7238-24dB-HP-800Hz-24dB-LP-7.5kHz_segment_0047.wav,XC834668-Orthotomus-sutorius-longicauda-T7238-24dB-HP-800Hz-24dB-LP-7.5kHz,Common Tailorbird,Orthotomus sutorius,XC834668-Orthotomus-sutorius-longicauda-T7238-24dB-HP-800Hz-24dB-LP-7.5kHz.wav,47,117.5,122.5,5,224.514,32000,dataset\segments\Orthotomus_sutorius\XC834668-Orthotomus-sutorius-longicauda-T7238-24dB-HP-800Hz-24dB-LP-7.5kHz_segment_0047.wav,train
XC834668-Orthotomus-sutorius-longicauda-T7238-24dB-HP-800Hz-24dB-LP-7.5kHz_segment_0048.wav,XC834668-Orthotomus-sutorius-longicauda-T7238-24dB-HP-800Hz-24dB-LP-7.5kHz,Common Tailorbird,Orthotomus sutorius,XC834668-Orthotomus-sutorius-longicauda-T7238-24dB-HP-800Hz-24dB-LP-7.5kHz.wav,48,120.0,125.0,5,224.514,32000,dataset\segments\Orthotomus_sutorius\XC834668-Orthotomus-sutorius-longicauda-T7238-24dB-HP-800Hz-24dB-LP-7.5kHz_segment_0048.wav,train
XC834668-Orthotomus-sutorius-longicauda-T7238-24dB-HP-800Hz-24dB-LP-7.5kHz_segment_0049.wav,XC834668-Orthotomus-sutorius-longicauda-T7238-24dB-HP-800Hz-24dB-LP-7.5kHz,Common Tailorbird,Orthotomus sutorius,XC834668-Orthotomus-sutorius-longicauda-T7238-24dB-HP-800Hz-24dB-LP-7.5kHz.wav,49,122.5,127.5,5,224.514,32000,dataset\segments\Orthotomus_sutorius\XC834668-Orthotomus-sutorius-longicauda-T7238-24dB-HP-800Hz-24dB-LP-7.5kHz_segment_0049.wav,train
XC834668-Orthotomus-sutorius-longicauda-T7238-24dB-HP-800Hz-24dB-LP-7.5kHz_segment_0050.wav,XC834668-Orthotomus-sutorius-longicauda-T7238-24dB-HP-800Hz-24dB-LP-7.5kHz,Common Tailorbird,Orthotomus sutorius,XC834668-Orthotomus-sutorius-longicauda-T7238-24dB-HP-800Hz-24dB-LP-7.5kHz.wav,50,125.0,130.0,5,224.514,32000,dataset\segments\Orthotomus_sutorius\XC834668-Orthotomus-sutorius-longicauda-T7238-24dB-HP-800Hz-24dB-LP-7.5kHz_segment_0050.wav,train
XC834668-Orthotomus-sutorius-longicauda-T7238-24dB-HP-800Hz-24dB-LP-7.5kHz_segment_0051.wav,XC834668-Orthotomus-sutorius-longicauda-T7238-24dB-HP-800Hz-24dB-LP-7.5kHz,Common Tailorbird,Orthotomus sutorius,XC834668-Orthotomus-sutorius-longicauda-T7238-24dB-HP-800Hz-24dB-LP-7.5kHz.wav,51,127.5,132.5,5,224.514,32000,dataset\segments\Orthotomus_sutorius\XC834668-Orthotomus-sutorius-longicauda-T7238-24dB-HP-800Hz-24dB-LP-7.5kHz_segment_0051.wav,train
XC834668-Orthotomus-sutorius-longicauda-T7238-24dB-HP-800Hz-24dB-LP-7.5kHz_segment_0052.wav,XC834668-Orthotomus-sutorius-longicauda-T7238-24dB-HP-800Hz-24dB-LP-7.5kHz,Common Tailorbird,Orthotomus sutorius,XC834668-Orthotomus-sutorius-longicauda-T7238-24dB-HP-800Hz-24dB-LP-7.5kHz.wav,52,130.0,135.0,5,224.514,32000,dataset\segments\Orthotomus_sutorius\XC834668-Orthotomus-sutorius-longicauda-T7238-24dB-HP-800Hz-24dB-LP-7.5kHz_segment_0052.wav,train
XC834668-Orthotomus-sutorius-longicauda-T7238-24dB-HP-800Hz-24dB-LP-7.5kHz_segment_0053.wav,XC834668-Orthotomus-sutorius-longicauda-T7238-24dB-HP-800Hz-24dB-LP-7.5kHz,Common Tailorbird,Orthotomus sutorius,XC834668-Orthotomus-sutorius-longicauda-T7238-24dB-HP-800Hz-24dB-LP-7.5kHz.wav,53,132.5,137.5,5,224.514,32000,dataset\segments\Orthotomus_sutorius\XC834668-Orthotomus-sutorius-longicauda-T7238-24dB-HP-800Hz-24dB-LP-7.5kHz_segment_0053.wav,train
XC834668-Orthotomus-sutorius-longicauda-T7238-24dB-HP-800Hz-24dB-LP-7.5kHz_segment_0054.wav,XC834668-Orthotomus-sutorius-longicauda-T7238-24dB-HP-800Hz-24dB-LP-7.5kHz,Common Tailorbird,Orthotomus sutorius,XC834668-Orthotomus-sutorius-longicauda-T7238-24dB-HP-800Hz-24dB-LP-7.5kHz.wav,54,135.0,140.0,5,224.514,32000,dataset\segments\Orthotomus_sutorius\XC834668-Orthotomus-sutorius-longicauda-T7238-24dB-HP-800Hz-24dB-LP-7.5kHz_segment_0054.wav,train
XC834668-Orthotomus-sutorius-longicauda-T7238-24dB-HP-800Hz-24dB-LP-7.5kHz_segment_0055.wav,XC834668-Orthotomus-sutorius-longicauda-T7238-24dB-HP-800Hz-24dB-LP-7.5kHz,Common Tailorbird,Orthotomus sutorius,XC834668-Orthotomus-sutorius-longicauda-T7238-24dB-HP-800Hz-24dB-LP-7.5kHz.wav,55,137.5,142.5,5,224.514,32000,dataset\segments\Orthotomus_sutorius\XC834668-Orthotomus-sutorius-longicauda-T7238-24dB-HP-800Hz-24dB-LP-7.5kHz_segment_0055.wav,train
XC834668-Orthotomus-sutorius-longicauda-T7238-24dB-HP-800Hz-24dB-LP-7.5kHz_segment_0056.wav,XC834668-Orthotomus-sutorius-longicauda-T7238-24dB-HP-800Hz-24dB-LP-7.5kHz,Common Tailorbird,Orthotomus sutorius,XC834668-Orthotomus-sutorius-longicauda-T7238-24dB-HP-800Hz-24dB-LP-7.5kHz.wav,56,140.0,145.0,5,224.514,32000,dataset\segments\Orthotomus_sutorius\XC834668-Orthotomus-sutorius-longicauda-T7238-24dB-HP-800Hz-24dB-LP-7.5kHz_segment_0056.wav,train
XC834668-Orthotomus-sutorius-longicauda-T7238-24dB-HP-800Hz-24dB-LP-7.5kHz_segment_0057.wav,XC834668-Orthotomus-sutorius-longicauda-T7238-24dB-HP-800Hz-24dB-LP-7.5kHz,Common Tailorbird,Orthotomus sutorius,XC834668-Orthotomus-sutorius-longicauda-T7238-24dB-HP-800Hz-24dB-LP-7.5kHz.wav,57,142.5,147.5,5,224.514,32000,dataset\segments\Orthotomus_sutorius\XC834668-Orthotomus-sutorius-longicauda-T7238-24dB-HP-800Hz-24dB-LP-7.5kHz_segment_0057.wav,train
XC834668-Orthotomus-sutorius-longicauda-T7238-24dB-HP-800Hz-24dB-LP-7.5kHz_segment_0058.wav,XC834668-Orthotomus-sutorius-longicauda-T7238-24dB-HP-800Hz-24dB-LP-7.5kHz,Common Tailorbird,Orthotomus sutorius,XC834668-Orthotomus-sutorius-longicauda-T7238-24dB-HP-800Hz-24dB-LP-7.5kHz.wav,58,145.0,150.0,5,224.514,32000,dataset\segments\Orthotomus_sutorius\XC834668-Orthotomus-sutorius-longicauda-T7238-24dB-HP-800Hz-24dB-LP-7.5kHz_segment_0058.wav,train
XC834668-Orthotomus-sutorius-longicauda-T7238-24dB-HP-800Hz-24dB-LP-7.5kHz_segment_0059.wav,XC834668-Orthotomus-sutorius-longicauda-T7238-24dB-HP-800Hz-24dB-LP-7.5kHz,Common Tailorbird,Orthotomus sutorius,XC834668-Orthotomus-sutorius-longicauda-T7238-24dB-HP-800Hz-24dB-LP-7.5kHz.wav,59,147.5,152.5,5,224.514,32000,dataset\segments\Orthotomus_sutorius\XC834668-Orthotomus-sutorius-longicauda-T7238-24dB-HP-800Hz-24dB-LP-7.5kHz_segment_0059.wav,train
XC834668-Orthotomus-sutorius-longicauda-T7238-24dB-HP-800Hz-24dB-LP-7.5kHz_segment_0060.wav,XC834668-Orthotomus-sutorius-longicauda-T7238-24dB-HP-800Hz-24dB-LP-7.5kHz,Common Tailorbird,Orthotomus sutorius,XC834668-Orthotomus-sutorius-longicauda-T7238-24dB-HP-800Hz-24dB-LP-7.5kHz.wav,60,150.0,155.0,5,224.514,32000,dataset\segments\Orthotomus_sutorius\XC834668-Orthotomus-sutorius-longicauda-T7238-24dB-HP-800Hz-24dB-LP-7.5kHz_segment_0060.wav,train
XC834668-Orthotomus-sutorius-longicauda-T7238-24dB-HP-800Hz-24dB-LP-7.5kHz_segment_0061.wav,XC834668-Orthotomus-sutorius-longicauda-T7238-24dB-HP-800Hz-24dB-LP-7.5kHz,Common Tailorbird,Orthotomus sutorius,XC834668-Orthotomus-sutorius-longicauda-T7238-24dB-HP-800Hz-24dB-LP-7.5kHz.wav,61,152.5,157.5,5,224.514,32000,dataset\segments\Orthotomus_sutorius\XC834668-Orthotomus-sutorius-longicauda-T7238-24dB-HP-800Hz-24dB-LP-7.5kHz_segment_0061.wav,train
XC834668-Orthotomus-sutorius-longicauda-T7238-24dB-HP-800Hz-24dB-LP-7.5kHz_segment_0062.wav,XC834668-Orthotomus-sutorius-longicauda-T7238-24dB-HP-800Hz-24dB-LP-7.5kHz,Common Tailorbird,Orthotomus sutorius,XC834668-Orthotomus-sutorius-longicauda-T7238-24dB-HP-800Hz-24dB-LP-7.5kHz.wav,62,155.0,160.0,5,224.514,32000,dataset\segments\Orthotomus_sutorius\XC834668-Orthotomus-sutorius-longicauda-T7238-24dB-HP-800Hz-24dB-LP-7.5kHz_segment_0062.wav,train
XC834668-Orthotomus-sutorius-longicauda-T7238-24dB-HP-800Hz-24dB-LP-7.5kHz_segment_0063.wav,XC834668-Orthotomus-sutorius-longicauda-T7238-24dB-HP-800Hz-24dB-LP-7.5kHz,Common Tailorbird,Orthotomus sutorius,XC834668-Orthotomus-sutorius-longicauda-T7238-24dB-HP-800Hz-24dB-LP-7.5kHz.wav,63,157.5,162.5,5,224.514,32000,dataset\segments\Orthotomus_sutorius\XC834668-Orthotomus-sutorius-longicauda-T7238-24dB-HP-800Hz-24dB-LP-7.5kHz_segment_0063.wav,train
XC834668-Orthotomus-sutorius-longicauda-T7238-24dB-HP-800Hz-24dB-LP-7.5kHz_segment_0064.wav,XC834668-Orthotomus-sutorius-longicauda-T7238-24dB-HP-800Hz-24dB-LP-7.5kHz,Common Tailorbird,Orthotomus sutorius,XC834668-Orthotomus-sutorius-longicauda-T7238-24dB-HP-800Hz-24dB-LP-7.5kHz.wav,64,160.0,165.0,5,224.514,32000,dataset\segments\Orthotomus_sutorius\XC834668-Orthotomus-sutorius-longicauda-T7238-24dB-HP-800Hz-24dB-LP-7.5kHz_segment_0064.wav,train
XC834668-Orthotomus-sutorius-longicauda-T7238-24dB-HP-800Hz-24dB-LP-7.5kHz_segment_0065.wav,XC834668-Orthotomus-sutorius-longicauda-T7238-24dB-HP-800Hz-24dB-LP-7.5kHz,Common Tailorbird,Orthotomus sutorius,XC834668-Orthotomus-sutorius-longicauda-T7238-24dB-HP-800Hz-24dB-LP-7.5kHz.wav,65,162.5,167.5,5,224.514,32000,dataset\segments\Orthotomus_sutorius\XC834668-Orthotomus-sutorius-longicauda-T7238-24dB-HP-800Hz-24dB-LP-7.5kHz_segment_0065.wav,train
XC834668-Orthotomus-sutorius-longicauda-T7238-24dB-HP-800Hz-24dB-LP-7.5kHz_segment_0066.wav,XC834668-Orthotomus-sutorius-longicauda-T7238-24dB-HP-800Hz-24dB-LP-7.5kHz,Common Tailorbird,Orthotomus sutorius,XC834668-Orthotomus-sutorius-longicauda-T7238-24dB-HP-800Hz-24dB-LP-7.5kHz.wav,66,165.0,170.0,5,224.514,32000,dataset\segments\Orthotomus_sutorius\XC834668-Orthotomus-sutorius-longicauda-T7238-24dB-HP-800Hz-24dB-LP-7.5kHz_segment_0066.wav,train
XC834668-Orthotomus-sutorius-longicauda-T7238-24dB-HP-800Hz-24dB-LP-7.5kHz_segment_0067.wav,XC834668-Orthotomus-sutorius-longicauda-T7238-24dB-HP-800Hz-24dB-LP-7.5kHz,Common Tailorbird,Orthotomus sutorius,XC834668-Orthotomus-sutorius-longicauda-T7238-24dB-HP-800Hz-24dB-LP-7.5kHz.wav,67,167.5,172.5,5,224.514,32000,dataset\segments\Orthotomus_sutorius\XC834668-Orthotomus-sutorius-longicauda-T7238-24dB-HP-800Hz-24dB-LP-7.5kHz_segment_0067.wav,train
XC834668-Orthotomus-sutorius-longicauda-T7238-24dB-HP-800Hz-24dB-LP-7.5kHz_segment_0068.wav,XC834668-Orthotomus-sutorius-longicauda-T7238-24dB-HP-800Hz-24dB-LP-7.5kHz,Common Tailorbird,Orthotomus sutorius,XC834668-Orthotomus-sutorius-longicauda-T7238-24dB-HP-800Hz-24dB-LP-7.5kHz.wav,68,170.0,175.0,5,224.514,32000,dataset\segments\Orthotomus_sutorius\XC834668-Orthotomus-sutorius-longicauda-T7238-24dB-HP-800Hz-24dB-LP-7.5kHz_segment_0068.wav,train
XC834668-Orthotomus-sutorius-longicauda-T7238-24dB-HP-800Hz-24dB-LP-7.5kHz_segment_0069.wav,XC834668-Orthotomus-sutorius-longicauda-T7238-24dB-HP-800Hz-24dB-LP-7.5kHz,Common Tailorbird,Orthotomus sutorius,XC834668-Orthotomus-sutorius-longicauda-T7238-24dB-HP-800Hz-24dB-LP-7.5kHz.wav,69,172.5,177.5,5,224.514,32000,dataset\segments\Orthotomus_sutorius\XC834668-Orthotomus-sutorius-longicauda-T7238-24dB-HP-800Hz-24dB-LP-7.5kHz_segment_0069.wav,train
XC834668-Orthotomus-sutorius-longicauda-T7238-24dB-HP-800Hz-24dB-LP-7.5kHz_segment_0070.wav,XC834668-Orthotomus-sutorius-longicauda-T7238-24dB-HP-800Hz-24dB-LP-7.5kHz,Common Tailorbird,Orthotomus sutorius,XC834668-Orthotomus-sutorius-longicauda-T7238-24dB-HP-800Hz-24dB-LP-7.5kHz.wav,70,175.0,180.0,5,224.514,32000,dataset\segments\Orthotomus_sutorius\XC834668-Orthotomus-sutorius-longicauda-T7238-24dB-HP-800Hz-24dB-LP-7.5kHz_segment_0070.wav,train
XC834668-Orthotomus-sutorius-longicauda-T7238-24dB-HP-800Hz-24dB-LP-7.5kHz_segment_0071.wav,XC834668-Orthotomus-sutorius-longicauda-T7238-24dB-HP-800Hz-24dB-LP-7.5kHz,Common Tailorbird,Orthotomus sutorius,XC834668-Orthotomus-sutorius-longicauda-T7238-24dB-HP-800Hz-24dB-LP-7.5kHz.wav,71,177.5,182.5,5,224.514,32000,dataset\segments\Orthotomus_sutorius\XC834668-Orthotomus-sutorius-longicauda-T7238-24dB-HP-800Hz-24dB-LP-7.5kHz_segment_0071.wav,train
XC834668-Orthotomus-sutorius-longicauda-T7238-24dB-HP-800Hz-24dB-LP-7.5kHz_segment_0072.wav,XC834668-Orthotomus-sutorius-longicauda-T7238-24dB-HP-800Hz-24dB-LP-7.5kHz,Common Tailorbird,Orthotomus sutorius,XC834668-Orthotomus-sutorius-longicauda-T7238-24dB-HP-800Hz-24dB-LP-7.5kHz.wav,72,180.0,185.0,5,224.514,32000,dataset\segments\Orthotomus_sutorius\XC834668-Orthotomus-sutorius-longicauda-T7238-24dB-HP-800Hz-24dB-LP-7.5kHz_segment_0072.wav,train
XC834668-Orthotomus-sutorius-longicauda-T7238-24dB-HP-800Hz-24dB-LP-7.5kHz_segment_0073.wav,XC834668-Orthotomus-sutorius-longicauda-T7238-24dB-HP-800Hz-24dB-LP-7.5kHz,Common Tailorbird,Orthotomus sutorius,XC834668-Orthotomus-sutorius-longicauda-T7238-24dB-HP-800Hz-24dB-LP-7.5kHz.wav,73,182.5,187.5,5,224.514,32000,dataset\segments\Orthotomus_sutorius\XC834668-Orthotomus-sutorius-longicauda-T7238-24dB-HP-800Hz-24dB-LP-7.5kHz_segment_0073.wav,train
XC834668-Orthotomus-sutorius-longicauda-T7238-24dB-HP-800Hz-24dB-LP-7.5kHz_segment_0074.wav,XC834668-Orthotomus-sutorius-longicauda-T7238-24dB-HP-800Hz-24dB-LP-7.5kHz,Common Tailorbird,Orthotomus sutorius,XC834668-Orthotomus-sutorius-longicauda-T7238-24dB-HP-800Hz-24dB-LP-7.5kHz.wav,74,185.0,190.0,5,224.514,32000,dataset\segments\Orthotomus_sutorius\XC834668-Orthotomus-sutorius-longicauda-T7238-24dB-HP-800Hz-24dB-LP-7.5kHz_segment_0074.wav,train
XC834668-Orthotomus-sutorius-longicauda-T7238-24dB-HP-800Hz-24dB-LP-7.5kHz_segment_0075.wav,XC834668-Orthotomus-sutorius-longicauda-T7238-24dB-HP-800Hz-24dB-LP-7.5kHz,Common Tailorbird,Orthotomus sutorius,XC834668-Orthotomus-sutorius-longicauda-T7238-24dB-HP-800Hz-24dB-LP-7.5kHz.wav,75,187.5,192.5,5,224.514,32000,dataset\segments\Orthotomus_sutorius\XC834668-Orthotomus-sutorius-longicauda-T7238-24dB-HP-800Hz-24dB-LP-7.5kHz_segment_0075.wav,train
XC834668-Orthotomus-sutorius-longicauda-T7238-24dB-HP-800Hz-24dB-LP-7.5kHz_segment_0076.wav,XC834668-Orthotomus-sutorius-longicauda-T7238-24dB-HP-800Hz-24dB-LP-7.5kHz,Common Tailorbird,Orthotomus sutorius,XC834668-Orthotomus-sutorius-longicauda-T7238-24dB-HP-800Hz-24dB-LP-7.5kHz.wav,76,190.0,195.0,5,224.514,32000,dataset\segments\Orthotomus_sutorius\XC834668-Orthotomus-sutorius-longicauda-T7238-24dB-HP-800Hz-24dB-LP-7.5kHz_segment_0076.wav,train
XC834668-Orthotomus-sutorius-longicauda-T7238-24dB-HP-800Hz-24dB-LP-7.5kHz_segment_0077.wav,XC834668-Orthotomus-sutorius-longicauda-T7238-24dB-HP-800Hz-24dB-LP-7.5kHz,Common Tailorbird,Orthotomus sutorius,XC834668-Orthotomus-sutorius-longicauda-T7238-24dB-HP-800Hz-24dB-LP-7.5kHz.wav,77,192.5,197.5,5,224.514,32000,dataset\segments\Orthotomus_sutorius\XC834668-Orthotomus-sutorius-longicauda-T7238-24dB-HP-800Hz-24dB-LP-7.5kHz_segment_0077.wav,train
XC834668-Orthotomus-sutorius-longicauda-T7238-24dB-HP-800Hz-24dB-LP-7.5kHz_segment_0078.wav,XC834668-Orthotomus-sutorius-longicauda-T7238-24dB-HP-800Hz-24dB-LP-7.5kHz,Common Tailorbird,Orthotomus sutorius,XC834668-Orthotomus-sutorius-longicauda-T7238-24dB-HP-800Hz-24dB-LP-7.5kHz.wav,78,195.0,200.0,5,224.514,32000,dataset\segments\Orthotomus_sutorius\XC834668-Orthotomus-sutorius-longicauda-T7238-24dB-HP-800Hz-24dB-LP-7.5kHz_segment_0078.wav,train
XC834668-Orthotomus-sutorius-longicauda-T7238-24dB-HP-800Hz-24dB-LP-7.5kHz_segment_0079.wav,XC834668-Orthotomus-sutorius-longicauda-T7238-24dB-HP-800Hz-24dB-LP-7.5kHz,Common Tailorbird,Orthotomus sutorius,XC834668-Orthotomus-sutorius-longicauda-T7238-24dB-HP-800Hz-24dB-LP-7.5kHz.wav,79,197.5,202.5,5,224.514,32000,dataset\segments\Orthotomus_sutorius\XC834668-Orthotomus-sutorius-longicauda-T7238-24dB-HP-800Hz-24dB-LP-7.5kHz_segment_0079.wav,train
XC834668-Orthotomus-sutorius-longicauda-T7238-24dB-HP-800Hz-24dB-LP-7.5kHz_segment_0080.wav,XC834668-Orthotomus-sutorius-longicauda-T7238-24dB-HP-800Hz-24dB-LP-7.5kHz,Common Tailorbird,Orthotomus sutorius,XC834668-Orthotomus-sutorius-longicauda-T7238-24dB-HP-800Hz-24dB-LP-7.5kHz.wav,80,200.0,205.0,5,224.514,32000,dataset\segments\Orthotomus_sutorius\XC834668-Orthotomus-sutorius-longicauda-T7238-24dB-HP-800Hz-24dB-LP-7.5kHz_segment_0080.wav,train
XC834668-Orthotomus-sutorius-longicauda-T7238-24dB-HP-800Hz-24dB-LP-7.5kHz_segment_0081.wav,XC834668-Orthotomus-sutorius-longicauda-T7238-24dB-HP-800Hz-24dB-LP-7.5kHz,Common Tailorbird,Orthotomus sutorius,XC834668-Orthotomus-sutorius-longicauda-T7238-24dB-HP-800Hz-24dB-LP-7.5kHz.wav,81,202.5,207.5,5,224.514,32000,dataset\segments\Orthotomus_sutorius\XC834668-Orthotomus-sutorius-longicauda-T7238-24dB-HP-800Hz-24dB-LP-7.5kHz_segment_0081.wav,train
XC834668-Orthotomus-sutorius-longicauda-T7238-24dB-HP-800Hz-24dB-LP-7.5kHz_segment_0082.wav,XC834668-Orthotomus-sutorius-longicauda-T7238-24dB-HP-800Hz-24dB-LP-7.5kHz,Common Tailorbird,Orthotomus sutorius,XC834668-Orthotomus-sutorius-longicauda-T7238-24dB-HP-800Hz-24dB-LP-7.5kHz.wav,82,205.0,210.0,5,224.514,32000,dataset\segments\Orthotomus_sutorius\XC834668-Orthotomus-sutorius-longicauda-T7238-24dB-HP-800Hz-24dB-LP-7.5kHz_segment_0082.wav,train
XC834668-Orthotomus-sutorius-longicauda-T7238-24dB-HP-800Hz-24dB-LP-7.5kHz_segment_0083.wav,XC834668-Orthotomus-sutorius-longicauda-T7238-24dB-HP-800Hz-24dB-LP-7.5kHz,Common Tailorbird,Orthotomus sutorius,XC834668-Orthotomus-sutorius-longicauda-T7238-24dB-HP-800Hz-24dB-LP-7.5kHz.wav,83,207.5,212.5,5,224.514,32000,dataset\segments\Orthotomus_sutorius\XC834668-Orthotomus-sutorius-longicauda-T7238-24dB-HP-800Hz-24dB-LP-7.5kHz_segment_0083.wav,train
XC834668-Orthotomus-sutorius-longicauda-T7238-24dB-HP-800Hz-24dB-LP-7.5kHz_segment_0084.wav,XC834668-Orthotomus-sutorius-longicauda-T7238-24dB-HP-800Hz-24dB-LP-7.5kHz,Common Tailorbird,Orthotomus sutorius,XC834668-Orthotomus-sutorius-longicauda-T7238-24dB-HP-800Hz-24dB-LP-7.5kHz.wav,84,210.0,215.0,5,224.514,32000,dataset\segments\Orthotomus_sutorius\XC834668-Orthotomus-sutorius-longicauda-T7238-24dB-HP-800Hz-24dB-LP-7.5kHz_segment_0084.wav,train
XC834668-Orthotomus-sutorius-longicauda-T7238-24dB-HP-800Hz-24dB-LP-7.5kHz_segment_0085.wav,XC834668-Orthotomus-sutorius-longicauda-T7238-24dB-HP-800Hz-24dB-LP-7.5kHz,Common Tailorbird,Orthotomus sutorius,XC834668-Orthotomus-sutorius-longicauda-T7238-24dB-HP-800Hz-24dB-LP-7.5kHz.wav,85,212.5,217.5,5,224.514,32000,dataset\segments\Orthotomus_sutorius\XC834668-Orthotomus-sutorius-longicauda-T7238-24dB-HP-800Hz-24dB-LP-7.5kHz_segment_0085.wav,train
XC834668-Orthotomus-sutorius-longicauda-T7238-24dB-HP-800Hz-24dB-LP-7.5kHz_segment_0086.wav,XC834668-Orthotomus-sutorius-longicauda-T7238-24dB-HP-800Hz-24dB-LP-7.5kHz,Common Tailorbird,Orthotomus sutorius,XC834668-Orthotomus-sutorius-longicauda-T7238-24dB-HP-800Hz-24dB-LP-7.5kHz.wav,86,215.0,220.0,5,224.514,32000,dataset\segments\Orthotomus_sutorius\XC834668-Orthotomus-sutorius-longicauda-T7238-24dB-HP-800Hz-24dB-LP-7.5kHz_segment_0086.wav,train
XC834668-Orthotomus-sutorius-longicauda-T7238-24dB-HP-800Hz-24dB-LP-7.5kHz_segment_0087.wav,XC834668-Orthotomus-sutorius-longicauda-T7238-24dB-HP-800Hz-24dB-LP-7.5kHz,Common Tailorbird,Orthotomus sutorius,XC834668-Orthotomus-sutorius-longicauda-T7238-24dB-HP-800Hz-24dB-LP-7.5kHz.wav,87,217.5,222.5,5,224.514,32000,dataset\segments\Orthotomus_sutorius\XC834668-Orthotomus-sutorius-longicauda-T7238-24dB-HP-800Hz-24dB-LP-7.5kHz_segment_0087.wav,train
XC834669-Orthotomus-sutorius-longicauda-T7239-norm-8dB-NR-24dB-HP-800Hz-24dB-LP-7kHz_segment_0000.wav,XC834669-Orthotomus-sutorius-longicauda-T7239-norm-8dB-NR-24dB-HP-800Hz-24dB-LP-7kHz,Common Tailorbird,Orthotomus sutorius,XC834669-Orthotomus-sutorius-longicauda-T7239-norm-8dB-NR-24dB-HP-800Hz-24dB-LP-7kHz.wav,0,0.0,5.0,5,161.447,32000,dataset\segments\Orthotomus_sutorius\XC834669-Orthotomus-sutorius-longicauda-T7239-norm-8dB-NR-24dB-HP-800Hz-24dB-LP-7kHz_segment_0000.wav,train
XC834669-Orthotomus-sutorius-longicauda-T7239-norm-8dB-NR-24dB-HP-800Hz-24dB-LP-7kHz_segment_0001.wav,XC834669-Orthotomus-sutorius-longicauda-T7239-norm-8dB-NR-24dB-HP-800Hz-24dB-LP-7kHz,Common Tailorbird,Orthotomus sutorius,XC834669-Orthotomus-sutorius-longicauda-T7239-norm-8dB-NR-24dB-HP-800Hz-24dB-LP-7kHz.wav,1,2.5,7.5,5,161.447,32000,dataset\segments\Orthotomus_sutorius\XC834669-Orthotomus-sutorius-longicauda-T7239-norm-8dB-NR-24dB-HP-800Hz-24dB-LP-7kHz_segment_0001.wav,train
XC834669-Orthotomus-sutorius-longicauda-T7239-norm-8dB-NR-24dB-HP-800Hz-24dB-LP-7kHz_segment_0002.wav,XC834669-Orthotomus-sutorius-longicauda-T7239-norm-8dB-NR-24dB-HP-800Hz-24dB-LP-7kHz,Common Tailorbird,Orthotomus sutorius,XC834669-Orthotomus-sutorius-longicauda-T7239-norm-8dB-NR-24dB-HP-800Hz-24dB-LP-7kHz.wav,2,5.0,10.0,5,161.447,32000,dataset\segments\Orthotomus_sutorius\XC834669-Orthotomus-sutorius-longicauda-T7239-norm-8dB-NR-24dB-HP-800Hz-24dB-LP-7kHz_segment_0002.wav,train
XC834669-Orthotomus-sutorius-longicauda-T7239-norm-8dB-NR-24dB-HP-800Hz-24dB-LP-7kHz_segment_0003.wav,XC834669-Orthotomus-sutorius-longicauda-T7239-norm-8dB-NR-24dB-HP-800Hz-24dB-LP-7kHz,Common Tailorbird,Orthotomus sutorius,XC834669-Orthotomus-sutorius-longicauda-T7239-norm-8dB-NR-24dB-HP-800Hz-24dB-LP-7kHz.wav,3,7.5,12.5,5,161.447,32000,dataset\segments\Orthotomus_sutorius\XC834669-Orthotomus-sutorius-longicauda-T7239-norm-8dB-NR-24dB-HP-800Hz-24dB-LP-7kHz_segment_0003.wav,train
XC834669-Orthotomus-sutorius-longicauda-T7239-norm-8dB-NR-24dB-HP-800Hz-24dB-LP-7kHz_segment_0004.wav,XC834669-Orthotomus-sutorius-longicauda-T7239-norm-8dB-NR-24dB-HP-800Hz-24dB-LP-7kHz,Common Tailorbird,Orthotomus sutorius,XC834669-Orthotomus-sutorius-longicauda-T7239-norm-8dB-NR-24dB-HP-800Hz-24dB-LP-7kHz.wav,4,10.0,15.0,5,161.447,32000,dataset\segments\Orthotomus_sutorius\XC834669-Orthotomus-sutorius-longicauda-T7239-norm-8dB-NR-24dB-HP-800Hz-24dB-LP-7kHz_segment_0004.wav,train
XC834669-Orthotomus-sutorius-longicauda-T7239-norm-8dB-NR-24dB-HP-800Hz-24dB-LP-7kHz_segment_0005.wav,XC834669-Orthotomus-sutorius-longicauda-T7239-norm-8dB-NR-24dB-HP-800Hz-24dB-LP-7kHz,Common Tailorbird,Orthotomus sutorius,XC834669-Orthotomus-sutorius-longicauda-T7239-norm-8dB-NR-24dB-HP-800Hz-24dB-LP-7kHz.wav,5,12.5,17.5,5,161.447,32000,dataset\segments\Orthotomus_sutorius\XC834669-Orthotomus-sutorius-longicauda-T7239-norm-8dB-NR-24dB-HP-800Hz-24dB-LP-7kHz_segment_0005.wav,train
XC834669-Orthotomus-sutorius-longicauda-T7239-norm-8dB-NR-24dB-HP-800Hz-24dB-LP-7kHz_segment_0006.wav,XC834669-Orthotomus-sutorius-longicauda-T7239-norm-8dB-NR-24dB-HP-800Hz-24dB-LP-7kHz,Common Tailorbird,Orthotomus sutorius,XC834669-Orthotomus-sutorius-longicauda-T7239-norm-8dB-NR-24dB-HP-800Hz-24dB-LP-7kHz.wav,6,15.0,20.0,5,161.447,32000,dataset\segments\Orthotomus_sutorius\XC834669-Orthotomus-sutorius-longicauda-T7239-norm-8dB-NR-24dB-HP-800Hz-24dB-LP-7kHz_segment_0006.wav,train
XC834669-Orthotomus-sutorius-longicauda-T7239-norm-8dB-NR-24dB-HP-800Hz-24dB-LP-7kHz_segment_0007.wav,XC834669-Orthotomus-sutorius-longicauda-T7239-norm-8dB-NR-24dB-HP-800Hz-24dB-LP-7kHz,Common Tailorbird,Orthotomus sutorius,XC834669-Orthotomus-sutorius-longicauda-T7239-norm-8dB-NR-24dB-HP-800Hz-24dB-LP-7kHz.wav,7,17.5,22.5,5,161.447,32000,dataset\segments\Orthotomus_sutorius\XC834669-Orthotomus-sutorius-longicauda-T7239-norm-8dB-NR-24dB-HP-800Hz-24dB-LP-7kHz_segment_0007.wav,train
XC834669-Orthotomus-sutorius-longicauda-T7239-norm-8dB-NR-24dB-HP-800Hz-24dB-LP-7kHz_segment_0008.wav,XC834669-Orthotomus-sutorius-longicauda-T7239-norm-8dB-NR-24dB-HP-800Hz-24dB-LP-7kHz,Common Tailorbird,Orthotomus sutorius,XC834669-Orthotomus-sutorius-longicauda-T7239-norm-8dB-NR-24dB-HP-800Hz-24dB-LP-7kHz.wav,8,20.0,25.0,5,161.447,32000,dataset\segments\Orthotomus_sutorius\XC834669-Orthotomus-sutorius-longicauda-T7239-norm-8dB-NR-24dB-HP-800Hz-24dB-LP-7kHz_segment_0008.wav,train
XC834669-Orthotomus-sutorius-longicauda-T7239-norm-8dB-NR-24dB-HP-800Hz-24dB-LP-7kHz_segment_0009.wav,XC834669-Orthotomus-sutorius-longicauda-T7239-norm-8dB-NR-24dB-HP-800Hz-24dB-LP-7kHz,Common Tailorbird,Orthotomus sutorius,XC834669-Orthotomus-sutorius-longicauda-T7239-norm-8dB-NR-24dB-HP-800Hz-24dB-LP-7kHz.wav,9,22.5,27.5,5,161.447,32000,dataset\segments\Orthotomus_sutorius\XC834669-Orthotomus-sutorius-longicauda-T7239-norm-8dB-NR-24dB-HP-800Hz-24dB-LP-7kHz_segment_0009.wav,train
XC834669-Orthotomus-sutorius-longicauda-T7239-norm-8dB-NR-24dB-HP-800Hz-24dB-LP-7kHz_segment_0010.wav,XC834669-Orthotomus-sutorius-longicauda-T7239-norm-8dB-NR-24dB-HP-800Hz-24dB-LP-7kHz,Common Tailorbird,Orthotomus sutorius,XC834669-Orthotomus-sutorius-longicauda-T7239-norm-8dB-NR-24dB-HP-800Hz-24dB-LP-7kHz.wav,10,25.0,30.0,5,161.447,32000,dataset\segments\Orthotomus_sutorius\XC834669-Orthotomus-sutorius-longicauda-T7239-norm-8dB-NR-24dB-HP-800Hz-24dB-LP-7kHz_segment_0010.wav,train
XC834669-Orthotomus-sutorius-longicauda-T7239-norm-8dB-NR-24dB-HP-800Hz-24dB-LP-7kHz_segment_0011.wav,XC834669-Orthotomus-sutorius-longicauda-T7239-norm-8dB-NR-24dB-HP-800Hz-24dB-LP-7kHz,Common Tailorbird,Orthotomus sutorius,XC834669-Orthotomus-sutorius-longicauda-T7239-norm-8dB-NR-24dB-HP-800Hz-24dB-LP-7kHz.wav,11,27.5,32.5,5,161.447,32000,dataset\segments\Orthotomus_sutorius\XC834669-Orthotomus-sutorius-longicauda-T7239-norm-8dB-NR-24dB-HP-800Hz-24dB-LP-7kHz_segment_0011.wav,train
XC834669-Orthotomus-sutorius-longicauda-T7239-norm-8dB-NR-24dB-HP-800Hz-24dB-LP-7kHz_segment_0012.wav,XC834669-Orthotomus-sutorius-longicauda-T7239-norm-8dB-NR-24dB-HP-800Hz-24dB-LP-7kHz,Common Tailorbird,Orthotomus sutorius,XC834669-Orthotomus-sutorius-longicauda-T7239-norm-8dB-NR-24dB-HP-800Hz-24dB-LP-7kHz.wav,12,30.0,35.0,5,161.447,32000,dataset\segments\Orthotomus_sutorius\XC834669-Orthotomus-sutorius-longicauda-T7239-norm-8dB-NR-24dB-HP-800Hz-24dB-LP-7kHz_segment_0012.wav,train
XC834669-Orthotomus-sutorius-longicauda-T7239-norm-8dB-NR-24dB-HP-800Hz-24dB-LP-7kHz_segment_0013.wav,XC834669-Orthotomus-sutorius-longicauda-T7239-norm-8dB-NR-24dB-HP-800Hz-24dB-LP-7kHz,Common Tailorbird,Orthotomus sutorius,XC834669-Orthotomus-sutorius-longicauda-T7239-norm-8dB-NR-24dB-HP-800Hz-24dB-LP-7kHz.wav,13,32.5,37.5,5,161.447,32000,dataset\segments\Orthotomus_sutorius\XC834669-Orthotomus-sutorius-longicauda-T7239-norm-8dB-NR-24dB-HP-800Hz-24dB-LP-7kHz_segment_0013.wav,train
XC834669-Orthotomus-sutorius-longicauda-T7239-norm-8dB-NR-24dB-HP-800Hz-24dB-LP-7kHz_segment_0014.wav,XC834669-Orthotomus-sutorius-longicauda-T7239-norm-8dB-NR-24dB-HP-800Hz-24dB-LP-7kHz,Common Tailorbird,Orthotomus sutorius,XC834669-Orthotomus-sutorius-longicauda-T7239-norm-8dB-NR-24dB-HP-800Hz-24dB-LP-7kHz.wav,14,35.0,40.0,5,161.447,32000,dataset\segments\Orthotomus_sutorius\XC834669-Orthotomus-sutorius-longicauda-T7239-norm-8dB-NR-24dB-HP-800Hz-24dB-LP-7kHz_segment_0014.wav,train
XC834669-Orthotomus-sutorius-longicauda-T7239-norm-8dB-NR-24dB-HP-800Hz-24dB-LP-7kHz_segment_0015.wav,XC834669-Orthotomus-sutorius-longicauda-T7239-norm-8dB-NR-24dB-HP-800Hz-24dB-LP-7kHz,Common Tailorbird,Orthotomus sutorius,XC834669-Orthotomus-sutorius-longicauda-T7239-norm-8dB-NR-24dB-HP-800Hz-24dB-LP-7kHz.wav,15,37.5,42.5,5,161.447,32000,dataset\segments\Orthotomus_sutorius\XC834669-Orthotomus-sutorius-longicauda-T7239-norm-8dB-NR-24dB-HP-800Hz-24dB-LP-7kHz_segment_0015.wav,train
XC834669-Orthotomus-sutorius-longicauda-T7239-norm-8dB-NR-24dB-HP-800Hz-24dB-LP-7kHz_segment_0016.wav,XC834669-Orthotomus-sutorius-longicauda-T7239-norm-8dB-NR-24dB-HP-800Hz-24dB-LP-7kHz,Common Tailorbird,Orthotomus sutorius,XC834669-Orthotomus-sutorius-longicauda-T7239-norm-8dB-NR-24dB-HP-800Hz-24dB-LP-7kHz.wav,16,40.0,45.0,5,161.447,32000,dataset\segments\Orthotomus_sutorius\XC834669-Orthotomus-sutorius-longicauda-T7239-norm-8dB-NR-24dB-HP-800Hz-24dB-LP-7kHz_segment_0016.wav,train
XC834669-Orthotomus-sutorius-longicauda-T7239-norm-8dB-NR-24dB-HP-800Hz-24dB-LP-7kHz_segment_0017.wav,XC834669-Orthotomus-sutorius-longicauda-T7239-norm-8dB-NR-24dB-HP-800Hz-24dB-LP-7kHz,Common Tailorbird,Orthotomus sutorius,XC834669-Orthotomus-sutorius-longicauda-T7239-norm-8dB-NR-24dB-HP-800Hz-24dB-LP-7kHz.wav,17,42.5,47.5,5,161.447,32000,dataset\segments\Orthotomus_sutorius\XC834669-Orthotomus-sutorius-longicauda-T7239-norm-8dB-NR-24dB-HP-800Hz-24dB-LP-7kHz_segment_0017.wav,train
XC834669-Orthotomus-sutorius-longicauda-T7239-norm-8dB-NR-24dB-HP-800Hz-24dB-LP-7kHz_segment_0018.wav,XC834669-Orthotomus-sutorius-longicauda-T7239-norm-8dB-NR-24dB-HP-800Hz-24dB-LP-7kHz,Common Tailorbird,Orthotomus sutorius,XC834669-Orthotomus-sutorius-longicauda-T7239-norm-8dB-NR-24dB-HP-800Hz-24dB-LP-7kHz.wav,18,45.0,50.0,5,161.447,32000,dataset\segments\Orthotomus_sutorius\XC834669-Orthotomus-sutorius-longicauda-T7239-norm-8dB-NR-24dB-HP-800Hz-24dB-LP-7kHz_segment_0018.wav,train
XC834669-Orthotomus-sutorius-longicauda-T7239-norm-8dB-NR-24dB-HP-800Hz-24dB-LP-7kHz_segment_0019.wav,XC834669-Orthotomus-sutorius-longicauda-T7239-norm-8dB-NR-24dB-HP-800Hz-24dB-LP-7kHz,Common Tailorbird,Orthotomus sutorius,XC834669-Orthotomus-sutorius-longicauda-T7239-norm-8dB-NR-24dB-HP-800Hz-24dB-LP-7kHz.wav,19,47.5,52.5,5,161.447,32000,dataset\segments\Orthotomus_sutorius\XC834669-Orthotomus-sutorius-longicauda-T7239-norm-8dB-NR-24dB-HP-800Hz-24dB-LP-7kHz_segment_0019.wav,train
XC834669-Orthotomus-sutorius-longicauda-T7239-norm-8dB-NR-24dB-HP-800Hz-24dB-LP-7kHz_segment_0020.wav,XC834669-Orthotomus-sutorius-longicauda-T7239-norm-8dB-NR-24dB-HP-800Hz-24dB-LP-7kHz,Common Tailorbird,Orthotomus sutorius,XC834669-Orthotomus-sutorius-longicauda-T7239-norm-8dB-NR-24dB-HP-800Hz-24dB-LP-7kHz.wav,20,50.0,55.0,5,161.447,32000,dataset\segments\Orthotomus_sutorius\XC834669-Orthotomus-sutorius-longicauda-T7239-norm-8dB-NR-24dB-HP-800Hz-24dB-LP-7kHz_segment_0020.wav,train
XC834669-Orthotomus-sutorius-longicauda-T7239-norm-8dB-NR-24dB-HP-800Hz-24dB-LP-7kHz_segment_0021.wav,XC834669-Orthotomus-sutorius-longicauda-T7239-norm-8dB-NR-24dB-HP-800Hz-24dB-LP-7kHz,Common Tailorbird,Orthotomus sutorius,XC834669-Orthotomus-sutorius-longicauda-T7239-norm-8dB-NR-24dB-HP-800Hz-24dB-LP-7kHz.wav,21,52.5,57.5,5,161.447,32000,dataset\segments\Orthotomus_sutorius\XC834669-Orthotomus-sutorius-longicauda-T7239-norm-8dB-NR-24dB-HP-800Hz-24dB-LP-7kHz_segment_0021.wav,train
XC834669-Orthotomus-sutorius-longicauda-T7239-norm-8dB-NR-24dB-HP-800Hz-24dB-LP-7kHz_segment_0022.wav,XC834669-Orthotomus-sutorius-longicauda-T7239-norm-8dB-NR-24dB-HP-800Hz-24dB-LP-7kHz,Common Tailorbird,Orthotomus sutorius,XC834669-Orthotomus-sutorius-longicauda-T7239-norm-8dB-NR-24dB-HP-800Hz-24dB-LP-7kHz.wav,22,55.0,60.0,5,161.447,32000,dataset\segments\Orthotomus_sutorius\XC834669-Orthotomus-sutorius-longicauda-T7239-norm-8dB-NR-24dB-HP-800Hz-24dB-LP-7kHz_segment_0022.wav,train
XC834669-Orthotomus-sutorius-longicauda-T7239-norm-8dB-NR-24dB-HP-800Hz-24dB-LP-7kHz_segment_0023.wav,XC834669-Orthotomus-sutorius-longicauda-T7239-norm-8dB-NR-24dB-HP-800Hz-24dB-LP-7kHz,Common Tailorbird,Orthotomus sutorius,XC834669-Orthotomus-sutorius-longicauda-T7239-norm-8dB-NR-24dB-HP-800Hz-24dB-LP-7kHz.wav,23,57.5,62.5,5,161.447,32000,dataset\segments\Orthotomus_sutorius\XC834669-Orthotomus-sutorius-longicauda-T7239-norm-8dB-NR-24dB-HP-800Hz-24dB-LP-7kHz_segment_0023.wav,train
XC834669-Orthotomus-sutorius-longicauda-T7239-norm-8dB-NR-24dB-HP-800Hz-24dB-LP-7kHz_segment_0024.wav,XC834669-Orthotomus-sutorius-longicauda-T7239-norm-8dB-NR-24dB-HP-800Hz-24dB-LP-7kHz,Common Tailorbird,Orthotomus sutorius,XC834669-Orthotomus-sutorius-longicauda-T7239-norm-8dB-NR-24dB-HP-800Hz-24dB-LP-7kHz.wav,24,60.0,65.0,5,161.447,32000,dataset\segments\Orthotomus_sutorius\XC834669-Orthotomus-sutorius-longicauda-T7239-norm-8dB-NR-24dB-HP-800Hz-24dB-LP-7kHz_segment_0024.wav,train
XC834669-Orthotomus-sutorius-longicauda-T7239-norm-8dB-NR-24dB-HP-800Hz-24dB-LP-7kHz_segment_0025.wav,XC834669-Orthotomus-sutorius-longicauda-T7239-norm-8dB-NR-24dB-HP-800Hz-24dB-LP-7kHz,Common Tailorbird,Orthotomus sutorius,XC834669-Orthotomus-sutorius-longicauda-T7239-norm-8dB-NR-24dB-HP-800Hz-24dB-LP-7kHz.wav,25,62.5,67.5,5,161.447,32000,dataset\segments\Orthotomus_sutorius\XC834669-Orthotomus-sutorius-longicauda-T7239-norm-8dB-NR-24dB-HP-800Hz-24dB-LP-7kHz_segment_0025.wav,train
XC834669-Orthotomus-sutorius-longicauda-T7239-norm-8dB-NR-24dB-HP-800Hz-24dB-LP-7kHz_segment_0026.wav,XC834669-Orthotomus-sutorius-longicauda-T7239-norm-8dB-NR-24dB-HP-800Hz-24dB-LP-7kHz,Common Tailorbird,Orthotomus sutorius,XC834669-Orthotomus-sutorius-longicauda-T7239-norm-8dB-NR-24dB-HP-800Hz-24dB-LP-7kHz.wav,26,65.0,70.0,5,161.447,32000,dataset\segments\Orthotomus_sutorius\XC834669-Orthotomus-sutorius-longicauda-T7239-norm-8dB-NR-24dB-HP-800Hz-24dB-LP-7kHz_segment_0026.wav,train
XC834669-Orthotomus-sutorius-longicauda-T7239-norm-8dB-NR-24dB-HP-800Hz-24dB-LP-7kHz_segment_0027.wav,XC834669-Orthotomus-sutorius-longicauda-T7239-norm-8dB-NR-24dB-HP-800Hz-24dB-LP-7kHz,Common Tailorbird,Orthotomus sutorius,XC834669-Orthotomus-sutorius-longicauda-T7239-norm-8dB-NR-24dB-HP-800Hz-24dB-LP-7kHz.wav,27,67.5,72.5,5,161.447,32000,dataset\segments\Orthotomus_sutorius\XC834669-Orthotomus-sutorius-longicauda-T7239-norm-8dB-NR-24dB-HP-800Hz-24dB-LP-7kHz_segment_0027.wav,train
XC834669-Orthotomus-sutorius-longicauda-T7239-norm-8dB-NR-24dB-HP-800Hz-24dB-LP-7kHz_segment_0028.wav,XC834669-Orthotomus-sutorius-longicauda-T7239-norm-8dB-NR-24dB-HP-800Hz-24dB-LP-7kHz,Common Tailorbird,Orthotomus sutorius,XC834669-Orthotomus-sutorius-longicauda-T7239-norm-8dB-NR-24dB-HP-800Hz-24dB-LP-7kHz.wav,28,70.0,75.0,5,161.447,32000,dataset\segments\Orthotomus_sutorius\XC834669-Orthotomus-sutorius-longicauda-T7239-norm-8dB-NR-24dB-HP-800Hz-24dB-LP-7kHz_segment_0028.wav,train
XC834669-Orthotomus-sutorius-longicauda-T7239-norm-8dB-NR-24dB-HP-800Hz-24dB-LP-7kHz_segment_0029.wav,XC834669-Orthotomus-sutorius-longicauda-T7239-norm-8dB-NR-24dB-HP-800Hz-24dB-LP-7kHz,Common Tailorbird,Orthotomus sutorius,XC834669-Orthotomus-sutorius-longicauda-T7239-norm-8dB-NR-24dB-HP-800Hz-24dB-LP-7kHz.wav,29,72.5,77.5,5,161.447,32000,dataset\segments\Orthotomus_sutorius\XC834669-Orthotomus-sutorius-longicauda-T7239-norm-8dB-NR-24dB-HP-800Hz-24dB-LP-7kHz_segment_0029.wav,train
XC834669-Orthotomus-sutorius-longicauda-T7239-norm-8dB-NR-24dB-HP-800Hz-24dB-LP-7kHz_segment_0030.wav,XC834669-Orthotomus-sutorius-longicauda-T7239-norm-8dB-NR-24dB-HP-800Hz-24dB-LP-7kHz,Common Tailorbird,Orthotomus sutorius,XC834669-Orthotomus-sutorius-longicauda-T7239-norm-8dB-NR-24dB-HP-800Hz-24dB-LP-7kHz.wav,30,75.0,80.0,5,161.447,32000,dataset\segments\Orthotomus_sutorius\XC834669-Orthotomus-sutorius-longicauda-T7239-norm-8dB-NR-24dB-HP-800Hz-24dB-LP-7kHz_segment_0030.wav,train
XC834669-Orthotomus-sutorius-longicauda-T7239-norm-8dB-NR-24dB-HP-800Hz-24dB-LP-7kHz_segment_0031.wav,XC834669-Orthotomus-sutorius-longicauda-T7239-norm-8dB-NR-24dB-HP-800Hz-24dB-LP-7kHz,Common Tailorbird,Orthotomus sutorius,XC834669-Orthotomus-sutorius-longicauda-T7239-norm-8dB-NR-24dB-HP-800Hz-24dB-LP-7kHz.wav,31,77.5,82.5,5,161.447,32000,dataset\segments\Orthotomus_sutorius\XC834669-Orthotomus-sutorius-longicauda-T7239-norm-8dB-NR-24dB-HP-800Hz-24dB-LP-7kHz_segment_0031.wav,train
XC834669-Orthotomus-sutorius-longicauda-T7239-norm-8dB-NR-24dB-HP-800Hz-24dB-LP-7kHz_segment_0032.wav,XC834669-Orthotomus-sutorius-longicauda-T7239-norm-8dB-NR-24dB-HP-800Hz-24dB-LP-7kHz,Common Tailorbird,Orthotomus sutorius,XC834669-Orthotomus-sutorius-longicauda-T7239-norm-8dB-NR-24dB-HP-800Hz-24dB-LP-7kHz.wav,32,80.0,85.0,5,161.447,32000,dataset\segments\Orthotomus_sutorius\XC834669-Orthotomus-sutorius-longicauda-T7239-norm-8dB-NR-24dB-HP-800Hz-24dB-LP-7kHz_segment_0032.wav,train
XC834669-Orthotomus-sutorius-longicauda-T7239-norm-8dB-NR-24dB-HP-800Hz-24dB-LP-7kHz_segment_0033.wav,XC834669-Orthotomus-sutorius-longicauda-T7239-norm-8dB-NR-24dB-HP-800Hz-24dB-LP-7kHz,Common Tailorbird,Orthotomus sutorius,XC834669-Orthotomus-sutorius-longicauda-T7239-norm-8dB-NR-24dB-HP-800Hz-24dB-LP-7kHz.wav,33,82.5,87.5,5,161.447,32000,dataset\segments\Orthotomus_sutorius\XC834669-Orthotomus-sutorius-longicauda-T7239-norm-8dB-NR-24dB-HP-800Hz-24dB-LP-7kHz_segment_0033.wav,train
XC834669-Orthotomus-sutorius-longicauda-T7239-norm-8dB-NR-24dB-HP-800Hz-24dB-LP-7kHz_segment_0034.wav,XC834669-Orthotomus-sutorius-longicauda-T7239-norm-8dB-NR-24dB-HP-800Hz-24dB-LP-7kHz,Common Tailorbird,Orthotomus sutorius,XC834669-Orthotomus-sutorius-longicauda-T7239-norm-8dB-NR-24dB-HP-800Hz-24dB-LP-7kHz.wav,34,85.0,90.0,5,161.447,32000,dataset\segments\Orthotomus_sutorius\XC834669-Orthotomus-sutorius-longicauda-T7239-norm-8dB-NR-24dB-HP-800Hz-24dB-LP-7kHz_segment_0034.wav,train
XC834669-Orthotomus-sutorius-longicauda-T7239-norm-8dB-NR-24dB-HP-800Hz-24dB-LP-7kHz_segment_0035.wav,XC834669-Orthotomus-sutorius-longicauda-T7239-norm-8dB-NR-24dB-HP-800Hz-24dB-LP-7kHz,Common Tailorbird,Orthotomus sutorius,XC834669-Orthotomus-sutorius-longicauda-T7239-norm-8dB-NR-24dB-HP-800Hz-24dB-LP-7kHz.wav,35,87.5,92.5,5,161.447,32000,dataset\segments\Orthotomus_sutorius\XC834669-Orthotomus-sutorius-longicauda-T7239-norm-8dB-NR-24dB-HP-800Hz-24dB-LP-7kHz_segment_0035.wav,train
XC834669-Orthotomus-sutorius-longicauda-T7239-norm-8dB-NR-24dB-HP-800Hz-24dB-LP-7kHz_segment_0036.wav,XC834669-Orthotomus-sutorius-longicauda-T7239-norm-8dB-NR-24dB-HP-800Hz-24dB-LP-7kHz,Common Tailorbird,Orthotomus sutorius,XC834669-Orthotomus-sutorius-longicauda-T7239-norm-8dB-NR-24dB-HP-800Hz-24dB-LP-7kHz.wav,36,90.0,95.0,5,161.447,32000,dataset\segments\Orthotomus_sutorius\XC834669-Orthotomus-sutorius-longicauda-T7239-norm-8dB-NR-24dB-HP-800Hz-24dB-LP-7kHz_segment_0036.wav,train
XC834669-Orthotomus-sutorius-longicauda-T7239-norm-8dB-NR-24dB-HP-800Hz-24dB-LP-7kHz_segment_0037.wav,XC834669-Orthotomus-sutorius-longicauda-T7239-norm-8dB-NR-24dB-HP-800Hz-24dB-LP-7kHz,Common Tailorbird,Orthotomus sutorius,XC834669-Orthotomus-sutorius-longicauda-T7239-norm-8dB-NR-24dB-HP-800Hz-24dB-LP-7kHz.wav,37,92.5,97.5,5,161.447,32000,dataset\segments\Orthotomus_sutorius\XC834669-Orthotomus-sutorius-longicauda-T7239-norm-8dB-NR-24dB-HP-800Hz-24dB-LP-7kHz_segment_0037.wav,train
XC834669-Orthotomus-sutorius-longicauda-T7239-norm-8dB-NR-24dB-HP-800Hz-24dB-LP-7kHz_segment_0038.wav,XC834669-Orthotomus-sutorius-longicauda-T7239-norm-8dB-NR-24dB-HP-800Hz-24dB-LP-7kHz,Common Tailorbird,Orthotomus sutorius,XC834669-Orthotomus-sutorius-longicauda-T7239-norm-8dB-NR-24dB-HP-800Hz-24dB-LP-7kHz.wav,38,95.0,100.0,5,161.447,32000,dataset\segments\Orthotomus_sutorius\XC834669-Orthotomus-sutorius-longicauda-T7239-norm-8dB-NR-24dB-HP-800Hz-24dB-LP-7kHz_segment_0038.wav,train
XC834669-Orthotomus-sutorius-longicauda-T7239-norm-8dB-NR-24dB-HP-800Hz-24dB-LP-7kHz_segment_0039.wav,XC834669-Orthotomus-sutorius-longicauda-T7239-norm-8dB-NR-24dB-HP-800Hz-24dB-LP-7kHz,Common Tailorbird,Orthotomus sutorius,XC834669-Orthotomus-sutorius-longicauda-T7239-norm-8dB-NR-24dB-HP-800Hz-24dB-LP-7kHz.wav,39,97.5,102.5,5,161.447,32000,dataset\segments\Orthotomus_sutorius\XC834669-Orthotomus-sutorius-longicauda-T7239-norm-8dB-NR-24dB-HP-800Hz-24dB-LP-7kHz_segment_0039.wav,train
XC834669-Orthotomus-sutorius-longicauda-T7239-norm-8dB-NR-24dB-HP-800Hz-24dB-LP-7kHz_segment_0040.wav,XC834669-Orthotomus-sutorius-longicauda-T7239-norm-8dB-NR-24dB-HP-800Hz-24dB-LP-7kHz,Common Tailorbird,Orthotomus sutorius,XC834669-Orthotomus-sutorius-longicauda-T7239-norm-8dB-NR-24dB-HP-800Hz-24dB-LP-7kHz.wav,40,100.0,105.0,5,161.447,32000,dataset\segments\Orthotomus_sutorius\XC834669-Orthotomus-sutorius-longicauda-T7239-norm-8dB-NR-24dB-HP-800Hz-24dB-LP-7kHz_segment_0040.wav,train
XC834669-Orthotomus-sutorius-longicauda-T7239-norm-8dB-NR-24dB-HP-800Hz-24dB-LP-7kHz_segment_0041.wav,XC834669-Orthotomus-sutorius-longicauda-T7239-norm-8dB-NR-24dB-HP-800Hz-24dB-LP-7kHz,Common Tailorbird,Orthotomus sutorius,XC834669-Orthotomus-sutorius-longicauda-T7239-norm-8dB-NR-24dB-HP-800Hz-24dB-LP-7kHz.wav,41,102.5,107.5,5,161.447,32000,dataset\segments\Orthotomus_sutorius\XC834669-Orthotomus-sutorius-longicauda-T7239-norm-8dB-NR-24dB-HP-800Hz-24dB-LP-7kHz_segment_0041.wav,train
XC834669-Orthotomus-sutorius-longicauda-T7239-norm-8dB-NR-24dB-HP-800Hz-24dB-LP-7kHz_segment_0042.wav,XC834669-Orthotomus-sutorius-longicauda-T7239-norm-8dB-NR-24dB-HP-800Hz-24dB-LP-7kHz,Common Tailorbird,Orthotomus sutorius,XC834669-Orthotomus-sutorius-longicauda-T7239-norm-8dB-NR-24dB-HP-800Hz-24dB-LP-7kHz.wav,42,105.0,110.0,5,161.447,32000,dataset\segments\Orthotomus_sutorius\XC834669-Orthotomus-sutorius-longicauda-T7239-norm-8dB-NR-24dB-HP-800Hz-24dB-LP-7kHz_segment_0042.wav,train
XC834669-Orthotomus-sutorius-longicauda-T7239-norm-8dB-NR-24dB-HP-800Hz-24dB-LP-7kHz_segment_0043.wav,XC834669-Orthotomus-sutorius-longicauda-T7239-norm-8dB-NR-24dB-HP-800Hz-24dB-LP-7kHz,Common Tailorbird,Orthotomus sutorius,XC834669-Orthotomus-sutorius-longicauda-T7239-norm-8dB-NR-24dB-HP-800Hz-24dB-LP-7kHz.wav,43,107.5,112.5,5,161.447,32000,dataset\segments\Orthotomus_sutorius\XC834669-Orthotomus-sutorius-longicauda-T7239-norm-8dB-NR-24dB-HP-800Hz-24dB-LP-7kHz_segment_0043.wav,train
XC834669-Orthotomus-sutorius-longicauda-T7239-norm-8dB-NR-24dB-HP-800Hz-24dB-LP-7kHz_segment_0044.wav,XC834669-Orthotomus-sutorius-longicauda-T7239-norm-8dB-NR-24dB-HP-800Hz-24dB-LP-7kHz,Common Tailorbird,Orthotomus sutorius,XC834669-Orthotomus-sutorius-longicauda-T7239-norm-8dB-NR-24dB-HP-800Hz-24dB-LP-7kHz.wav,44,110.0,115.0,5,161.447,32000,dataset\segments\Orthotomus_sutorius\XC834669-Orthotomus-sutorius-longicauda-T7239-norm-8dB-NR-24dB-HP-800Hz-24dB-LP-7kHz_segment_0044.wav,train
XC834669-Orthotomus-sutorius-longicauda-T7239-norm-8dB-NR-24dB-HP-800Hz-24dB-LP-7kHz_segment_0045.wav,XC834669-Orthotomus-sutorius-longicauda-T7239-norm-8dB-NR-24dB-HP-800Hz-24dB-LP-7kHz,Common Tailorbird,Orthotomus sutorius,XC834669-Orthotomus-sutorius-longicauda-T7239-norm-8dB-NR-24dB-HP-800Hz-24dB-LP-7kHz.wav,45,112.5,117.5,5,161.447,32000,dataset\segments\Orthotomus_sutorius\XC834669-Orthotomus-sutorius-longicauda-T7239-norm-8dB-NR-24dB-HP-800Hz-24dB-LP-7kHz_segment_0045.wav,train
XC834669-Orthotomus-sutorius-longicauda-T7239-norm-8dB-NR-24dB-HP-800Hz-24dB-LP-7kHz_segment_0046.wav,XC834669-Orthotomus-sutorius-longicauda-T7239-norm-8dB-NR-24dB-HP-800Hz-24dB-LP-7kHz,Common Tailorbird,Orthotomus sutorius,XC834669-Orthotomus-sutorius-longicauda-T7239-norm-8dB-NR-24dB-HP-800Hz-24dB-LP-7kHz.wav,46,115.0,120.0,5,161.447,32000,dataset\segments\Orthotomus_sutorius\XC834669-Orthotomus-sutorius-longicauda-T7239-norm-8dB-NR-24dB-HP-800Hz-24dB-LP-7kHz_segment_0046.wav,train
XC834669-Orthotomus-sutorius-longicauda-T7239-norm-8dB-NR-24dB-HP-800Hz-24dB-LP-7kHz_segment_0047.wav,XC834669-Orthotomus-sutorius-longicauda-T7239-norm-8dB-NR-24dB-HP-800Hz-24dB-LP-7kHz,Common Tailorbird,Orthotomus sutorius,XC834669-Orthotomus-sutorius-longicauda-T7239-norm-8dB-NR-24dB-HP-800Hz-24dB-LP-7kHz.wav,47,117.5,122.5,5,161.447,32000,dataset\segments\Orthotomus_sutorius\XC834669-Orthotomus-sutorius-longicauda-T7239-norm-8dB-NR-24dB-HP-800Hz-24dB-LP-7kHz_segment_0047.wav,train
XC834669-Orthotomus-sutorius-longicauda-T7239-norm-8dB-NR-24dB-HP-800Hz-24dB-LP-7kHz_segment_0048.wav,XC834669-Orthotomus-sutorius-longicauda-T7239-norm-8dB-NR-24dB-HP-800Hz-24dB-LP-7kHz,Common Tailorbird,Orthotomus sutorius,XC834669-Orthotomus-sutorius-longicauda-T7239-norm-8dB-NR-24dB-HP-800Hz-24dB-LP-7kHz.wav,48,120.0,125.0,5,161.447,32000,dataset\segments\Orthotomus_sutorius\XC834669-Orthotomus-sutorius-longicauda-T7239-norm-8dB-NR-24dB-HP-800Hz-24dB-LP-7kHz_segment_0048.wav,train
XC834669-Orthotomus-sutorius-longicauda-T7239-norm-8dB-NR-24dB-HP-800Hz-24dB-LP-7kHz_segment_0049.wav,XC834669-Orthotomus-sutorius-longicauda-T7239-norm-8dB-NR-24dB-HP-800Hz-24dB-LP-7kHz,Common Tailorbird,Orthotomus sutorius,XC834669-Orthotomus-sutorius-longicauda-T7239-norm-8dB-NR-24dB-HP-800Hz-24dB-LP-7kHz.wav,49,122.5,127.5,5,161.447,32000,dataset\segments\Orthotomus_sutorius\XC834669-Orthotomus-sutorius-longicauda-T7239-norm-8dB-NR-24dB-HP-800Hz-24dB-LP-7kHz_segment_0049.wav,train
XC834669-Orthotomus-sutorius-longicauda-T7239-norm-8dB-NR-24dB-HP-800Hz-24dB-LP-7kHz_segment_0050.wav,XC834669-Orthotomus-sutorius-longicauda-T7239-norm-8dB-NR-24dB-HP-800Hz-24dB-LP-7kHz,Common Tailorbird,Orthotomus sutorius,XC834669-Orthotomus-sutorius-longicauda-T7239-norm-8dB-NR-24dB-HP-800Hz-24dB-LP-7kHz.wav,50,125.0,130.0,5,161.447,32000,dataset\segments\Orthotomus_sutorius\XC834669-Orthotomus-sutorius-longicauda-T7239-norm-8dB-NR-24dB-HP-800Hz-24dB-LP-7kHz_segment_0050.wav,train
XC834669-Orthotomus-sutorius-longicauda-T7239-norm-8dB-NR-24dB-HP-800Hz-24dB-LP-7kHz_segment_0051.wav,XC834669-Orthotomus-sutorius-longicauda-T7239-norm-8dB-NR-24dB-HP-800Hz-24dB-LP-7kHz,Common Tailorbird,Orthotomus sutorius,XC834669-Orthotomus-sutorius-longicauda-T7239-norm-8dB-NR-24dB-HP-800Hz-24dB-LP-7kHz.wav,51,127.5,132.5,5,161.447,32000,dataset\segments\Orthotomus_sutorius\XC834669-Orthotomus-sutorius-longicauda-T7239-norm-8dB-NR-24dB-HP-800Hz-24dB-LP-7kHz_segment_0051.wav,train
XC834669-Orthotomus-sutorius-longicauda-T7239-norm-8dB-NR-24dB-HP-800Hz-24dB-LP-7kHz_segment_0052.wav,XC834669-Orthotomus-sutorius-longicauda-T7239-norm-8dB-NR-24dB-HP-800Hz-24dB-LP-7kHz,Common Tailorbird,Orthotomus sutorius,XC834669-Orthotomus-sutorius-longicauda-T7239-norm-8dB-NR-24dB-HP-800Hz-24dB-LP-7kHz.wav,52,130.0,135.0,5,161.447,32000,dataset\segments\Orthotomus_sutorius\XC834669-Orthotomus-sutorius-longicauda-T7239-norm-8dB-NR-24dB-HP-800Hz-24dB-LP-7kHz_segment_0052.wav,train
XC834669-Orthotomus-sutorius-longicauda-T7239-norm-8dB-NR-24dB-HP-800Hz-24dB-LP-7kHz_segment_0053.wav,XC834669-Orthotomus-sutorius-longicauda-T7239-norm-8dB-NR-24dB-HP-800Hz-24dB-LP-7kHz,Common Tailorbird,Orthotomus sutorius,XC834669-Orthotomus-sutorius-longicauda-T7239-norm-8dB-NR-24dB-HP-800Hz-24dB-LP-7kHz.wav,53,132.5,137.5,5,161.447,32000,dataset\segments\Orthotomus_sutorius\XC834669-Orthotomus-sutorius-longicauda-T7239-norm-8dB-NR-24dB-HP-800Hz-24dB-LP-7kHz_segment_0053.wav,train
XC834669-Orthotomus-sutorius-longicauda-T7239-norm-8dB-NR-24dB-HP-800Hz-24dB-LP-7kHz_segment_0054.wav,XC834669-Orthotomus-sutorius-longicauda-T7239-norm-8dB-NR-24dB-HP-800Hz-24dB-LP-7kHz,Common Tailorbird,Orthotomus sutorius,XC834669-Orthotomus-sutorius-longicauda-T7239-norm-8dB-NR-24dB-HP-800Hz-24dB-LP-7kHz.wav,54,135.0,140.0,5,161.447,32000,dataset\segments\Orthotomus_sutorius\XC834669-Orthotomus-sutorius-longicauda-T7239-norm-8dB-NR-24dB-HP-800Hz-24dB-LP-7kHz_segment_0054.wav,train
XC834669-Orthotomus-sutorius-longicauda-T7239-norm-8dB-NR-24dB-HP-800Hz-24dB-LP-7kHz_segment_0055.wav,XC834669-Orthotomus-sutorius-longicauda-T7239-norm-8dB-NR-24dB-HP-800Hz-24dB-LP-7kHz,Common Tailorbird,Orthotomus sutorius,XC834669-Orthotomus-sutorius-longicauda-T7239-norm-8dB-NR-24dB-HP-800Hz-24dB-LP-7kHz.wav,55,137.5,142.5,5,161.447,32000,dataset\segments\Orthotomus_sutorius\XC834669-Orthotomus-sutorius-longicauda-T7239-norm-8dB-NR-24dB-HP-800Hz-24dB-LP-7kHz_segment_0055.wav,train
XC834669-Orthotomus-sutorius-longicauda-T7239-norm-8dB-NR-24dB-HP-800Hz-24dB-LP-7kHz_segment_0056.wav,XC834669-Orthotomus-sutorius-longicauda-T7239-norm-8dB-NR-24dB-HP-800Hz-24dB-LP-7kHz,Common Tailorbird,Orthotomus sutorius,XC834669-Orthotomus-sutorius-longicauda-T7239-norm-8dB-NR-24dB-HP-800Hz-24dB-LP-7kHz.wav,56,140.0,145.0,5,161.447,32000,dataset\segments\Orthotomus_sutorius\XC834669-Orthotomus-sutorius-longicauda-T7239-norm-8dB-NR-24dB-HP-800Hz-24dB-LP-7kHz_segment_0056.wav,train
XC834669-Orthotomus-sutorius-longicauda-T7239-norm-8dB-NR-24dB-HP-800Hz-24dB-LP-7kHz_segment_0057.wav,XC834669-Orthotomus-sutorius-longicauda-T7239-norm-8dB-NR-24dB-HP-800Hz-24dB-LP-7kHz,Common Tailorbird,Orthotomus sutorius,XC834669-Orthotomus-sutorius-longicauda-T7239-norm-8dB-NR-24dB-HP-800Hz-24dB-LP-7kHz.wav,57,142.5,147.5,5,161.447,32000,dataset\segments\Orthotomus_sutorius\XC834669-Orthotomus-sutorius-longicauda-T7239-norm-8dB-NR-24dB-HP-800Hz-24dB-LP-7kHz_segment_0057.wav,train
XC834669-Orthotomus-sutorius-longicauda-T7239-norm-8dB-NR-24dB-HP-800Hz-24dB-LP-7kHz_segment_0058.wav,XC834669-Orthotomus-sutorius-longicauda-T7239-norm-8dB-NR-24dB-HP-800Hz-24dB-LP-7kHz,Common Tailorbird,Orthotomus sutorius,XC834669-Orthotomus-sutorius-longicauda-T7239-norm-8dB-NR-24dB-HP-800Hz-24dB-LP-7kHz.wav,58,145.0,150.0,5,161.447,32000,dataset\segments\Orthotomus_sutorius\XC834669-Orthotomus-sutorius-longicauda-T7239-norm-8dB-NR-24dB-HP-800Hz-24dB-LP-7kHz_segment_0058.wav,train
XC834669-Orthotomus-sutorius-longicauda-T7239-norm-8dB-NR-24dB-HP-800Hz-24dB-LP-7kHz_segment_0059.wav,XC834669-Orthotomus-sutorius-longicauda-T7239-norm-8dB-NR-24dB-HP-800Hz-24dB-LP-7kHz,Common Tailorbird,Orthotomus sutorius,XC834669-Orthotomus-sutorius-longicauda-T7239-norm-8dB-NR-24dB-HP-800Hz-24dB-LP-7kHz.wav,59,147.5,152.5,5,161.447,32000,dataset\segments\Orthotomus_sutorius\XC834669-Orthotomus-sutorius-longicauda-T7239-norm-8dB-NR-24dB-HP-800Hz-24dB-LP-7kHz_segment_0059.wav,train
XC834669-Orthotomus-sutorius-longicauda-T7239-norm-8dB-NR-24dB-HP-800Hz-24dB-LP-7kHz_segment_0060.wav,XC834669-Orthotomus-sutorius-longicauda-T7239-norm-8dB-NR-24dB-HP-800Hz-24dB-LP-7kHz,Common Tailorbird,Orthotomus sutorius,XC834669-Orthotomus-sutorius-longicauda-T7239-norm-8dB-NR-24dB-HP-800Hz-24dB-LP-7kHz.wav,60,150.0,155.0,5,161.447,32000,dataset\segments\Orthotomus_sutorius\XC834669-Orthotomus-sutorius-longicauda-T7239-norm-8dB-NR-24dB-HP-800Hz-24dB-LP-7kHz_segment_0060.wav,train
XC834669-Orthotomus-sutorius-longicauda-T7239-norm-8dB-NR-24dB-HP-800Hz-24dB-LP-7kHz_segment_0061.wav,XC834669-Orthotomus-sutorius-longicauda-T7239-norm-8dB-NR-24dB-HP-800Hz-24dB-LP-7kHz,Common Tailorbird,Orthotomus sutorius,XC834669-Orthotomus-sutorius-longicauda-T7239-norm-8dB-NR-24dB-HP-800Hz-24dB-LP-7kHz.wav,61,152.5,157.5,5,161.447,32000,dataset\segments\Orthotomus_sutorius\XC834669-Orthotomus-sutorius-longicauda-T7239-norm-8dB-NR-24dB-HP-800Hz-24dB-LP-7kHz_segment_0061.wav,train
XC834669-Orthotomus-sutorius-longicauda-T7239-norm-8dB-NR-24dB-HP-800Hz-24dB-LP-7kHz_segment_0062.wav,XC834669-Orthotomus-sutorius-longicauda-T7239-norm-8dB-NR-24dB-HP-800Hz-24dB-LP-7kHz,Common Tailorbird,Orthotomus sutorius,XC834669-Orthotomus-sutorius-longicauda-T7239-norm-8dB-NR-24dB-HP-800Hz-24dB-LP-7kHz.wav,62,155.0,160.0,5,161.447,32000,dataset\segments\Orthotomus_sutorius\XC834669-Orthotomus-sutorius-longicauda-T7239-norm-8dB-NR-24dB-HP-800Hz-24dB-LP-7kHz_segment_0062.wav,train
XC834670-Orthotomus-sutorius-longicauda-MP-215-norm-8dB-NR-24dB-HP-800Hz_segment_0000.wav,XC834670-Orthotomus-sutorius-longicauda-MP-215-norm-8dB-NR-24dB-HP-800Hz,Common Tailorbird,Orthotomus sutorius,XC834670-Orthotomus-sutorius-longicauda-MP-215-norm-8dB-NR-24dB-HP-800Hz.wav,0,0.0,5.0,5,59.163,32000,dataset\segments\Orthotomus_sutorius\XC834670-Orthotomus-sutorius-longicauda-MP-215-norm-8dB-NR-24dB-HP-800Hz_segment_0000.wav,train
XC834670-Orthotomus-sutorius-longicauda-MP-215-norm-8dB-NR-24dB-HP-800Hz_segment_0001.wav,XC834670-Orthotomus-sutorius-longicauda-MP-215-norm-8dB-NR-24dB-HP-800Hz,Common Tailorbird,Orthotomus sutorius,XC834670-Orthotomus-sutorius-longicauda-MP-215-norm-8dB-NR-24dB-HP-800Hz.wav,1,2.5,7.5,5,59.163,32000,dataset\segments\Orthotomus_sutorius\XC834670-Orthotomus-sutorius-longicauda-MP-215-norm-8dB-NR-24dB-HP-800Hz_segment_0001.wav,train
XC834670-Orthotomus-sutorius-longicauda-MP-215-norm-8dB-NR-24dB-HP-800Hz_segment_0002.wav,XC834670-Orthotomus-sutorius-longicauda-MP-215-norm-8dB-NR-24dB-HP-800Hz,Common Tailorbird,Orthotomus sutorius,XC834670-Orthotomus-sutorius-longicauda-MP-215-norm-8dB-NR-24dB-HP-800Hz.wav,2,5.0,10.0,5,59.163,32000,dataset\segments\Orthotomus_sutorius\XC834670-Orthotomus-sutorius-longicauda-MP-215-norm-8dB-NR-24dB-HP-800Hz_segment_0002.wav,train
XC834670-Orthotomus-sutorius-longicauda-MP-215-norm-8dB-NR-24dB-HP-800Hz_segment_0003.wav,XC834670-Orthotomus-sutorius-longicauda-MP-215-norm-8dB-NR-24dB-HP-800Hz,Common Tailorbird,Orthotomus sutorius,XC834670-Orthotomus-sutorius-longicauda-MP-215-norm-8dB-NR-24dB-HP-800Hz.wav,3,7.5,12.5,5,59.163,32000,dataset\segments\Orthotomus_sutorius\XC834670-Orthotomus-sutorius-longicauda-MP-215-norm-8dB-NR-24dB-HP-800Hz_segment_0003.wav,train
XC834670-Orthotomus-sutorius-longicauda-MP-215-norm-8dB-NR-24dB-HP-800Hz_segment_0004.wav,XC834670-Orthotomus-sutorius-longicauda-MP-215-norm-8dB-NR-24dB-HP-800Hz,Common Tailorbird,Orthotomus sutorius,XC834670-Orthotomus-sutorius-longicauda-MP-215-norm-8dB-NR-24dB-HP-800Hz.wav,4,10.0,15.0,5,59.163,32000,dataset\segments\Orthotomus_sutorius\XC834670-Orthotomus-sutorius-longicauda-MP-215-norm-8dB-NR-24dB-HP-800Hz_segment_0004.wav,train
XC834670-Orthotomus-sutorius-longicauda-MP-215-norm-8dB-NR-24dB-HP-800Hz_segment_0005.wav,XC834670-Orthotomus-sutorius-longicauda-MP-215-norm-8dB-NR-24dB-HP-800Hz,Common Tailorbird,Orthotomus sutorius,XC834670-Orthotomus-sutorius-longicauda-MP-215-norm-8dB-NR-24dB-HP-800Hz.wav,5,12.5,17.5,5,59.163,32000,dataset\segments\Orthotomus_sutorius\XC834670-Orthotomus-sutorius-longicauda-MP-215-norm-8dB-NR-24dB-HP-800Hz_segment_0005.wav,train
XC834670-Orthotomus-sutorius-longicauda-MP-215-norm-8dB-NR-24dB-HP-800Hz_segment_0006.wav,XC834670-Orthotomus-sutorius-longicauda-MP-215-norm-8dB-NR-24dB-HP-800Hz,Common Tailorbird,Orthotomus sutorius,XC834670-Orthotomus-sutorius-longicauda-MP-215-norm-8dB-NR-24dB-HP-800Hz.wav,6,15.0,20.0,5,59.163,32000,dataset\segments\Orthotomus_sutorius\XC834670-Orthotomus-sutorius-longicauda-MP-215-norm-8dB-NR-24dB-HP-800Hz_segment_0006.wav,train
XC834670-Orthotomus-sutorius-longicauda-MP-215-norm-8dB-NR-24dB-HP-800Hz_segment_0007.wav,XC834670-Orthotomus-sutorius-longicauda-MP-215-norm-8dB-NR-24dB-HP-800Hz,Common Tailorbird,Orthotomus sutorius,XC834670-Orthotomus-sutorius-longicauda-MP-215-norm-8dB-NR-24dB-HP-800Hz.wav,7,17.5,22.5,5,59.163,32000,dataset\segments\Orthotomus_sutorius\XC834670-Orthotomus-sutorius-longicauda-MP-215-norm-8dB-NR-24dB-HP-800Hz_segment_0007.wav,train
XC834670-Orthotomus-sutorius-longicauda-MP-215-norm-8dB-NR-24dB-HP-800Hz_segment_0008.wav,XC834670-Orthotomus-sutorius-longicauda-MP-215-norm-8dB-NR-24dB-HP-800Hz,Common Tailorbird,Orthotomus sutorius,XC834670-Orthotomus-sutorius-longicauda-MP-215-norm-8dB-NR-24dB-HP-800Hz.wav,8,20.0,25.0,5,59.163,32000,dataset\segments\Orthotomus_sutorius\XC834670-Orthotomus-sutorius-longicauda-MP-215-norm-8dB-NR-24dB-HP-800Hz_segment_0008.wav,train
XC834670-Orthotomus-sutorius-longicauda-MP-215-norm-8dB-NR-24dB-HP-800Hz_segment_0009.wav,XC834670-Orthotomus-sutorius-longicauda-MP-215-norm-8dB-NR-24dB-HP-800Hz,Common Tailorbird,Orthotomus sutorius,XC834670-Orthotomus-sutorius-longicauda-MP-215-norm-8dB-NR-24dB-HP-800Hz.wav,9,22.5,27.5,5,59.163,32000,dataset\segments\Orthotomus_sutorius\XC834670-Orthotomus-sutorius-longicauda-MP-215-norm-8dB-NR-24dB-HP-800Hz_segment_0009.wav,train
XC834670-Orthotomus-sutorius-longicauda-MP-215-norm-8dB-NR-24dB-HP-800Hz_segment_0010.wav,XC834670-Orthotomus-sutorius-longicauda-MP-215-norm-8dB-NR-24dB-HP-800Hz,Common Tailorbird,Orthotomus sutorius,XC834670-Orthotomus-sutorius-longicauda-MP-215-norm-8dB-NR-24dB-HP-800Hz.wav,10,25.0,30.0,5,59.163,32000,dataset\segments\Orthotomus_sutorius\XC834670-Orthotomus-sutorius-longicauda-MP-215-norm-8dB-NR-24dB-HP-800Hz_segment_0010.wav,train
XC834670-Orthotomus-sutorius-longicauda-MP-215-norm-8dB-NR-24dB-HP-800Hz_segment_0011.wav,XC834670-Orthotomus-sutorius-longicauda-MP-215-norm-8dB-NR-24dB-HP-800Hz,Common Tailorbird,Orthotomus sutorius,XC834670-Orthotomus-sutorius-longicauda-MP-215-norm-8dB-NR-24dB-HP-800Hz.wav,11,27.5,32.5,5,59.163,32000,dataset\segments\Orthotomus_sutorius\XC834670-Orthotomus-sutorius-longicauda-MP-215-norm-8dB-NR-24dB-HP-800Hz_segment_0011.wav,train
XC834670-Orthotomus-sutorius-longicauda-MP-215-norm-8dB-NR-24dB-HP-800Hz_segment_0012.wav,XC834670-Orthotomus-sutorius-longicauda-MP-215-norm-8dB-NR-24dB-HP-800Hz,Common Tailorbird,Orthotomus sutorius,XC834670-Orthotomus-sutorius-longicauda-MP-215-norm-8dB-NR-24dB-HP-800Hz.wav,12,30.0,35.0,5,59.163,32000,dataset\segments\Orthotomus_sutorius\XC834670-Orthotomus-sutorius-longicauda-MP-215-norm-8dB-NR-24dB-HP-800Hz_segment_0012.wav,train
XC834670-Orthotomus-sutorius-longicauda-MP-215-norm-8dB-NR-24dB-HP-800Hz_segment_0013.wav,XC834670-Orthotomus-sutorius-longicauda-MP-215-norm-8dB-NR-24dB-HP-800Hz,Common Tailorbird,Orthotomus sutorius,XC834670-Orthotomus-sutorius-longicauda-MP-215-norm-8dB-NR-24dB-HP-800Hz.wav,13,32.5,37.5,5,59.163,32000,dataset\segments\Orthotomus_sutorius\XC834670-Orthotomus-sutorius-longicauda-MP-215-norm-8dB-NR-24dB-HP-800Hz_segment_0013.wav,train
XC834670-Orthotomus-sutorius-longicauda-MP-215-norm-8dB-NR-24dB-HP-800Hz_segment_0014.wav,XC834670-Orthotomus-sutorius-longicauda-MP-215-norm-8dB-NR-24dB-HP-800Hz,Common Tailorbird,Orthotomus sutorius,XC834670-Orthotomus-sutorius-longicauda-MP-215-norm-8dB-NR-24dB-HP-800Hz.wav,14,35.0,40.0,5,59.163,32000,dataset\segments\Orthotomus_sutorius\XC834670-Orthotomus-sutorius-longicauda-MP-215-norm-8dB-NR-24dB-HP-800Hz_segment_0014.wav,train
XC834670-Orthotomus-sutorius-longicauda-MP-215-norm-8dB-NR-24dB-HP-800Hz_segment_0015.wav,XC834670-Orthotomus-sutorius-longicauda-MP-215-norm-8dB-NR-24dB-HP-800Hz,Common Tailorbird,Orthotomus sutorius,XC834670-Orthotomus-sutorius-longicauda-MP-215-norm-8dB-NR-24dB-HP-800Hz.wav,15,37.5,42.5,5,59.163,32000,dataset\segments\Orthotomus_sutorius\XC834670-Orthotomus-sutorius-longicauda-MP-215-norm-8dB-NR-24dB-HP-800Hz_segment_0015.wav,train
XC834670-Orthotomus-sutorius-longicauda-MP-215-norm-8dB-NR-24dB-HP-800Hz_segment_0016.wav,XC834670-Orthotomus-sutorius-longicauda-MP-215-norm-8dB-NR-24dB-HP-800Hz,Common Tailorbird,Orthotomus sutorius,XC834670-Orthotomus-sutorius-longicauda-MP-215-norm-8dB-NR-24dB-HP-800Hz.wav,16,40.0,45.0,5,59.163,32000,dataset\segments\Orthotomus_sutorius\XC834670-Orthotomus-sutorius-longicauda-MP-215-norm-8dB-NR-24dB-HP-800Hz_segment_0016.wav,train
XC834670-Orthotomus-sutorius-longicauda-MP-215-norm-8dB-NR-24dB-HP-800Hz_segment_0017.wav,XC834670-Orthotomus-sutorius-longicauda-MP-215-norm-8dB-NR-24dB-HP-800Hz,Common Tailorbird,Orthotomus sutorius,XC834670-Orthotomus-sutorius-longicauda-MP-215-norm-8dB-NR-24dB-HP-800Hz.wav,17,42.5,47.5,5,59.163,32000,dataset\segments\Orthotomus_sutorius\XC834670-Orthotomus-sutorius-longicauda-MP-215-norm-8dB-NR-24dB-HP-800Hz_segment_0017.wav,train
XC834670-Orthotomus-sutorius-longicauda-MP-215-norm-8dB-NR-24dB-HP-800Hz_segment_0018.wav,XC834670-Orthotomus-sutorius-longicauda-MP-215-norm-8dB-NR-24dB-HP-800Hz,Common Tailorbird,Orthotomus sutorius,XC834670-Orthotomus-sutorius-longicauda-MP-215-norm-8dB-NR-24dB-HP-800Hz.wav,18,45.0,50.0,5,59.163,32000,dataset\segments\Orthotomus_sutorius\XC834670-Orthotomus-sutorius-longicauda-MP-215-norm-8dB-NR-24dB-HP-800Hz_segment_0018.wav,train
XC834670-Orthotomus-sutorius-longicauda-MP-215-norm-8dB-NR-24dB-HP-800Hz_segment_0019.wav,XC834670-Orthotomus-sutorius-longicauda-MP-215-norm-8dB-NR-24dB-HP-800Hz,Common Tailorbird,Orthotomus sutorius,XC834670-Orthotomus-sutorius-longicauda-MP-215-norm-8dB-NR-24dB-HP-800Hz.wav,19,47.5,52.5,5,59.163,32000,dataset\segments\Orthotomus_sutorius\XC834670-Orthotomus-sutorius-longicauda-MP-215-norm-8dB-NR-24dB-HP-800Hz_segment_0019.wav,train
XC834670-Orthotomus-sutorius-longicauda-MP-215-norm-8dB-NR-24dB-HP-800Hz_segment_0020.wav,XC834670-Orthotomus-sutorius-longicauda-MP-215-norm-8dB-NR-24dB-HP-800Hz,Common Tailorbird,Orthotomus sutorius,XC834670-Orthotomus-sutorius-longicauda-MP-215-norm-8dB-NR-24dB-HP-800Hz.wav,20,50.0,55.0,5,59.163,32000,dataset\segments\Orthotomus_sutorius\XC834670-Orthotomus-sutorius-longicauda-MP-215-norm-8dB-NR-24dB-HP-800Hz_segment_0020.wav,train
XC834670-Orthotomus-sutorius-longicauda-MP-215-norm-8dB-NR-24dB-HP-800Hz_segment_0021.wav,XC834670-Orthotomus-sutorius-longicauda-MP-215-norm-8dB-NR-24dB-HP-800Hz,Common Tailorbird,Orthotomus sutorius,XC834670-Orthotomus-sutorius-longicauda-MP-215-norm-8dB-NR-24dB-HP-800Hz.wav,21,52.5,57.5,5,59.163,32000,dataset\segments\Orthotomus_sutorius\XC834670-Orthotomus-sutorius-longicauda-MP-215-norm-8dB-NR-24dB-HP-800Hz_segment_0021.wav,train
"XC835177-Orthotomus-sutorius-Common-Tailorbird-song-2016-07-19-0911-Bang-Kachao,-Samut-Prakan-13.697047,-100.566464-(seen)-ME66_segment_0000.wav","XC835177-Orthotomus-sutorius-Common-Tailorbird-song-2016-07-19-0911-Bang-Kachao,-Samut-Prakan-13.697047,-100.566464-(seen)-ME66",Common Tailorbird,Orthotomus sutorius,"XC835177-Orthotomus-sutorius-Common-Tailorbird-song-2016-07-19-0911-Bang-Kachao,-Samut-Prakan-13.697047,-100.566464-(seen)-ME66.wav",0,0.0,5.0,5,40.074,32000,"dataset\segments\Orthotomus_sutorius\XC835177-Orthotomus-sutorius-Common-Tailorbird-song-2016-07-19-0911-Bang-Kachao,-Samut-Prakan-13.697047,-100.566464-(seen)-ME66_segment_0000.wav",train
"XC835177-Orthotomus-sutorius-Common-Tailorbird-song-2016-07-19-0911-Bang-Kachao,-Samut-Prakan-13.697047,-100.566464-(seen)-ME66_segment_0001.wav","XC835177-Orthotomus-sutorius-Common-Tailorbird-song-2016-07-19-0911-Bang-Kachao,-Samut-Prakan-13.697047,-100.566464-(seen)-ME66",Common Tailorbird,Orthotomus sutorius,"XC835177-Orthotomus-sutorius-Common-Tailorbird-song-2016-07-19-0911-Bang-Kachao,-Samut-Prakan-13.697047,-100.566464-(seen)-ME66.wav",1,2.5,7.5,5,40.074,32000,"dataset\segments\Orthotomus_sutorius\XC835177-Orthotomus-sutorius-Common-Tailorbird-song-2016-07-19-0911-Bang-Kachao,-Samut-Prakan-13.697047,-100.566464-(seen)-ME66_segment_0001.wav",train
"XC835177-Orthotomus-sutorius-Common-Tailorbird-song-2016-07-19-0911-Bang-Kachao,-Samut-Prakan-13.697047,-100.566464-(seen)-ME66_segment_0002.wav","XC835177-Orthotomus-sutorius-Common-Tailorbird-song-2016-07-19-0911-Bang-Kachao,-Samut-Prakan-13.697047,-100.566464-(seen)-ME66",Common Tailorbird,Orthotomus sutorius,"XC835177-Orthotomus-sutorius-Common-Tailorbird-song-2016-07-19-0911-Bang-Kachao,-Samut-Prakan-13.697047,-100.566464-(seen)-ME66.wav",2,5.0,10.0,5,40.074,32000,"dataset\segments\Orthotomus_sutorius\XC835177-Orthotomus-sutorius-Common-Tailorbird-song-2016-07-19-0911-Bang-Kachao,-Samut-Prakan-13.697047,-100.566464-(seen)-ME66_segment_0002.wav",train
"XC835177-Orthotomus-sutorius-Common-Tailorbird-song-2016-07-19-0911-Bang-Kachao,-Samut-Prakan-13.697047,-100.566464-(seen)-ME66_segment_0003.wav","XC835177-Orthotomus-sutorius-Common-Tailorbird-song-2016-07-19-0911-Bang-Kachao,-Samut-Prakan-13.697047,-100.566464-(seen)-ME66",Common Tailorbird,Orthotomus sutorius,"XC835177-Orthotomus-sutorius-Common-Tailorbird-song-2016-07-19-0911-Bang-Kachao,-Samut-Prakan-13.697047,-100.566464-(seen)-ME66.wav",3,7.5,12.5,5,40.074,32000,"dataset\segments\Orthotomus_sutorius\XC835177-Orthotomus-sutorius-Common-Tailorbird-song-2016-07-19-0911-Bang-Kachao,-Samut-Prakan-13.697047,-100.566464-(seen)-ME66_segment_0003.wav",train
"XC835177-Orthotomus-sutorius-Common-Tailorbird-song-2016-07-19-0911-Bang-Kachao,-Samut-Prakan-13.697047,-100.566464-(seen)-ME66_segment_0004.wav","XC835177-Orthotomus-sutorius-Common-Tailorbird-song-2016-07-19-0911-Bang-Kachao,-Samut-Prakan-13.697047,-100.566464-(seen)-ME66",Common Tailorbird,Orthotomus sutorius,"XC835177-Orthotomus-sutorius-Common-Tailorbird-song-2016-07-19-0911-Bang-Kachao,-Samut-Prakan-13.697047,-100.566464-(seen)-ME66.wav",4,10.0,15.0,5,40.074,32000,"dataset\segments\Orthotomus_sutorius\XC835177-Orthotomus-sutorius-Common-Tailorbird-song-2016-07-19-0911-Bang-Kachao,-Samut-Prakan-13.697047,-100.566464-(seen)-ME66_segment_0004.wav",train
"XC835177-Orthotomus-sutorius-Common-Tailorbird-song-2016-07-19-0911-Bang-Kachao,-Samut-Prakan-13.697047,-100.566464-(seen)-ME66_segment_0005.wav","XC835177-Orthotomus-sutorius-Common-Tailorbird-song-2016-07-19-0911-Bang-Kachao,-Samut-Prakan-13.697047,-100.566464-(seen)-ME66",Common Tailorbird,Orthotomus sutorius,"XC835177-Orthotomus-sutorius-Common-Tailorbird-song-2016-07-19-0911-Bang-Kachao,-Samut-Prakan-13.697047,-100.566464-(seen)-ME66.wav",5,12.5,17.5,5,40.074,32000,"dataset\segments\Orthotomus_sutorius\XC835177-Orthotomus-sutorius-Common-Tailorbird-song-2016-07-19-0911-Bang-Kachao,-Samut-Prakan-13.697047,-100.566464-(seen)-ME66_segment_0005.wav",train
"XC835177-Orthotomus-sutorius-Common-Tailorbird-song-2016-07-19-0911-Bang-Kachao,-Samut-Prakan-13.697047,-100.566464-(seen)-ME66_segment_0006.wav","XC835177-Orthotomus-sutorius-Common-Tailorbird-song-2016-07-19-0911-Bang-Kachao,-Samut-Prakan-13.697047,-100.566464-(seen)-ME66",Common Tailorbird,Orthotomus sutorius,"XC835177-Orthotomus-sutorius-Common-Tailorbird-song-2016-07-19-0911-Bang-Kachao,-Samut-Prakan-13.697047,-100.566464-(seen)-ME66.wav",6,15.0,20.0,5,40.074,32000,"dataset\segments\Orthotomus_sutorius\XC835177-Orthotomus-sutorius-Common-Tailorbird-song-2016-07-19-0911-Bang-Kachao,-Samut-Prakan-13.697047,-100.566464-(seen)-ME66_segment_0006.wav",train
"XC835177-Orthotomus-sutorius-Common-Tailorbird-song-2016-07-19-0911-Bang-Kachao,-Samut-Prakan-13.697047,-100.566464-(seen)-ME66_segment_0007.wav","XC835177-Orthotomus-sutorius-Common-Tailorbird-song-2016-07-19-0911-Bang-Kachao,-Samut-Prakan-13.697047,-100.566464-(seen)-ME66",Common Tailorbird,Orthotomus sutorius,"XC835177-Orthotomus-sutorius-Common-Tailorbird-song-2016-07-19-0911-Bang-Kachao,-Samut-Prakan-13.697047,-100.566464-(seen)-ME66.wav",7,17.5,22.5,5,40.074,32000,"dataset\segments\Orthotomus_sutorius\XC835177-Orthotomus-sutorius-Common-Tailorbird-song-2016-07-19-0911-Bang-Kachao,-Samut-Prakan-13.697047,-100.566464-(seen)-ME66_segment_0007.wav",train
"XC835177-Orthotomus-sutorius-Common-Tailorbird-song-2016-07-19-0911-Bang-Kachao,-Samut-Prakan-13.697047,-100.566464-(seen)-ME66_segment_0008.wav","XC835177-Orthotomus-sutorius-Common-Tailorbird-song-2016-07-19-0911-Bang-Kachao,-Samut-Prakan-13.697047,-100.566464-(seen)-ME66",Common Tailorbird,Orthotomus sutorius,"XC835177-Orthotomus-sutorius-Common-Tailorbird-song-2016-07-19-0911-Bang-Kachao,-Samut-Prakan-13.697047,-100.566464-(seen)-ME66.wav",8,20.0,25.0,5,40.074,32000,"dataset\segments\Orthotomus_sutorius\XC835177-Orthotomus-sutorius-Common-Tailorbird-song-2016-07-19-0911-Bang-Kachao,-Samut-Prakan-13.697047,-100.566464-(seen)-ME66_segment_0008.wav",train
"XC835177-Orthotomus-sutorius-Common-Tailorbird-song-2016-07-19-0911-Bang-Kachao,-Samut-Prakan-13.697047,-100.566464-(seen)-ME66_segment_0009.wav","XC835177-Orthotomus-sutorius-Common-Tailorbird-song-2016-07-19-0911-Bang-Kachao,-Samut-Prakan-13.697047,-100.566464-(seen)-ME66",Common Tailorbird,Orthotomus sutorius,"XC835177-Orthotomus-sutorius-Common-Tailorbird-song-2016-07-19-0911-Bang-Kachao,-Samut-Prakan-13.697047,-100.566464-(seen)-ME66.wav",9,22.5,27.5,5,40.074,32000,"dataset\segments\Orthotomus_sutorius\XC835177-Orthotomus-sutorius-Common-Tailorbird-song-2016-07-19-0911-Bang-Kachao,-Samut-Prakan-13.697047,-100.566464-(seen)-ME66_segment_0009.wav",train
"XC835177-Orthotomus-sutorius-Common-Tailorbird-song-2016-07-19-0911-Bang-Kachao,-Samut-Prakan-13.697047,-100.566464-(seen)-ME66_segment_0010.wav","XC835177-Orthotomus-sutorius-Common-Tailorbird-song-2016-07-19-0911-Bang-Kachao,-Samut-Prakan-13.697047,-100.566464-(seen)-ME66",Common Tailorbird,Orthotomus sutorius,"XC835177-Orthotomus-sutorius-Common-Tailorbird-song-2016-07-19-0911-Bang-Kachao,-Samut-Prakan-13.697047,-100.566464-(seen)-ME66.wav",10,25.0,30.0,5,40.074,32000,"dataset\segments\Orthotomus_sutorius\XC835177-Orthotomus-sutorius-Common-Tailorbird-song-2016-07-19-0911-Bang-Kachao,-Samut-Prakan-13.697047,-100.566464-(seen)-ME66_segment_0010.wav",train
"XC835177-Orthotomus-sutorius-Common-Tailorbird-song-2016-07-19-0911-Bang-Kachao,-Samut-Prakan-13.697047,-100.566464-(seen)-ME66_segment_0011.wav","XC835177-Orthotomus-sutorius-Common-Tailorbird-song-2016-07-19-0911-Bang-Kachao,-Samut-Prakan-13.697047,-100.566464-(seen)-ME66",Common Tailorbird,Orthotomus sutorius,"XC835177-Orthotomus-sutorius-Common-Tailorbird-song-2016-07-19-0911-Bang-Kachao,-Samut-Prakan-13.697047,-100.566464-(seen)-ME66.wav",11,27.5,32.5,5,40.074,32000,"dataset\segments\Orthotomus_sutorius\XC835177-Orthotomus-sutorius-Common-Tailorbird-song-2016-07-19-0911-Bang-Kachao,-Samut-Prakan-13.697047,-100.566464-(seen)-ME66_segment_0011.wav",train
"XC835177-Orthotomus-sutorius-Common-Tailorbird-song-2016-07-19-0911-Bang-Kachao,-Samut-Prakan-13.697047,-100.566464-(seen)-ME66_segment_0012.wav","XC835177-Orthotomus-sutorius-Common-Tailorbird-song-2016-07-19-0911-Bang-Kachao,-Samut-Prakan-13.697047,-100.566464-(seen)-ME66",Common Tailorbird,Orthotomus sutorius,"XC835177-Orthotomus-sutorius-Common-Tailorbird-song-2016-07-19-0911-Bang-Kachao,-Samut-Prakan-13.697047,-100.566464-(seen)-ME66.wav",12,30.0,35.0,5,40.074,32000,"dataset\segments\Orthotomus_sutorius\XC835177-Orthotomus-sutorius-Common-Tailorbird-song-2016-07-19-0911-Bang-Kachao,-Samut-Prakan-13.697047,-100.566464-(seen)-ME66_segment_0012.wav",train
"XC835177-Orthotomus-sutorius-Common-Tailorbird-song-2016-07-19-0911-Bang-Kachao,-Samut-Prakan-13.697047,-100.566464-(seen)-ME66_segment_0013.wav","XC835177-Orthotomus-sutorius-Common-Tailorbird-song-2016-07-19-0911-Bang-Kachao,-Samut-Prakan-13.697047,-100.566464-(seen)-ME66",Common Tailorbird,Orthotomus sutorius,"XC835177-Orthotomus-sutorius-Common-Tailorbird-song-2016-07-19-0911-Bang-Kachao,-Samut-Prakan-13.697047,-100.566464-(seen)-ME66.wav",13,32.5,37.5,5,40.074,32000,"dataset\segments\Orthotomus_sutorius\XC835177-Orthotomus-sutorius-Common-Tailorbird-song-2016-07-19-0911-Bang-Kachao,-Samut-Prakan-13.697047,-100.566464-(seen)-ME66_segment_0013.wav",train
"XC835177-Orthotomus-sutorius-Common-Tailorbird-song-2016-07-19-0911-Bang-Kachao,-Samut-Prakan-13.697047,-100.566464-(seen)-ME66_segment_0014.wav","XC835177-Orthotomus-sutorius-Common-Tailorbird-song-2016-07-19-0911-Bang-Kachao,-Samut-Prakan-13.697047,-100.566464-(seen)-ME66",Common Tailorbird,Orthotomus sutorius,"XC835177-Orthotomus-sutorius-Common-Tailorbird-song-2016-07-19-0911-Bang-Kachao,-Samut-Prakan-13.697047,-100.566464-(seen)-ME66.wav",14,35.0,40.0,5,40.074,32000,"dataset\segments\Orthotomus_sutorius\XC835177-Orthotomus-sutorius-Common-Tailorbird-song-2016-07-19-0911-Bang-Kachao,-Samut-Prakan-13.697047,-100.566464-(seen)-ME66_segment_0014.wav",train
XC914180-Common-Tailorbird-20240614-Karak-e-eBird-xeno_segment_0000.wav,XC914180-Common-Tailorbird-20240614-Karak-e-eBird-xeno,Common Tailorbird,Orthotomus sutorius,XC914180-Common-Tailorbird-20240614-Karak-e-eBird-xeno.wav,0,0.0,5.0,5,26.479,32000,dataset\segments\Orthotomus_sutorius\XC914180-Common-Tailorbird-20240614-Karak-e-eBird-xeno_segment_0000.wav,train
XC914180-Common-Tailorbird-20240614-Karak-e-eBird-xeno_segment_0001.wav,XC914180-Common-Tailorbird-20240614-Karak-e-eBird-xeno,Common Tailorbird,Orthotomus sutorius,XC914180-Common-Tailorbird-20240614-Karak-e-eBird-xeno.wav,1,2.5,7.5,5,26.479,32000,dataset\segments\Orthotomus_sutorius\XC914180-Common-Tailorbird-20240614-Karak-e-eBird-xeno_segment_0001.wav,train
XC914180-Common-Tailorbird-20240614-Karak-e-eBird-xeno_segment_0002.wav,XC914180-Common-Tailorbird-20240614-Karak-e-eBird-xeno,Common Tailorbird,Orthotomus sutorius,XC914180-Common-Tailorbird-20240614-Karak-e-eBird-xeno.wav,2,5.0,10.0,5,26.479,32000,dataset\segments\Orthotomus_sutorius\XC914180-Common-Tailorbird-20240614-Karak-e-eBird-xeno_segment_0002.wav,train
XC914180-Common-Tailorbird-20240614-Karak-e-eBird-xeno_segment_0003.wav,XC914180-Common-Tailorbird-20240614-Karak-e-eBird-xeno,Common Tailorbird,Orthotomus sutorius,XC914180-Common-Tailorbird-20240614-Karak-e-eBird-xeno.wav,3,7.5,12.5,5,26.479,32000,dataset\segments\Orthotomus_sutorius\XC914180-Common-Tailorbird-20240614-Karak-e-eBird-xeno_segment_0003.wav,train
XC914180-Common-Tailorbird-20240614-Karak-e-eBird-xeno_segment_0004.wav,XC914180-Common-Tailorbird-20240614-Karak-e-eBird-xeno,Common Tailorbird,Orthotomus sutorius,XC914180-Common-Tailorbird-20240614-Karak-e-eBird-xeno.wav,4,10.0,15.0,5,26.479,32000,dataset\segments\Orthotomus_sutorius\XC914180-Common-Tailorbird-20240614-Karak-e-eBird-xeno_segment_0004.wav,train
XC914180-Common-Tailorbird-20240614-Karak-e-eBird-xeno_segment_0005.wav,XC914180-Common-Tailorbird-20240614-Karak-e-eBird-xeno,Common Tailorbird,Orthotomus sutorius,XC914180-Common-Tailorbird-20240614-Karak-e-eBird-xeno.wav,5,12.5,17.5,5,26.479,32000,dataset\segments\Orthotomus_sutorius\XC914180-Common-Tailorbird-20240614-Karak-e-eBird-xeno_segment_0005.wav,train
XC914180-Common-Tailorbird-20240614-Karak-e-eBird-xeno_segment_0006.wav,XC914180-Common-Tailorbird-20240614-Karak-e-eBird-xeno,Common Tailorbird,Orthotomus sutorius,XC914180-Common-Tailorbird-20240614-Karak-e-eBird-xeno.wav,6,15.0,20.0,5,26.479,32000,dataset\segments\Orthotomus_sutorius\XC914180-Common-Tailorbird-20240614-Karak-e-eBird-xeno_segment_0006.wav,train
XC914180-Common-Tailorbird-20240614-Karak-e-eBird-xeno_segment_0007.wav,XC914180-Common-Tailorbird-20240614-Karak-e-eBird-xeno,Common Tailorbird,Orthotomus sutorius,XC914180-Common-Tailorbird-20240614-Karak-e-eBird-xeno.wav,7,17.5,22.5,5,26.479,32000,dataset\segments\Orthotomus_sutorius\XC914180-Common-Tailorbird-20240614-Karak-e-eBird-xeno_segment_0007.wav,train
XC914180-Common-Tailorbird-20240614-Karak-e-eBird-xeno_segment_0008.wav,XC914180-Common-Tailorbird-20240614-Karak-e-eBird-xeno,Common Tailorbird,Orthotomus sutorius,XC914180-Common-Tailorbird-20240614-Karak-e-eBird-xeno.wav,8,20.0,25.0,5,26.479,32000,dataset\segments\Orthotomus_sutorius\XC914180-Common-Tailorbird-20240614-Karak-e-eBird-xeno_segment_0008.wav,train
"XC1080735-Ring-necked-Parakeet-call-very-good-2025-08-02-Queen-s-Wood,-London,-England_660_edited_segment_0000.wav","XC1080735-Ring-necked-Parakeet-call-very-good-2025-08-02-Queen-s-Wood,-London,-England_660_edited",Rose-ringed Parakeet,Psittacula krameri,"XC1080735-Ring-necked-Parakeet-call-very-good-2025-08-02-Queen-s-Wood,-London,-England_660_edited.wav",0,0.0,5.0,5,10.248,32000,"dataset\segments\Psittacula_krameri\XC1080735-Ring-necked-Parakeet-call-very-good-2025-08-02-Queen-s-Wood,-London,-England_660_edited_segment_0000.wav",train
"XC1080735-Ring-necked-Parakeet-call-very-good-2025-08-02-Queen-s-Wood,-London,-England_660_edited_segment_0001.wav","XC1080735-Ring-necked-Parakeet-call-very-good-2025-08-02-Queen-s-Wood,-London,-England_660_edited",Rose-ringed Parakeet,Psittacula krameri,"XC1080735-Ring-necked-Parakeet-call-very-good-2025-08-02-Queen-s-Wood,-London,-England_660_edited.wav",1,2.5,7.5,5,10.248,32000,"dataset\segments\Psittacula_krameri\XC1080735-Ring-necked-Parakeet-call-very-good-2025-08-02-Queen-s-Wood,-London,-England_660_edited_segment_0001.wav",train
"XC1080735-Ring-necked-Parakeet-call-very-good-2025-08-02-Queen-s-Wood,-London,-England_660_edited_segment_0002.wav","XC1080735-Ring-necked-Parakeet-call-very-good-2025-08-02-Queen-s-Wood,-London,-England_660_edited",Rose-ringed Parakeet,Psittacula krameri,"XC1080735-Ring-necked-Parakeet-call-very-good-2025-08-02-Queen-s-Wood,-London,-England_660_edited.wav",2,5.0,10.0,5,10.248,32000,"dataset\segments\Psittacula_krameri\XC1080735-Ring-necked-Parakeet-call-very-good-2025-08-02-Queen-s-Wood,-London,-England_660_edited_segment_0002.wav",train
"XC1086118-Rose-ringed-Parakeet-call-very-good-2026-03-04-Cely-Wood,-London,-England_sounddevices702_telinga9_597_edited.WAV_segment_0000.wav","XC1086118-Rose-ringed-Parakeet-call-very-good-2026-03-04-Cely-Wood,-London,-England_sounddevices702_telinga9_597_edited.WAV",Rose-ringed Parakeet,Psittacula krameri,"XC1086118-Rose-ringed-Parakeet-call-very-good-2026-03-04-Cely-Wood,-London,-England_sounddevices702_telinga9_597_edited.WAV.wav",0,0.0,5.0,5,7.429,32000,"dataset\segments\Psittacula_krameri\XC1086118-Rose-ringed-Parakeet-call-very-good-2026-03-04-Cely-Wood,-London,-England_sounddevices702_telinga9_597_edited.WAV_segment_0000.wav",train
"XC1086119-Rose-ringed-Parakeet-call-very-good-2026-03-04-Cely-Wood,-London,-England_sounddevices702_telinga9_602_edited.WAV_segment_0000.wav","XC1086119-Rose-ringed-Parakeet-call-very-good-2026-03-04-Cely-Wood,-London,-England_sounddevices702_telinga9_602_edited.WAV",Rose-ringed Parakeet,Psittacula krameri,"XC1086119-Rose-ringed-Parakeet-call-very-good-2026-03-04-Cely-Wood,-London,-England_sounddevices702_telinga9_602_edited.WAV.wav",0,0.0,5.0,5,7.363,32000,"dataset\segments\Psittacula_krameri\XC1086119-Rose-ringed-Parakeet-call-very-good-2026-03-04-Cely-Wood,-London,-England_sounddevices702_telinga9_602_edited.WAV_segment_0000.wav",train
XC1089724-2026.03.21-08h17-Perruche_segment_0000.wav,XC1089724-2026.03.21-08h17-Perruche,Rose-ringed Parakeet,Psittacula krameri,XC1089724-2026.03.21-08h17-Perruche.wav,0,0.0,5.0,5,8.774,32000,dataset\segments\Psittacula_krameri\XC1089724-2026.03.21-08h17-Perruche_segment_0000.wav,train
XC1089724-2026.03.21-08h17-Perruche_segment_0001.wav,XC1089724-2026.03.21-08h17-Perruche,Rose-ringed Parakeet,Psittacula krameri,XC1089724-2026.03.21-08h17-Perruche.wav,1,2.5,7.5,5,8.774,32000,dataset\segments\Psittacula_krameri\XC1089724-2026.03.21-08h17-Perruche_segment_0001.wav,train
XC1090602-PerruhesBx_segment_0000.wav,XC1090602-PerruhesBx,Rose-ringed Parakeet,Psittacula krameri,XC1090602-PerruhesBx.wav,0,0.0,5.0,5,1795.885,32000,dataset\segments\Psittacula_krameri\XC1090602-PerruhesBx_segment_0000.wav,train
XC1090602-PerruhesBx_segment_0001.wav,XC1090602-PerruhesBx,Rose-ringed Parakeet,Psittacula krameri,XC1090602-PerruhesBx.wav,1,2.5,7.5,5,1795.885,32000,dataset\segments\Psittacula_krameri\XC1090602-PerruhesBx_segment_0001.wav,train
XC1090602-PerruhesBx_segment_0002.wav,XC1090602-PerruhesBx,Rose-ringed Parakeet,Psittacula krameri,XC1090602-PerruhesBx.wav,2,5.0,10.0,5,1795.885,32000,dataset\segments\Psittacula_krameri\XC1090602-PerruhesBx_segment_0002.wav,train
XC1090602-PerruhesBx_segment_0003.wav,XC1090602-PerruhesBx,Rose-ringed Parakeet,Psittacula krameri,XC1090602-PerruhesBx.wav,3,7.5,12.5,5,1795.885,32000,dataset\segments\Psittacula_krameri\XC1090602-PerruhesBx_segment_0003.wav,train
XC1090602-PerruhesBx_segment_0004.wav,XC1090602-PerruhesBx,Rose-ringed Parakeet,Psittacula krameri,XC1090602-PerruhesBx.wav,4,10.0,15.0,5,1795.885,32000,dataset\segments\Psittacula_krameri\XC1090602-PerruhesBx_segment_0004.wav,train
XC1090602-PerruhesBx_segment_0005.wav,XC1090602-PerruhesBx,Rose-ringed Parakeet,Psittacula krameri,XC1090602-PerruhesBx.wav,5,12.5,17.5,5,1795.885,32000,dataset\segments\Psittacula_krameri\XC1090602-PerruhesBx_segment_0005.wav,train
XC1090602-PerruhesBx_segment_0006.wav,XC1090602-PerruhesBx,Rose-ringed Parakeet,Psittacula krameri,XC1090602-PerruhesBx.wav,6,15.0,20.0,5,1795.885,32000,dataset\segments\Psittacula_krameri\XC1090602-PerruhesBx_segment_0006.wav,train
XC1090602-PerruhesBx_segment_0007.wav,XC1090602-PerruhesBx,Rose-ringed Parakeet,Psittacula krameri,XC1090602-PerruhesBx.wav,7,17.5,22.5,5,1795.885,32000,dataset\segments\Psittacula_krameri\XC1090602-PerruhesBx_segment_0007.wav,train
XC1090602-PerruhesBx_segment_0008.wav,XC1090602-PerruhesBx,Rose-ringed Parakeet,Psittacula krameri,XC1090602-PerruhesBx.wav,8,20.0,25.0,5,1795.885,32000,dataset\segments\Psittacula_krameri\XC1090602-PerruhesBx_segment_0008.wav,train
XC1090602-PerruhesBx_segment_0009.wav,XC1090602-PerruhesBx,Rose-ringed Parakeet,Psittacula krameri,XC1090602-PerruhesBx.wav,9,22.5,27.5,5,1795.885,32000,dataset\segments\Psittacula_krameri\XC1090602-PerruhesBx_segment_0009.wav,train
XC1090602-PerruhesBx_segment_0010.wav,XC1090602-PerruhesBx,Rose-ringed Parakeet,Psittacula krameri,XC1090602-PerruhesBx.wav,10,25.0,30.0,5,1795.885,32000,dataset\segments\Psittacula_krameri\XC1090602-PerruhesBx_segment_0010.wav,train
XC1090602-PerruhesBx_segment_0011.wav,XC1090602-PerruhesBx,Rose-ringed Parakeet,Psittacula krameri,XC1090602-PerruhesBx.wav,11,27.5,32.5,5,1795.885,32000,dataset\segments\Psittacula_krameri\XC1090602-PerruhesBx_segment_0011.wav,train
XC1090602-PerruhesBx_segment_0012.wav,XC1090602-PerruhesBx,Rose-ringed Parakeet,Psittacula krameri,XC1090602-PerruhesBx.wav,12,30.0,35.0,5,1795.885,32000,dataset\segments\Psittacula_krameri\XC1090602-PerruhesBx_segment_0012.wav,train
XC1090602-PerruhesBx_segment_0013.wav,XC1090602-PerruhesBx,Rose-ringed Parakeet,Psittacula krameri,XC1090602-PerruhesBx.wav,13,32.5,37.5,5,1795.885,32000,dataset\segments\Psittacula_krameri\XC1090602-PerruhesBx_segment_0013.wav,train
XC1090602-PerruhesBx_segment_0014.wav,XC1090602-PerruhesBx,Rose-ringed Parakeet,Psittacula krameri,XC1090602-PerruhesBx.wav,14,35.0,40.0,5,1795.885,32000,dataset\segments\Psittacula_krameri\XC1090602-PerruhesBx_segment_0014.wav,train
XC1090602-PerruhesBx_segment_0015.wav,XC1090602-PerruhesBx,Rose-ringed Parakeet,Psittacula krameri,XC1090602-PerruhesBx.wav,15,37.5,42.5,5,1795.885,32000,dataset\segments\Psittacula_krameri\XC1090602-PerruhesBx_segment_0015.wav,train
XC1090602-PerruhesBx_segment_0016.wav,XC1090602-PerruhesBx,Rose-ringed Parakeet,Psittacula krameri,XC1090602-PerruhesBx.wav,16,40.0,45.0,5,1795.885,32000,dataset\segments\Psittacula_krameri\XC1090602-PerruhesBx_segment_0016.wav,train
XC1090602-PerruhesBx_segment_0017.wav,XC1090602-PerruhesBx,Rose-ringed Parakeet,Psittacula krameri,XC1090602-PerruhesBx.wav,17,42.5,47.5,5,1795.885,32000,dataset\segments\Psittacula_krameri\XC1090602-PerruhesBx_segment_0017.wav,train
XC1090602-PerruhesBx_segment_0018.wav,XC1090602-PerruhesBx,Rose-ringed Parakeet,Psittacula krameri,XC1090602-PerruhesBx.wav,18,45.0,50.0,5,1795.885,32000,dataset\segments\Psittacula_krameri\XC1090602-PerruhesBx_segment_0018.wav,train
XC1090602-PerruhesBx_segment_0019.wav,XC1090602-PerruhesBx,Rose-ringed Parakeet,Psittacula krameri,XC1090602-PerruhesBx.wav,19,47.5,52.5,5,1795.885,32000,dataset\segments\Psittacula_krameri\XC1090602-PerruhesBx_segment_0019.wav,train
XC1090602-PerruhesBx_segment_0020.wav,XC1090602-PerruhesBx,Rose-ringed Parakeet,Psittacula krameri,XC1090602-PerruhesBx.wav,20,50.0,55.0,5,1795.885,32000,dataset\segments\Psittacula_krameri\XC1090602-PerruhesBx_segment_0020.wav,train
XC1090602-PerruhesBx_segment_0021.wav,XC1090602-PerruhesBx,Rose-ringed Parakeet,Psittacula krameri,XC1090602-PerruhesBx.wav,21,52.5,57.5,5,1795.885,32000,dataset\segments\Psittacula_krameri\XC1090602-PerruhesBx_segment_0021.wav,train
XC1090602-PerruhesBx_segment_0022.wav,XC1090602-PerruhesBx,Rose-ringed Parakeet,Psittacula krameri,XC1090602-PerruhesBx.wav,22,55.0,60.0,5,1795.885,32000,dataset\segments\Psittacula_krameri\XC1090602-PerruhesBx_segment_0022.wav,train
XC1090602-PerruhesBx_segment_0023.wav,XC1090602-PerruhesBx,Rose-ringed Parakeet,Psittacula krameri,XC1090602-PerruhesBx.wav,23,57.5,62.5,5,1795.885,32000,dataset\segments\Psittacula_krameri\XC1090602-PerruhesBx_segment_0023.wav,train
XC1090602-PerruhesBx_segment_0024.wav,XC1090602-PerruhesBx,Rose-ringed Parakeet,Psittacula krameri,XC1090602-PerruhesBx.wav,24,60.0,65.0,5,1795.885,32000,dataset\segments\Psittacula_krameri\XC1090602-PerruhesBx_segment_0024.wav,train
XC1090602-PerruhesBx_segment_0025.wav,XC1090602-PerruhesBx,Rose-ringed Parakeet,Psittacula krameri,XC1090602-PerruhesBx.wav,25,62.5,67.5,5,1795.885,32000,dataset\segments\Psittacula_krameri\XC1090602-PerruhesBx_segment_0025.wav,train
XC1090602-PerruhesBx_segment_0026.wav,XC1090602-PerruhesBx,Rose-ringed Parakeet,Psittacula krameri,XC1090602-PerruhesBx.wav,26,65.0,70.0,5,1795.885,32000,dataset\segments\Psittacula_krameri\XC1090602-PerruhesBx_segment_0026.wav,train
XC1090602-PerruhesBx_segment_0027.wav,XC1090602-PerruhesBx,Rose-ringed Parakeet,Psittacula krameri,XC1090602-PerruhesBx.wav,27,67.5,72.5,5,1795.885,32000,dataset\segments\Psittacula_krameri\XC1090602-PerruhesBx_segment_0027.wav,train
XC1090602-PerruhesBx_segment_0028.wav,XC1090602-PerruhesBx,Rose-ringed Parakeet,Psittacula krameri,XC1090602-PerruhesBx.wav,28,70.0,75.0,5,1795.885,32000,dataset\segments\Psittacula_krameri\XC1090602-PerruhesBx_segment_0028.wav,train
XC1090602-PerruhesBx_segment_0029.wav,XC1090602-PerruhesBx,Rose-ringed Parakeet,Psittacula krameri,XC1090602-PerruhesBx.wav,29,72.5,77.5,5,1795.885,32000,dataset\segments\Psittacula_krameri\XC1090602-PerruhesBx_segment_0029.wav,train
XC1090602-PerruhesBx_segment_0030.wav,XC1090602-PerruhesBx,Rose-ringed Parakeet,Psittacula krameri,XC1090602-PerruhesBx.wav,30,75.0,80.0,5,1795.885,32000,dataset\segments\Psittacula_krameri\XC1090602-PerruhesBx_segment_0030.wav,train
XC1090602-PerruhesBx_segment_0031.wav,XC1090602-PerruhesBx,Rose-ringed Parakeet,Psittacula krameri,XC1090602-PerruhesBx.wav,31,77.5,82.5,5,1795.885,32000,dataset\segments\Psittacula_krameri\XC1090602-PerruhesBx_segment_0031.wav,train
XC1090602-PerruhesBx_segment_0032.wav,XC1090602-PerruhesBx,Rose-ringed Parakeet,Psittacula krameri,XC1090602-PerruhesBx.wav,32,80.0,85.0,5,1795.885,32000,dataset\segments\Psittacula_krameri\XC1090602-PerruhesBx_segment_0032.wav,train
XC1090602-PerruhesBx_segment_0033.wav,XC1090602-PerruhesBx,Rose-ringed Parakeet,Psittacula krameri,XC1090602-PerruhesBx.wav,33,82.5,87.5,5,1795.885,32000,dataset\segments\Psittacula_krameri\XC1090602-PerruhesBx_segment_0033.wav,train
XC1090602-PerruhesBx_segment_0034.wav,XC1090602-PerruhesBx,Rose-ringed Parakeet,Psittacula krameri,XC1090602-PerruhesBx.wav,34,85.0,90.0,5,1795.885,32000,dataset\segments\Psittacula_krameri\XC1090602-PerruhesBx_segment_0034.wav,train
XC1090602-PerruhesBx_segment_0035.wav,XC1090602-PerruhesBx,Rose-ringed Parakeet,Psittacula krameri,XC1090602-PerruhesBx.wav,35,87.5,92.5,5,1795.885,32000,dataset\segments\Psittacula_krameri\XC1090602-PerruhesBx_segment_0035.wav,train
XC1090602-PerruhesBx_segment_0036.wav,XC1090602-PerruhesBx,Rose-ringed Parakeet,Psittacula krameri,XC1090602-PerruhesBx.wav,36,90.0,95.0,5,1795.885,32000,dataset\segments\Psittacula_krameri\XC1090602-PerruhesBx_segment_0036.wav,train
XC1090602-PerruhesBx_segment_0037.wav,XC1090602-PerruhesBx,Rose-ringed Parakeet,Psittacula krameri,XC1090602-PerruhesBx.wav,37,92.5,97.5,5,1795.885,32000,dataset\segments\Psittacula_krameri\XC1090602-PerruhesBx_segment_0037.wav,train
XC1090602-PerruhesBx_segment_0038.wav,XC1090602-PerruhesBx,Rose-ringed Parakeet,Psittacula krameri,XC1090602-PerruhesBx.wav,38,95.0,100.0,5,1795.885,32000,dataset\segments\Psittacula_krameri\XC1090602-PerruhesBx_segment_0038.wav,train
XC1090602-PerruhesBx_segment_0039.wav,XC1090602-PerruhesBx,Rose-ringed Parakeet,Psittacula krameri,XC1090602-PerruhesBx.wav,39,97.5,102.5,5,1795.885,32000,dataset\segments\Psittacula_krameri\XC1090602-PerruhesBx_segment_0039.wav,train
XC1090602-PerruhesBx_segment_0040.wav,XC1090602-PerruhesBx,Rose-ringed Parakeet,Psittacula krameri,XC1090602-PerruhesBx.wav,40,100.0,105.0,5,1795.885,32000,dataset\segments\Psittacula_krameri\XC1090602-PerruhesBx_segment_0040.wav,train
XC1090602-PerruhesBx_segment_0041.wav,XC1090602-PerruhesBx,Rose-ringed Parakeet,Psittacula krameri,XC1090602-PerruhesBx.wav,41,102.5,107.5,5,1795.885,32000,dataset\segments\Psittacula_krameri\XC1090602-PerruhesBx_segment_0041.wav,train
XC1090602-PerruhesBx_segment_0042.wav,XC1090602-PerruhesBx,Rose-ringed Parakeet,Psittacula krameri,XC1090602-PerruhesBx.wav,42,105.0,110.0,5,1795.885,32000,dataset\segments\Psittacula_krameri\XC1090602-PerruhesBx_segment_0042.wav,train
XC1090602-PerruhesBx_segment_0043.wav,XC1090602-PerruhesBx,Rose-ringed Parakeet,Psittacula krameri,XC1090602-PerruhesBx.wav,43,107.5,112.5,5,1795.885,32000,dataset\segments\Psittacula_krameri\XC1090602-PerruhesBx_segment_0043.wav,train
XC1090602-PerruhesBx_segment_0044.wav,XC1090602-PerruhesBx,Rose-ringed Parakeet,Psittacula krameri,XC1090602-PerruhesBx.wav,44,110.0,115.0,5,1795.885,32000,dataset\segments\Psittacula_krameri\XC1090602-PerruhesBx_segment_0044.wav,train
XC1090602-PerruhesBx_segment_0045.wav,XC1090602-PerruhesBx,Rose-ringed Parakeet,Psittacula krameri,XC1090602-PerruhesBx.wav,45,112.5,117.5,5,1795.885,32000,dataset\segments\Psittacula_krameri\XC1090602-PerruhesBx_segment_0045.wav,train
XC1090602-PerruhesBx_segment_0046.wav,XC1090602-PerruhesBx,Rose-ringed Parakeet,Psittacula krameri,XC1090602-PerruhesBx.wav,46,115.0,120.0,5,1795.885,32000,dataset\segments\Psittacula_krameri\XC1090602-PerruhesBx_segment_0046.wav,train
XC1090602-PerruhesBx_segment_0047.wav,XC1090602-PerruhesBx,Rose-ringed Parakeet,Psittacula krameri,XC1090602-PerruhesBx.wav,47,117.5,122.5,5,1795.885,32000,dataset\segments\Psittacula_krameri\XC1090602-PerruhesBx_segment_0047.wav,train
XC1090602-PerruhesBx_segment_0048.wav,XC1090602-PerruhesBx,Rose-ringed Parakeet,Psittacula krameri,XC1090602-PerruhesBx.wav,48,120.0,125.0,5,1795.885,32000,dataset\segments\Psittacula_krameri\XC1090602-PerruhesBx_segment_0048.wav,train
XC1090602-PerruhesBx_segment_0049.wav,XC1090602-PerruhesBx,Rose-ringed Parakeet,Psittacula krameri,XC1090602-PerruhesBx.wav,49,122.5,127.5,5,1795.885,32000,dataset\segments\Psittacula_krameri\XC1090602-PerruhesBx_segment_0049.wav,train
XC1090602-PerruhesBx_segment_0050.wav,XC1090602-PerruhesBx,Rose-ringed Parakeet,Psittacula krameri,XC1090602-PerruhesBx.wav,50,125.0,130.0,5,1795.885,32000,dataset\segments\Psittacula_krameri\XC1090602-PerruhesBx_segment_0050.wav,train
XC1090602-PerruhesBx_segment_0051.wav,XC1090602-PerruhesBx,Rose-ringed Parakeet,Psittacula krameri,XC1090602-PerruhesBx.wav,51,127.5,132.5,5,1795.885,32000,dataset\segments\Psittacula_krameri\XC1090602-PerruhesBx_segment_0051.wav,train
XC1090602-PerruhesBx_segment_0052.wav,XC1090602-PerruhesBx,Rose-ringed Parakeet,Psittacula krameri,XC1090602-PerruhesBx.wav,52,130.0,135.0,5,1795.885,32000,dataset\segments\Psittacula_krameri\XC1090602-PerruhesBx_segment_0052.wav,train
XC1090602-PerruhesBx_segment_0053.wav,XC1090602-PerruhesBx,Rose-ringed Parakeet,Psittacula krameri,XC1090602-PerruhesBx.wav,53,132.5,137.5,5,1795.885,32000,dataset\segments\Psittacula_krameri\XC1090602-PerruhesBx_segment_0053.wav,train
XC1090602-PerruhesBx_segment_0054.wav,XC1090602-PerruhesBx,Rose-ringed Parakeet,Psittacula krameri,XC1090602-PerruhesBx.wav,54,135.0,140.0,5,1795.885,32000,dataset\segments\Psittacula_krameri\XC1090602-PerruhesBx_segment_0054.wav,train
XC1090602-PerruhesBx_segment_0055.wav,XC1090602-PerruhesBx,Rose-ringed Parakeet,Psittacula krameri,XC1090602-PerruhesBx.wav,55,137.5,142.5,5,1795.885,32000,dataset\segments\Psittacula_krameri\XC1090602-PerruhesBx_segment_0055.wav,train
XC1090602-PerruhesBx_segment_0056.wav,XC1090602-PerruhesBx,Rose-ringed Parakeet,Psittacula krameri,XC1090602-PerruhesBx.wav,56,140.0,145.0,5,1795.885,32000,dataset\segments\Psittacula_krameri\XC1090602-PerruhesBx_segment_0056.wav,train
XC1090602-PerruhesBx_segment_0057.wav,XC1090602-PerruhesBx,Rose-ringed Parakeet,Psittacula krameri,XC1090602-PerruhesBx.wav,57,142.5,147.5,5,1795.885,32000,dataset\segments\Psittacula_krameri\XC1090602-PerruhesBx_segment_0057.wav,train
XC1090602-PerruhesBx_segment_0058.wav,XC1090602-PerruhesBx,Rose-ringed Parakeet,Psittacula krameri,XC1090602-PerruhesBx.wav,58,145.0,150.0,5,1795.885,32000,dataset\segments\Psittacula_krameri\XC1090602-PerruhesBx_segment_0058.wav,train
XC1090602-PerruhesBx_segment_0059.wav,XC1090602-PerruhesBx,Rose-ringed Parakeet,Psittacula krameri,XC1090602-PerruhesBx.wav,59,147.5,152.5,5,1795.885,32000,dataset\segments\Psittacula_krameri\XC1090602-PerruhesBx_segment_0059.wav,train
XC1090602-PerruhesBx_segment_0060.wav,XC1090602-PerruhesBx,Rose-ringed Parakeet,Psittacula krameri,XC1090602-PerruhesBx.wav,60,150.0,155.0,5,1795.885,32000,dataset\segments\Psittacula_krameri\XC1090602-PerruhesBx_segment_0060.wav,train
XC1090602-PerruhesBx_segment_0061.wav,XC1090602-PerruhesBx,Rose-ringed Parakeet,Psittacula krameri,XC1090602-PerruhesBx.wav,61,152.5,157.5,5,1795.885,32000,dataset\segments\Psittacula_krameri\XC1090602-PerruhesBx_segment_0061.wav,train
XC1090602-PerruhesBx_segment_0062.wav,XC1090602-PerruhesBx,Rose-ringed Parakeet,Psittacula krameri,XC1090602-PerruhesBx.wav,62,155.0,160.0,5,1795.885,32000,dataset\segments\Psittacula_krameri\XC1090602-PerruhesBx_segment_0062.wav,train
XC1090602-PerruhesBx_segment_0063.wav,XC1090602-PerruhesBx,Rose-ringed Parakeet,Psittacula krameri,XC1090602-PerruhesBx.wav,63,157.5,162.5,5,1795.885,32000,dataset\segments\Psittacula_krameri\XC1090602-PerruhesBx_segment_0063.wav,train
XC1090602-PerruhesBx_segment_0064.wav,XC1090602-PerruhesBx,Rose-ringed Parakeet,Psittacula krameri,XC1090602-PerruhesBx.wav,64,160.0,165.0,5,1795.885,32000,dataset\segments\Psittacula_krameri\XC1090602-PerruhesBx_segment_0064.wav,train
XC1090602-PerruhesBx_segment_0065.wav,XC1090602-PerruhesBx,Rose-ringed Parakeet,Psittacula krameri,XC1090602-PerruhesBx.wav,65,162.5,167.5,5,1795.885,32000,dataset\segments\Psittacula_krameri\XC1090602-PerruhesBx_segment_0065.wav,train
XC1090602-PerruhesBx_segment_0066.wav,XC1090602-PerruhesBx,Rose-ringed Parakeet,Psittacula krameri,XC1090602-PerruhesBx.wav,66,165.0,170.0,5,1795.885,32000,dataset\segments\Psittacula_krameri\XC1090602-PerruhesBx_segment_0066.wav,train
XC1090602-PerruhesBx_segment_0067.wav,XC1090602-PerruhesBx,Rose-ringed Parakeet,Psittacula krameri,XC1090602-PerruhesBx.wav,67,167.5,172.5,5,1795.885,32000,dataset\segments\Psittacula_krameri\XC1090602-PerruhesBx_segment_0067.wav,train
XC1090602-PerruhesBx_segment_0068.wav,XC1090602-PerruhesBx,Rose-ringed Parakeet,Psittacula krameri,XC1090602-PerruhesBx.wav,68,170.0,175.0,5,1795.885,32000,dataset\segments\Psittacula_krameri\XC1090602-PerruhesBx_segment_0068.wav,train
XC1090602-PerruhesBx_segment_0069.wav,XC1090602-PerruhesBx,Rose-ringed Parakeet,Psittacula krameri,XC1090602-PerruhesBx.wav,69,172.5,177.5,5,1795.885,32000,dataset\segments\Psittacula_krameri\XC1090602-PerruhesBx_segment_0069.wav,train
XC1090602-PerruhesBx_segment_0070.wav,XC1090602-PerruhesBx,Rose-ringed Parakeet,Psittacula krameri,XC1090602-PerruhesBx.wav,70,175.0,180.0,5,1795.885,32000,dataset\segments\Psittacula_krameri\XC1090602-PerruhesBx_segment_0070.wav,train
XC1090602-PerruhesBx_segment_0071.wav,XC1090602-PerruhesBx,Rose-ringed Parakeet,Psittacula krameri,XC1090602-PerruhesBx.wav,71,177.5,182.5,5,1795.885,32000,dataset\segments\Psittacula_krameri\XC1090602-PerruhesBx_segment_0071.wav,train
XC1090602-PerruhesBx_segment_0072.wav,XC1090602-PerruhesBx,Rose-ringed Parakeet,Psittacula krameri,XC1090602-PerruhesBx.wav,72,180.0,185.0,5,1795.885,32000,dataset\segments\Psittacula_krameri\XC1090602-PerruhesBx_segment_0072.wav,train
XC1090602-PerruhesBx_segment_0073.wav,XC1090602-PerruhesBx,Rose-ringed Parakeet,Psittacula krameri,XC1090602-PerruhesBx.wav,73,182.5,187.5,5,1795.885,32000,dataset\segments\Psittacula_krameri\XC1090602-PerruhesBx_segment_0073.wav,train
XC1090602-PerruhesBx_segment_0074.wav,XC1090602-PerruhesBx,Rose-ringed Parakeet,Psittacula krameri,XC1090602-PerruhesBx.wav,74,185.0,190.0,5,1795.885,32000,dataset\segments\Psittacula_krameri\XC1090602-PerruhesBx_segment_0074.wav,train
XC1090602-PerruhesBx_segment_0075.wav,XC1090602-PerruhesBx,Rose-ringed Parakeet,Psittacula krameri,XC1090602-PerruhesBx.wav,75,187.5,192.5,5,1795.885,32000,dataset\segments\Psittacula_krameri\XC1090602-PerruhesBx_segment_0075.wav,train
XC1090602-PerruhesBx_segment_0076.wav,XC1090602-PerruhesBx,Rose-ringed Parakeet,Psittacula krameri,XC1090602-PerruhesBx.wav,76,190.0,195.0,5,1795.885,32000,dataset\segments\Psittacula_krameri\XC1090602-PerruhesBx_segment_0076.wav,train
XC1090602-PerruhesBx_segment_0077.wav,XC1090602-PerruhesBx,Rose-ringed Parakeet,Psittacula krameri,XC1090602-PerruhesBx.wav,77,192.5,197.5,5,1795.885,32000,dataset\segments\Psittacula_krameri\XC1090602-PerruhesBx_segment_0077.wav,train
XC1090602-PerruhesBx_segment_0078.wav,XC1090602-PerruhesBx,Rose-ringed Parakeet,Psittacula krameri,XC1090602-PerruhesBx.wav,78,195.0,200.0,5,1795.885,32000,dataset\segments\Psittacula_krameri\XC1090602-PerruhesBx_segment_0078.wav,train
XC1090602-PerruhesBx_segment_0079.wav,XC1090602-PerruhesBx,Rose-ringed Parakeet,Psittacula krameri,XC1090602-PerruhesBx.wav,79,197.5,202.5,5,1795.885,32000,dataset\segments\Psittacula_krameri\XC1090602-PerruhesBx_segment_0079.wav,train
XC1090602-PerruhesBx_segment_0080.wav,XC1090602-PerruhesBx,Rose-ringed Parakeet,Psittacula krameri,XC1090602-PerruhesBx.wav,80,200.0,205.0,5,1795.885,32000,dataset\segments\Psittacula_krameri\XC1090602-PerruhesBx_segment_0080.wav,train
XC1090602-PerruhesBx_segment_0081.wav,XC1090602-PerruhesBx,Rose-ringed Parakeet,Psittacula krameri,XC1090602-PerruhesBx.wav,81,202.5,207.5,5,1795.885,32000,dataset\segments\Psittacula_krameri\XC1090602-PerruhesBx_segment_0081.wav,train
XC1090602-PerruhesBx_segment_0082.wav,XC1090602-PerruhesBx,Rose-ringed Parakeet,Psittacula krameri,XC1090602-PerruhesBx.wav,82,205.0,210.0,5,1795.885,32000,dataset\segments\Psittacula_krameri\XC1090602-PerruhesBx_segment_0082.wav,train
XC1090602-PerruhesBx_segment_0083.wav,XC1090602-PerruhesBx,Rose-ringed Parakeet,Psittacula krameri,XC1090602-PerruhesBx.wav,83,207.5,212.5,5,1795.885,32000,dataset\segments\Psittacula_krameri\XC1090602-PerruhesBx_segment_0083.wav,train
XC1090602-PerruhesBx_segment_0084.wav,XC1090602-PerruhesBx,Rose-ringed Parakeet,Psittacula krameri,XC1090602-PerruhesBx.wav,84,210.0,215.0,5,1795.885,32000,dataset\segments\Psittacula_krameri\XC1090602-PerruhesBx_segment_0084.wav,train
XC1090602-PerruhesBx_segment_0085.wav,XC1090602-PerruhesBx,Rose-ringed Parakeet,Psittacula krameri,XC1090602-PerruhesBx.wav,85,212.5,217.5,5,1795.885,32000,dataset\segments\Psittacula_krameri\XC1090602-PerruhesBx_segment_0085.wav,train
XC1090602-PerruhesBx_segment_0086.wav,XC1090602-PerruhesBx,Rose-ringed Parakeet,Psittacula krameri,XC1090602-PerruhesBx.wav,86,215.0,220.0,5,1795.885,32000,dataset\segments\Psittacula_krameri\XC1090602-PerruhesBx_segment_0086.wav,train
XC1090602-PerruhesBx_segment_0087.wav,XC1090602-PerruhesBx,Rose-ringed Parakeet,Psittacula krameri,XC1090602-PerruhesBx.wav,87,217.5,222.5,5,1795.885,32000,dataset\segments\Psittacula_krameri\XC1090602-PerruhesBx_segment_0087.wav,train
XC1090602-PerruhesBx_segment_0088.wav,XC1090602-PerruhesBx,Rose-ringed Parakeet,Psittacula krameri,XC1090602-PerruhesBx.wav,88,220.0,225.0,5,1795.885,32000,dataset\segments\Psittacula_krameri\XC1090602-PerruhesBx_segment_0088.wav,train
XC1090602-PerruhesBx_segment_0089.wav,XC1090602-PerruhesBx,Rose-ringed Parakeet,Psittacula krameri,XC1090602-PerruhesBx.wav,89,222.5,227.5,5,1795.885,32000,dataset\segments\Psittacula_krameri\XC1090602-PerruhesBx_segment_0089.wav,train
XC1090602-PerruhesBx_segment_0090.wav,XC1090602-PerruhesBx,Rose-ringed Parakeet,Psittacula krameri,XC1090602-PerruhesBx.wav,90,225.0,230.0,5,1795.885,32000,dataset\segments\Psittacula_krameri\XC1090602-PerruhesBx_segment_0090.wav,train
XC1090602-PerruhesBx_segment_0091.wav,XC1090602-PerruhesBx,Rose-ringed Parakeet,Psittacula krameri,XC1090602-PerruhesBx.wav,91,227.5,232.5,5,1795.885,32000,dataset\segments\Psittacula_krameri\XC1090602-PerruhesBx_segment_0091.wav,train
XC1090602-PerruhesBx_segment_0092.wav,XC1090602-PerruhesBx,Rose-ringed Parakeet,Psittacula krameri,XC1090602-PerruhesBx.wav,92,230.0,235.0,5,1795.885,32000,dataset\segments\Psittacula_krameri\XC1090602-PerruhesBx_segment_0092.wav,train
XC1090602-PerruhesBx_segment_0093.wav,XC1090602-PerruhesBx,Rose-ringed Parakeet,Psittacula krameri,XC1090602-PerruhesBx.wav,93,232.5,237.5,5,1795.885,32000,dataset\segments\Psittacula_krameri\XC1090602-PerruhesBx_segment_0093.wav,train
XC1090602-PerruhesBx_segment_0094.wav,XC1090602-PerruhesBx,Rose-ringed Parakeet,Psittacula krameri,XC1090602-PerruhesBx.wav,94,235.0,240.0,5,1795.885,32000,dataset\segments\Psittacula_krameri\XC1090602-PerruhesBx_segment_0094.wav,train
XC1090602-PerruhesBx_segment_0095.wav,XC1090602-PerruhesBx,Rose-ringed Parakeet,Psittacula krameri,XC1090602-PerruhesBx.wav,95,237.5,242.5,5,1795.885,32000,dataset\segments\Psittacula_krameri\XC1090602-PerruhesBx_segment_0095.wav,train
XC1090602-PerruhesBx_segment_0096.wav,XC1090602-PerruhesBx,Rose-ringed Parakeet,Psittacula krameri,XC1090602-PerruhesBx.wav,96,240.0,245.0,5,1795.885,32000,dataset\segments\Psittacula_krameri\XC1090602-PerruhesBx_segment_0096.wav,train
XC1090602-PerruhesBx_segment_0097.wav,XC1090602-PerruhesBx,Rose-ringed Parakeet,Psittacula krameri,XC1090602-PerruhesBx.wav,97,242.5,247.5,5,1795.885,32000,dataset\segments\Psittacula_krameri\XC1090602-PerruhesBx_segment_0097.wav,train
XC1090602-PerruhesBx_segment_0098.wav,XC1090602-PerruhesBx,Rose-ringed Parakeet,Psittacula krameri,XC1090602-PerruhesBx.wav,98,245.0,250.0,5,1795.885,32000,dataset\segments\Psittacula_krameri\XC1090602-PerruhesBx_segment_0098.wav,train
XC1090602-PerruhesBx_segment_0099.wav,XC1090602-PerruhesBx,Rose-ringed Parakeet,Psittacula krameri,XC1090602-PerruhesBx.wav,99,247.5,252.5,5,1795.885,32000,dataset\segments\Psittacula_krameri\XC1090602-PerruhesBx_segment_0099.wav,train
XC1090602-PerruhesBx_segment_0100.wav,XC1090602-PerruhesBx,Rose-ringed Parakeet,Psittacula krameri,XC1090602-PerruhesBx.wav,100,250.0,255.0,5,1795.885,32000,dataset\segments\Psittacula_krameri\XC1090602-PerruhesBx_segment_0100.wav,train
XC1090602-PerruhesBx_segment_0101.wav,XC1090602-PerruhesBx,Rose-ringed Parakeet,Psittacula krameri,XC1090602-PerruhesBx.wav,101,252.5,257.5,5,1795.885,32000,dataset\segments\Psittacula_krameri\XC1090602-PerruhesBx_segment_0101.wav,train
XC1090602-PerruhesBx_segment_0102.wav,XC1090602-PerruhesBx,Rose-ringed Parakeet,Psittacula krameri,XC1090602-PerruhesBx.wav,102,255.0,260.0,5,1795.885,32000,dataset\segments\Psittacula_krameri\XC1090602-PerruhesBx_segment_0102.wav,train
XC1090602-PerruhesBx_segment_0103.wav,XC1090602-PerruhesBx,Rose-ringed Parakeet,Psittacula krameri,XC1090602-PerruhesBx.wav,103,257.5,262.5,5,1795.885,32000,dataset\segments\Psittacula_krameri\XC1090602-PerruhesBx_segment_0103.wav,train
XC1090602-PerruhesBx_segment_0104.wav,XC1090602-PerruhesBx,Rose-ringed Parakeet,Psittacula krameri,XC1090602-PerruhesBx.wav,104,260.0,265.0,5,1795.885,32000,dataset\segments\Psittacula_krameri\XC1090602-PerruhesBx_segment_0104.wav,train
XC1090602-PerruhesBx_segment_0105.wav,XC1090602-PerruhesBx,Rose-ringed Parakeet,Psittacula krameri,XC1090602-PerruhesBx.wav,105,262.5,267.5,5,1795.885,32000,dataset\segments\Psittacula_krameri\XC1090602-PerruhesBx_segment_0105.wav,train
XC1090602-PerruhesBx_segment_0106.wav,XC1090602-PerruhesBx,Rose-ringed Parakeet,Psittacula krameri,XC1090602-PerruhesBx.wav,106,265.0,270.0,5,1795.885,32000,dataset\segments\Psittacula_krameri\XC1090602-PerruhesBx_segment_0106.wav,train
XC1090602-PerruhesBx_segment_0107.wav,XC1090602-PerruhesBx,Rose-ringed Parakeet,Psittacula krameri,XC1090602-PerruhesBx.wav,107,267.5,272.5,5,1795.885,32000,dataset\segments\Psittacula_krameri\XC1090602-PerruhesBx_segment_0107.wav,train
XC1090602-PerruhesBx_segment_0108.wav,XC1090602-PerruhesBx,Rose-ringed Parakeet,Psittacula krameri,XC1090602-PerruhesBx.wav,108,270.0,275.0,5,1795.885,32000,dataset\segments\Psittacula_krameri\XC1090602-PerruhesBx_segment_0108.wav,train
XC1090602-PerruhesBx_segment_0109.wav,XC1090602-PerruhesBx,Rose-ringed Parakeet,Psittacula krameri,XC1090602-PerruhesBx.wav,109,272.5,277.5,5,1795.885,32000,dataset\segments\Psittacula_krameri\XC1090602-PerruhesBx_segment_0109.wav,train
XC1090602-PerruhesBx_segment_0110.wav,XC1090602-PerruhesBx,Rose-ringed Parakeet,Psittacula krameri,XC1090602-PerruhesBx.wav,110,275.0,280.0,5,1795.885,32000,dataset\segments\Psittacula_krameri\XC1090602-PerruhesBx_segment_0110.wav,train
XC1090602-PerruhesBx_segment_0111.wav,XC1090602-PerruhesBx,Rose-ringed Parakeet,Psittacula krameri,XC1090602-PerruhesBx.wav,111,277.5,282.5,5,1795.885,32000,dataset\segments\Psittacula_krameri\XC1090602-PerruhesBx_segment_0111.wav,train
XC1090602-PerruhesBx_segment_0112.wav,XC1090602-PerruhesBx,Rose-ringed Parakeet,Psittacula krameri,XC1090602-PerruhesBx.wav,112,280.0,285.0,5,1795.885,32000,dataset\segments\Psittacula_krameri\XC1090602-PerruhesBx_segment_0112.wav,train
XC1090602-PerruhesBx_segment_0113.wav,XC1090602-PerruhesBx,Rose-ringed Parakeet,Psittacula krameri,XC1090602-PerruhesBx.wav,113,282.5,287.5,5,1795.885,32000,dataset\segments\Psittacula_krameri\XC1090602-PerruhesBx_segment_0113.wav,train
XC1090602-PerruhesBx_segment_0114.wav,XC1090602-PerruhesBx,Rose-ringed Parakeet,Psittacula krameri,XC1090602-PerruhesBx.wav,114,285.0,290.0,5,1795.885,32000,dataset\segments\Psittacula_krameri\XC1090602-PerruhesBx_segment_0114.wav,train
XC1090602-PerruhesBx_segment_0115.wav,XC1090602-PerruhesBx,Rose-ringed Parakeet,Psittacula krameri,XC1090602-PerruhesBx.wav,115,287.5,292.5,5,1795.885,32000,dataset\segments\Psittacula_krameri\XC1090602-PerruhesBx_segment_0115.wav,train
XC1090602-PerruhesBx_segment_0116.wav,XC1090602-PerruhesBx,Rose-ringed Parakeet,Psittacula krameri,XC1090602-PerruhesBx.wav,116,290.0,295.0,5,1795.885,32000,dataset\segments\Psittacula_krameri\XC1090602-PerruhesBx_segment_0116.wav,train
XC1090602-PerruhesBx_segment_0117.wav,XC1090602-PerruhesBx,Rose-ringed Parakeet,Psittacula krameri,XC1090602-PerruhesBx.wav,117,292.5,297.5,5,1795.885,32000,dataset\segments\Psittacula_krameri\XC1090602-PerruhesBx_segment_0117.wav,train
XC1090602-PerruhesBx_segment_0118.wav,XC1090602-PerruhesBx,Rose-ringed Parakeet,Psittacula krameri,XC1090602-PerruhesBx.wav,118,295.0,300.0,5,1795.885,32000,dataset\segments\Psittacula_krameri\XC1090602-PerruhesBx_segment_0118.wav,train
XC1090602-PerruhesBx_segment_0119.wav,XC1090602-PerruhesBx,Rose-ringed Parakeet,Psittacula krameri,XC1090602-PerruhesBx.wav,119,297.5,302.5,5,1795.885,32000,dataset\segments\Psittacula_krameri\XC1090602-PerruhesBx_segment_0119.wav,train
XC1090602-PerruhesBx_segment_0120.wav,XC1090602-PerruhesBx,Rose-ringed Parakeet,Psittacula krameri,XC1090602-PerruhesBx.wav,120,300.0,305.0,5,1795.885,32000,dataset\segments\Psittacula_krameri\XC1090602-PerruhesBx_segment_0120.wav,train
XC1090602-PerruhesBx_segment_0121.wav,XC1090602-PerruhesBx,Rose-ringed Parakeet,Psittacula krameri,XC1090602-PerruhesBx.wav,121,302.5,307.5,5,1795.885,32000,dataset\segments\Psittacula_krameri\XC1090602-PerruhesBx_segment_0121.wav,train
XC1090602-PerruhesBx_segment_0122.wav,XC1090602-PerruhesBx,Rose-ringed Parakeet,Psittacula krameri,XC1090602-PerruhesBx.wav,122,305.0,310.0,5,1795.885,32000,dataset\segments\Psittacula_krameri\XC1090602-PerruhesBx_segment_0122.wav,train
XC1090602-PerruhesBx_segment_0123.wav,XC1090602-PerruhesBx,Rose-ringed Parakeet,Psittacula krameri,XC1090602-PerruhesBx.wav,123,307.5,312.5,5,1795.885,32000,dataset\segments\Psittacula_krameri\XC1090602-PerruhesBx_segment_0123.wav,train
XC1090602-PerruhesBx_segment_0124.wav,XC1090602-PerruhesBx,Rose-ringed Parakeet,Psittacula krameri,XC1090602-PerruhesBx.wav,124,310.0,315.0,5,1795.885,32000,dataset\segments\Psittacula_krameri\XC1090602-PerruhesBx_segment_0124.wav,train
XC1090602-PerruhesBx_segment_0125.wav,XC1090602-PerruhesBx,Rose-ringed Parakeet,Psittacula krameri,XC1090602-PerruhesBx.wav,125,312.5,317.5,5,1795.885,32000,dataset\segments\Psittacula_krameri\XC1090602-PerruhesBx_segment_0125.wav,train
XC1090602-PerruhesBx_segment_0126.wav,XC1090602-PerruhesBx,Rose-ringed Parakeet,Psittacula krameri,XC1090602-PerruhesBx.wav,126,315.0,320.0,5,1795.885,32000,dataset\segments\Psittacula_krameri\XC1090602-PerruhesBx_segment_0126.wav,train
XC1090602-PerruhesBx_segment_0127.wav,XC1090602-PerruhesBx,Rose-ringed Parakeet,Psittacula krameri,XC1090602-PerruhesBx.wav,127,317.5,322.5,5,1795.885,32000,dataset\segments\Psittacula_krameri\XC1090602-PerruhesBx_segment_0127.wav,train
XC1090602-PerruhesBx_segment_0128.wav,XC1090602-PerruhesBx,Rose-ringed Parakeet,Psittacula krameri,XC1090602-PerruhesBx.wav,128,320.0,325.0,5,1795.885,32000,dataset\segments\Psittacula_krameri\XC1090602-PerruhesBx_segment_0128.wav,train
XC1090602-PerruhesBx_segment_0129.wav,XC1090602-PerruhesBx,Rose-ringed Parakeet,Psittacula krameri,XC1090602-PerruhesBx.wav,129,322.5,327.5,5,1795.885,32000,dataset\segments\Psittacula_krameri\XC1090602-PerruhesBx_segment_0129.wav,train
XC1090602-PerruhesBx_segment_0130.wav,XC1090602-PerruhesBx,Rose-ringed Parakeet,Psittacula krameri,XC1090602-PerruhesBx.wav,130,325.0,330.0,5,1795.885,32000,dataset\segments\Psittacula_krameri\XC1090602-PerruhesBx_segment_0130.wav,train
XC1090602-PerruhesBx_segment_0131.wav,XC1090602-PerruhesBx,Rose-ringed Parakeet,Psittacula krameri,XC1090602-PerruhesBx.wav,131,327.5,332.5,5,1795.885,32000,dataset\segments\Psittacula_krameri\XC1090602-PerruhesBx_segment_0131.wav,train
XC1090602-PerruhesBx_segment_0132.wav,XC1090602-PerruhesBx,Rose-ringed Parakeet,Psittacula krameri,XC1090602-PerruhesBx.wav,132,330.0,335.0,5,1795.885,32000,dataset\segments\Psittacula_krameri\XC1090602-PerruhesBx_segment_0132.wav,train
XC1090602-PerruhesBx_segment_0133.wav,XC1090602-PerruhesBx,Rose-ringed Parakeet,Psittacula krameri,XC1090602-PerruhesBx.wav,133,332.5,337.5,5,1795.885,32000,dataset\segments\Psittacula_krameri\XC1090602-PerruhesBx_segment_0133.wav,train
XC1090602-PerruhesBx_segment_0134.wav,XC1090602-PerruhesBx,Rose-ringed Parakeet,Psittacula krameri,XC1090602-PerruhesBx.wav,134,335.0,340.0,5,1795.885,32000,dataset\segments\Psittacula_krameri\XC1090602-PerruhesBx_segment_0134.wav,train
XC1090602-PerruhesBx_segment_0135.wav,XC1090602-PerruhesBx,Rose-ringed Parakeet,Psittacula krameri,XC1090602-PerruhesBx.wav,135,337.5,342.5,5,1795.885,32000,dataset\segments\Psittacula_krameri\XC1090602-PerruhesBx_segment_0135.wav,train
XC1090602-PerruhesBx_segment_0136.wav,XC1090602-PerruhesBx,Rose-ringed Parakeet,Psittacula krameri,XC1090602-PerruhesBx.wav,136,340.0,345.0,5,1795.885,32000,dataset\segments\Psittacula_krameri\XC1090602-PerruhesBx_segment_0136.wav,train
XC1090602-PerruhesBx_segment_0137.wav,XC1090602-PerruhesBx,Rose-ringed Parakeet,Psittacula krameri,XC1090602-PerruhesBx.wav,137,342.5,347.5,5,1795.885,32000,dataset\segments\Psittacula_krameri\XC1090602-PerruhesBx_segment_0137.wav,train
XC1090602-PerruhesBx_segment_0138.wav,XC1090602-PerruhesBx,Rose-ringed Parakeet,Psittacula krameri,XC1090602-PerruhesBx.wav,138,345.0,350.0,5,1795.885,32000,dataset\segments\Psittacula_krameri\XC1090602-PerruhesBx_segment_0138.wav,train
XC1090602-PerruhesBx_segment_0139.wav,XC1090602-PerruhesBx,Rose-ringed Parakeet,Psittacula krameri,XC1090602-PerruhesBx.wav,139,347.5,352.5,5,1795.885,32000,dataset\segments\Psittacula_krameri\XC1090602-PerruhesBx_segment_0139.wav,train
XC1090602-PerruhesBx_segment_0140.wav,XC1090602-PerruhesBx,Rose-ringed Parakeet,Psittacula krameri,XC1090602-PerruhesBx.wav,140,350.0,355.0,5,1795.885,32000,dataset\segments\Psittacula_krameri\XC1090602-PerruhesBx_segment_0140.wav,train
XC1090602-PerruhesBx_segment_0141.wav,XC1090602-PerruhesBx,Rose-ringed Parakeet,Psittacula krameri,XC1090602-PerruhesBx.wav,141,352.5,357.5,5,1795.885,32000,dataset\segments\Psittacula_krameri\XC1090602-PerruhesBx_segment_0141.wav,train
XC1090602-PerruhesBx_segment_0142.wav,XC1090602-PerruhesBx,Rose-ringed Parakeet,Psittacula krameri,XC1090602-PerruhesBx.wav,142,355.0,360.0,5,1795.885,32000,dataset\segments\Psittacula_krameri\XC1090602-PerruhesBx_segment_0142.wav,train
XC1090602-PerruhesBx_segment_0143.wav,XC1090602-PerruhesBx,Rose-ringed Parakeet,Psittacula krameri,XC1090602-PerruhesBx.wav,143,357.5,362.5,5,1795.885,32000,dataset\segments\Psittacula_krameri\XC1090602-PerruhesBx_segment_0143.wav,train
XC1090602-PerruhesBx_segment_0144.wav,XC1090602-PerruhesBx,Rose-ringed Parakeet,Psittacula krameri,XC1090602-PerruhesBx.wav,144,360.0,365.0,5,1795.885,32000,dataset\segments\Psittacula_krameri\XC1090602-PerruhesBx_segment_0144.wav,train
XC1090602-PerruhesBx_segment_0145.wav,XC1090602-PerruhesBx,Rose-ringed Parakeet,Psittacula krameri,XC1090602-PerruhesBx.wav,145,362.5,367.5,5,1795.885,32000,dataset\segments\Psittacula_krameri\XC1090602-PerruhesBx_segment_0145.wav,train
XC1090602-PerruhesBx_segment_0146.wav,XC1090602-PerruhesBx,Rose-ringed Parakeet,Psittacula krameri,XC1090602-PerruhesBx.wav,146,365.0,370.0,5,1795.885,32000,dataset\segments\Psittacula_krameri\XC1090602-PerruhesBx_segment_0146.wav,train
XC1090602-PerruhesBx_segment_0147.wav,XC1090602-PerruhesBx,Rose-ringed Parakeet,Psittacula krameri,XC1090602-PerruhesBx.wav,147,367.5,372.5,5,1795.885,32000,dataset\segments\Psittacula_krameri\XC1090602-PerruhesBx_segment_0147.wav,train
XC1090602-PerruhesBx_segment_0148.wav,XC1090602-PerruhesBx,Rose-ringed Parakeet,Psittacula krameri,XC1090602-PerruhesBx.wav,148,370.0,375.0,5,1795.885,32000,dataset\segments\Psittacula_krameri\XC1090602-PerruhesBx_segment_0148.wav,train
XC1090602-PerruhesBx_segment_0149.wav,XC1090602-PerruhesBx,Rose-ringed Parakeet,Psittacula krameri,XC1090602-PerruhesBx.wav,149,372.5,377.5,5,1795.885,32000,dataset\segments\Psittacula_krameri\XC1090602-PerruhesBx_segment_0149.wav,train
XC1090602-PerruhesBx_segment_0150.wav,XC1090602-PerruhesBx,Rose-ringed Parakeet,Psittacula krameri,XC1090602-PerruhesBx.wav,150,375.0,380.0,5,1795.885,32000,dataset\segments\Psittacula_krameri\XC1090602-PerruhesBx_segment_0150.wav,train
XC1090602-PerruhesBx_segment_0151.wav,XC1090602-PerruhesBx,Rose-ringed Parakeet,Psittacula krameri,XC1090602-PerruhesBx.wav,151,377.5,382.5,5,1795.885,32000,dataset\segments\Psittacula_krameri\XC1090602-PerruhesBx_segment_0151.wav,train
XC1090602-PerruhesBx_segment_0152.wav,XC1090602-PerruhesBx,Rose-ringed Parakeet,Psittacula krameri,XC1090602-PerruhesBx.wav,152,380.0,385.0,5,1795.885,32000,dataset\segments\Psittacula_krameri\XC1090602-PerruhesBx_segment_0152.wav,train
XC1090602-PerruhesBx_segment_0153.wav,XC1090602-PerruhesBx,Rose-ringed Parakeet,Psittacula krameri,XC1090602-PerruhesBx.wav,153,382.5,387.5,5,1795.885,32000,dataset\segments\Psittacula_krameri\XC1090602-PerruhesBx_segment_0153.wav,train
XC1090602-PerruhesBx_segment_0154.wav,XC1090602-PerruhesBx,Rose-ringed Parakeet,Psittacula krameri,XC1090602-PerruhesBx.wav,154,385.0,390.0,5,1795.885,32000,dataset\segments\Psittacula_krameri\XC1090602-PerruhesBx_segment_0154.wav,train
XC1090602-PerruhesBx_segment_0155.wav,XC1090602-PerruhesBx,Rose-ringed Parakeet,Psittacula krameri,XC1090602-PerruhesBx.wav,155,387.5,392.5,5,1795.885,32000,dataset\segments\Psittacula_krameri\XC1090602-PerruhesBx_segment_0155.wav,train
XC1090602-PerruhesBx_segment_0156.wav,XC1090602-PerruhesBx,Rose-ringed Parakeet,Psittacula krameri,XC1090602-PerruhesBx.wav,156,390.0,395.0,5,1795.885,32000,dataset\segments\Psittacula_krameri\XC1090602-PerruhesBx_segment_0156.wav,train
XC1090602-PerruhesBx_segment_0157.wav,XC1090602-PerruhesBx,Rose-ringed Parakeet,Psittacula krameri,XC1090602-PerruhesBx.wav,157,392.5,397.5,5,1795.885,32000,dataset\segments\Psittacula_krameri\XC1090602-PerruhesBx_segment_0157.wav,train
XC1090602-PerruhesBx_segment_0158.wav,XC1090602-PerruhesBx,Rose-ringed Parakeet,Psittacula krameri,XC1090602-PerruhesBx.wav,158,395.0,400.0,5,1795.885,32000,dataset\segments\Psittacula_krameri\XC1090602-PerruhesBx_segment_0158.wav,train
XC1090602-PerruhesBx_segment_0159.wav,XC1090602-PerruhesBx,Rose-ringed Parakeet,Psittacula krameri,XC1090602-PerruhesBx.wav,159,397.5,402.5,5,1795.885,32000,dataset\segments\Psittacula_krameri\XC1090602-PerruhesBx_segment_0159.wav,train
XC1090602-PerruhesBx_segment_0160.wav,XC1090602-PerruhesBx,Rose-ringed Parakeet,Psittacula krameri,XC1090602-PerruhesBx.wav,160,400.0,405.0,5,1795.885,32000,dataset\segments\Psittacula_krameri\XC1090602-PerruhesBx_segment_0160.wav,train
XC1090602-PerruhesBx_segment_0161.wav,XC1090602-PerruhesBx,Rose-ringed Parakeet,Psittacula krameri,XC1090602-PerruhesBx.wav,161,402.5,407.5,5,1795.885,32000,dataset\segments\Psittacula_krameri\XC1090602-PerruhesBx_segment_0161.wav,train
XC1090602-PerruhesBx_segment_0162.wav,XC1090602-PerruhesBx,Rose-ringed Parakeet,Psittacula krameri,XC1090602-PerruhesBx.wav,162,405.0,410.0,5,1795.885,32000,dataset\segments\Psittacula_krameri\XC1090602-PerruhesBx_segment_0162.wav,train
XC1090602-PerruhesBx_segment_0163.wav,XC1090602-PerruhesBx,Rose-ringed Parakeet,Psittacula krameri,XC1090602-PerruhesBx.wav,163,407.5,412.5,5,1795.885,32000,dataset\segments\Psittacula_krameri\XC1090602-PerruhesBx_segment_0163.wav,train
XC1090602-PerruhesBx_segment_0164.wav,XC1090602-PerruhesBx,Rose-ringed Parakeet,Psittacula krameri,XC1090602-PerruhesBx.wav,164,410.0,415.0,5,1795.885,32000,dataset\segments\Psittacula_krameri\XC1090602-PerruhesBx_segment_0164.wav,train
XC1090602-PerruhesBx_segment_0165.wav,XC1090602-PerruhesBx,Rose-ringed Parakeet,Psittacula krameri,XC1090602-PerruhesBx.wav,165,412.5,417.5,5,1795.885,32000,dataset\segments\Psittacula_krameri\XC1090602-PerruhesBx_segment_0165.wav,train
XC1090602-PerruhesBx_segment_0166.wav,XC1090602-PerruhesBx,Rose-ringed Parakeet,Psittacula krameri,XC1090602-PerruhesBx.wav,166,415.0,420.0,5,1795.885,32000,dataset\segments\Psittacula_krameri\XC1090602-PerruhesBx_segment_0166.wav,train
XC1090602-PerruhesBx_segment_0167.wav,XC1090602-PerruhesBx,Rose-ringed Parakeet,Psittacula krameri,XC1090602-PerruhesBx.wav,167,417.5,422.5,5,1795.885,32000,dataset\segments\Psittacula_krameri\XC1090602-PerruhesBx_segment_0167.wav,train
XC1090602-PerruhesBx_segment_0168.wav,XC1090602-PerruhesBx,Rose-ringed Parakeet,Psittacula krameri,XC1090602-PerruhesBx.wav,168,420.0,425.0,5,1795.885,32000,dataset\segments\Psittacula_krameri\XC1090602-PerruhesBx_segment_0168.wav,train
XC1090602-PerruhesBx_segment_0169.wav,XC1090602-PerruhesBx,Rose-ringed Parakeet,Psittacula krameri,XC1090602-PerruhesBx.wav,169,422.5,427.5,5,1795.885,32000,dataset\segments\Psittacula_krameri\XC1090602-PerruhesBx_segment_0169.wav,train
XC1090602-PerruhesBx_segment_0170.wav,XC1090602-PerruhesBx,Rose-ringed Parakeet,Psittacula krameri,XC1090602-PerruhesBx.wav,170,425.0,430.0,5,1795.885,32000,dataset\segments\Psittacula_krameri\XC1090602-PerruhesBx_segment_0170.wav,train
XC1090602-PerruhesBx_segment_0171.wav,XC1090602-PerruhesBx,Rose-ringed Parakeet,Psittacula krameri,XC1090602-PerruhesBx.wav,171,427.5,432.5,5,1795.885,32000,dataset\segments\Psittacula_krameri\XC1090602-PerruhesBx_segment_0171.wav,train
XC1090602-PerruhesBx_segment_0172.wav,XC1090602-PerruhesBx,Rose-ringed Parakeet,Psittacula krameri,XC1090602-PerruhesBx.wav,172,430.0,435.0,5,1795.885,32000,dataset\segments\Psittacula_krameri\XC1090602-PerruhesBx_segment_0172.wav,train
XC1090602-PerruhesBx_segment_0173.wav,XC1090602-PerruhesBx,Rose-ringed Parakeet,Psittacula krameri,XC1090602-PerruhesBx.wav,173,432.5,437.5,5,1795.885,32000,dataset\segments\Psittacula_krameri\XC1090602-PerruhesBx_segment_0173.wav,train
XC1090602-PerruhesBx_segment_0174.wav,XC1090602-PerruhesBx,Rose-ringed Parakeet,Psittacula krameri,XC1090602-PerruhesBx.wav,174,435.0,440.0,5,1795.885,32000,dataset\segments\Psittacula_krameri\XC1090602-PerruhesBx_segment_0174.wav,train
XC1090602-PerruhesBx_segment_0175.wav,XC1090602-PerruhesBx,Rose-ringed Parakeet,Psittacula krameri,XC1090602-PerruhesBx.wav,175,437.5,442.5,5,1795.885,32000,dataset\segments\Psittacula_krameri\XC1090602-PerruhesBx_segment_0175.wav,train
XC1090602-PerruhesBx_segment_0176.wav,XC1090602-PerruhesBx,Rose-ringed Parakeet,Psittacula krameri,XC1090602-PerruhesBx.wav,176,440.0,445.0,5,1795.885,32000,dataset\segments\Psittacula_krameri\XC1090602-PerruhesBx_segment_0176.wav,train
XC1090602-PerruhesBx_segment_0177.wav,XC1090602-PerruhesBx,Rose-ringed Parakeet,Psittacula krameri,XC1090602-PerruhesBx.wav,177,442.5,447.5,5,1795.885,32000,dataset\segments\Psittacula_krameri\XC1090602-PerruhesBx_segment_0177.wav,train
XC1090602-PerruhesBx_segment_0178.wav,XC1090602-PerruhesBx,Rose-ringed Parakeet,Psittacula krameri,XC1090602-PerruhesBx.wav,178,445.0,450.0,5,1795.885,32000,dataset\segments\Psittacula_krameri\XC1090602-PerruhesBx_segment_0178.wav,train
XC1090602-PerruhesBx_segment_0179.wav,XC1090602-PerruhesBx,Rose-ringed Parakeet,Psittacula krameri,XC1090602-PerruhesBx.wav,179,447.5,452.5,5,1795.885,32000,dataset\segments\Psittacula_krameri\XC1090602-PerruhesBx_segment_0179.wav,train
XC1090602-PerruhesBx_segment_0180.wav,XC1090602-PerruhesBx,Rose-ringed Parakeet,Psittacula krameri,XC1090602-PerruhesBx.wav,180,450.0,455.0,5,1795.885,32000,dataset\segments\Psittacula_krameri\XC1090602-PerruhesBx_segment_0180.wav,train
XC1090602-PerruhesBx_segment_0181.wav,XC1090602-PerruhesBx,Rose-ringed Parakeet,Psittacula krameri,XC1090602-PerruhesBx.wav,181,452.5,457.5,5,1795.885,32000,dataset\segments\Psittacula_krameri\XC1090602-PerruhesBx_segment_0181.wav,train
XC1090602-PerruhesBx_segment_0182.wav,XC1090602-PerruhesBx,Rose-ringed Parakeet,Psittacula krameri,XC1090602-PerruhesBx.wav,182,455.0,460.0,5,1795.885,32000,dataset\segments\Psittacula_krameri\XC1090602-PerruhesBx_segment_0182.wav,train
XC1090602-PerruhesBx_segment_0183.wav,XC1090602-PerruhesBx,Rose-ringed Parakeet,Psittacula krameri,XC1090602-PerruhesBx.wav,183,457.5,462.5,5,1795.885,32000,dataset\segments\Psittacula_krameri\XC1090602-PerruhesBx_segment_0183.wav,train
XC1090602-PerruhesBx_segment_0184.wav,XC1090602-PerruhesBx,Rose-ringed Parakeet,Psittacula krameri,XC1090602-PerruhesBx.wav,184,460.0,465.0,5,1795.885,32000,dataset\segments\Psittacula_krameri\XC1090602-PerruhesBx_segment_0184.wav,train
XC1090602-PerruhesBx_segment_0185.wav,XC1090602-PerruhesBx,Rose-ringed Parakeet,Psittacula krameri,XC1090602-PerruhesBx.wav,185,462.5,467.5,5,1795.885,32000,dataset\segments\Psittacula_krameri\XC1090602-PerruhesBx_segment_0185.wav,train
XC1090602-PerruhesBx_segment_0186.wav,XC1090602-PerruhesBx,Rose-ringed Parakeet,Psittacula krameri,XC1090602-PerruhesBx.wav,186,465.0,470.0,5,1795.885,32000,dataset\segments\Psittacula_krameri\XC1090602-PerruhesBx_segment_0186.wav,train
XC1090602-PerruhesBx_segment_0187.wav,XC1090602-PerruhesBx,Rose-ringed Parakeet,Psittacula krameri,XC1090602-PerruhesBx.wav,187,467.5,472.5,5,1795.885,32000,dataset\segments\Psittacula_krameri\XC1090602-PerruhesBx_segment_0187.wav,train
XC1090602-PerruhesBx_segment_0188.wav,XC1090602-PerruhesBx,Rose-ringed Parakeet,Psittacula krameri,XC1090602-PerruhesBx.wav,188,470.0,475.0,5,1795.885,32000,dataset\segments\Psittacula_krameri\XC1090602-PerruhesBx_segment_0188.wav,train
XC1090602-PerruhesBx_segment_0189.wav,XC1090602-PerruhesBx,Rose-ringed Parakeet,Psittacula krameri,XC1090602-PerruhesBx.wav,189,472.5,477.5,5,1795.885,32000,dataset\segments\Psittacula_krameri\XC1090602-PerruhesBx_segment_0189.wav,train
XC1090602-PerruhesBx_segment_0190.wav,XC1090602-PerruhesBx,Rose-ringed Parakeet,Psittacula krameri,XC1090602-PerruhesBx.wav,190,475.0,480.0,5,1795.885,32000,dataset\segments\Psittacula_krameri\XC1090602-PerruhesBx_segment_0190.wav,train
XC1090602-PerruhesBx_segment_0191.wav,XC1090602-PerruhesBx,Rose-ringed Parakeet,Psittacula krameri,XC1090602-PerruhesBx.wav,191,477.5,482.5,5,1795.885,32000,dataset\segments\Psittacula_krameri\XC1090602-PerruhesBx_segment_0191.wav,train
XC1090602-PerruhesBx_segment_0192.wav,XC1090602-PerruhesBx,Rose-ringed Parakeet,Psittacula krameri,XC1090602-PerruhesBx.wav,192,480.0,485.0,5,1795.885,32000,dataset\segments\Psittacula_krameri\XC1090602-PerruhesBx_segment_0192.wav,train
XC1090602-PerruhesBx_segment_0193.wav,XC1090602-PerruhesBx,Rose-ringed Parakeet,Psittacula krameri,XC1090602-PerruhesBx.wav,193,482.5,487.5,5,1795.885,32000,dataset\segments\Psittacula_krameri\XC1090602-PerruhesBx_segment_0193.wav,train
XC1090602-PerruhesBx_segment_0194.wav,XC1090602-PerruhesBx,Rose-ringed Parakeet,Psittacula krameri,XC1090602-PerruhesBx.wav,194,485.0,490.0,5,1795.885,32000,dataset\segments\Psittacula_krameri\XC1090602-PerruhesBx_segment_0194.wav,train
XC1090602-PerruhesBx_segment_0195.wav,XC1090602-PerruhesBx,Rose-ringed Parakeet,Psittacula krameri,XC1090602-PerruhesBx.wav,195,487.5,492.5,5,1795.885,32000,dataset\segments\Psittacula_krameri\XC1090602-PerruhesBx_segment_0195.wav,train
XC1090602-PerruhesBx_segment_0196.wav,XC1090602-PerruhesBx,Rose-ringed Parakeet,Psittacula krameri,XC1090602-PerruhesBx.wav,196,490.0,495.0,5,1795.885,32000,dataset\segments\Psittacula_krameri\XC1090602-PerruhesBx_segment_0196.wav,train
XC1090602-PerruhesBx_segment_0197.wav,XC1090602-PerruhesBx,Rose-ringed Parakeet,Psittacula krameri,XC1090602-PerruhesBx.wav,197,492.5,497.5,5,1795.885,32000,dataset\segments\Psittacula_krameri\XC1090602-PerruhesBx_segment_0197.wav,train
XC1090602-PerruhesBx_segment_0198.wav,XC1090602-PerruhesBx,Rose-ringed Parakeet,Psittacula krameri,XC1090602-PerruhesBx.wav,198,495.0,500.0,5,1795.885,32000,dataset\segments\Psittacula_krameri\XC1090602-PerruhesBx_segment_0198.wav,train
XC1090602-PerruhesBx_segment_0199.wav,XC1090602-PerruhesBx,Rose-ringed Parakeet,Psittacula krameri,XC1090602-PerruhesBx.wav,199,497.5,502.5,5,1795.885,32000,dataset\segments\Psittacula_krameri\XC1090602-PerruhesBx_segment_0199.wav,train
XC1090602-PerruhesBx_segment_0200.wav,XC1090602-PerruhesBx,Rose-ringed Parakeet,Psittacula krameri,XC1090602-PerruhesBx.wav,200,500.0,505.0,5,1795.885,32000,dataset\segments\Psittacula_krameri\XC1090602-PerruhesBx_segment_0200.wav,train
XC1090602-PerruhesBx_segment_0201.wav,XC1090602-PerruhesBx,Rose-ringed Parakeet,Psittacula krameri,XC1090602-PerruhesBx.wav,201,502.5,507.5,5,1795.885,32000,dataset\segments\Psittacula_krameri\XC1090602-PerruhesBx_segment_0201.wav,train
XC1090602-PerruhesBx_segment_0202.wav,XC1090602-PerruhesBx,Rose-ringed Parakeet,Psittacula krameri,XC1090602-PerruhesBx.wav,202,505.0,510.0,5,1795.885,32000,dataset\segments\Psittacula_krameri\XC1090602-PerruhesBx_segment_0202.wav,train
XC1090602-PerruhesBx_segment_0203.wav,XC1090602-PerruhesBx,Rose-ringed Parakeet,Psittacula krameri,XC1090602-PerruhesBx.wav,203,507.5,512.5,5,1795.885,32000,dataset\segments\Psittacula_krameri\XC1090602-PerruhesBx_segment_0203.wav,train
XC1090602-PerruhesBx_segment_0204.wav,XC1090602-PerruhesBx,Rose-ringed Parakeet,Psittacula krameri,XC1090602-PerruhesBx.wav,204,510.0,515.0,5,1795.885,32000,dataset\segments\Psittacula_krameri\XC1090602-PerruhesBx_segment_0204.wav,train
XC1090602-PerruhesBx_segment_0205.wav,XC1090602-PerruhesBx,Rose-ringed Parakeet,Psittacula krameri,XC1090602-PerruhesBx.wav,205,512.5,517.5,5,1795.885,32000,dataset\segments\Psittacula_krameri\XC1090602-PerruhesBx_segment_0205.wav,train
XC1090602-PerruhesBx_segment_0206.wav,XC1090602-PerruhesBx,Rose-ringed Parakeet,Psittacula krameri,XC1090602-PerruhesBx.wav,206,515.0,520.0,5,1795.885,32000,dataset\segments\Psittacula_krameri\XC1090602-PerruhesBx_segment_0206.wav,train
XC1090602-PerruhesBx_segment_0207.wav,XC1090602-PerruhesBx,Rose-ringed Parakeet,Psittacula krameri,XC1090602-PerruhesBx.wav,207,517.5,522.5,5,1795.885,32000,dataset\segments\Psittacula_krameri\XC1090602-PerruhesBx_segment_0207.wav,train
XC1090602-PerruhesBx_segment_0208.wav,XC1090602-PerruhesBx,Rose-ringed Parakeet,Psittacula krameri,XC1090602-PerruhesBx.wav,208,520.0,525.0,5,1795.885,32000,dataset\segments\Psittacula_krameri\XC1090602-PerruhesBx_segment_0208.wav,train
XC1090602-PerruhesBx_segment_0209.wav,XC1090602-PerruhesBx,Rose-ringed Parakeet,Psittacula krameri,XC1090602-PerruhesBx.wav,209,522.5,527.5,5,1795.885,32000,dataset\segments\Psittacula_krameri\XC1090602-PerruhesBx_segment_0209.wav,train
XC1090602-PerruhesBx_segment_0210.wav,XC1090602-PerruhesBx,Rose-ringed Parakeet,Psittacula krameri,XC1090602-PerruhesBx.wav,210,525.0,530.0,5,1795.885,32000,dataset\segments\Psittacula_krameri\XC1090602-PerruhesBx_segment_0210.wav,train
XC1090602-PerruhesBx_segment_0211.wav,XC1090602-PerruhesBx,Rose-ringed Parakeet,Psittacula krameri,XC1090602-PerruhesBx.wav,211,527.5,532.5,5,1795.885,32000,dataset\segments\Psittacula_krameri\XC1090602-PerruhesBx_segment_0211.wav,train
XC1090602-PerruhesBx_segment_0212.wav,XC1090602-PerruhesBx,Rose-ringed Parakeet,Psittacula krameri,XC1090602-PerruhesBx.wav,212,530.0,535.0,5,1795.885,32000,dataset\segments\Psittacula_krameri\XC1090602-PerruhesBx_segment_0212.wav,train
XC1090602-PerruhesBx_segment_0213.wav,XC1090602-PerruhesBx,Rose-ringed Parakeet,Psittacula krameri,XC1090602-PerruhesBx.wav,213,532.5,537.5,5,1795.885,32000,dataset\segments\Psittacula_krameri\XC1090602-PerruhesBx_segment_0213.wav,train
XC1090602-PerruhesBx_segment_0214.wav,XC1090602-PerruhesBx,Rose-ringed Parakeet,Psittacula krameri,XC1090602-PerruhesBx.wav,214,535.0,540.0,5,1795.885,32000,dataset\segments\Psittacula_krameri\XC1090602-PerruhesBx_segment_0214.wav,train
XC1090602-PerruhesBx_segment_0215.wav,XC1090602-PerruhesBx,Rose-ringed Parakeet,Psittacula krameri,XC1090602-PerruhesBx.wav,215,537.5,542.5,5,1795.885,32000,dataset\segments\Psittacula_krameri\XC1090602-PerruhesBx_segment_0215.wav,train
XC1090602-PerruhesBx_segment_0216.wav,XC1090602-PerruhesBx,Rose-ringed Parakeet,Psittacula krameri,XC1090602-PerruhesBx.wav,216,540.0,545.0,5,1795.885,32000,dataset\segments\Psittacula_krameri\XC1090602-PerruhesBx_segment_0216.wav,train
XC1090602-PerruhesBx_segment_0217.wav,XC1090602-PerruhesBx,Rose-ringed Parakeet,Psittacula krameri,XC1090602-PerruhesBx.wav,217,542.5,547.5,5,1795.885,32000,dataset\segments\Psittacula_krameri\XC1090602-PerruhesBx_segment_0217.wav,train
XC1090602-PerruhesBx_segment_0218.wav,XC1090602-PerruhesBx,Rose-ringed Parakeet,Psittacula krameri,XC1090602-PerruhesBx.wav,218,545.0,550.0,5,1795.885,32000,dataset\segments\Psittacula_krameri\XC1090602-PerruhesBx_segment_0218.wav,train
XC1090602-PerruhesBx_segment_0219.wav,XC1090602-PerruhesBx,Rose-ringed Parakeet,Psittacula krameri,XC1090602-PerruhesBx.wav,219,547.5,552.5,5,1795.885,32000,dataset\segments\Psittacula_krameri\XC1090602-PerruhesBx_segment_0219.wav,train
XC1090602-PerruhesBx_segment_0220.wav,XC1090602-PerruhesBx,Rose-ringed Parakeet,Psittacula krameri,XC1090602-PerruhesBx.wav,220,550.0,555.0,5,1795.885,32000,dataset\segments\Psittacula_krameri\XC1090602-PerruhesBx_segment_0220.wav,train
XC1090602-PerruhesBx_segment_0221.wav,XC1090602-PerruhesBx,Rose-ringed Parakeet,Psittacula krameri,XC1090602-PerruhesBx.wav,221,552.5,557.5,5,1795.885,32000,dataset\segments\Psittacula_krameri\XC1090602-PerruhesBx_segment_0221.wav,train
XC1090602-PerruhesBx_segment_0222.wav,XC1090602-PerruhesBx,Rose-ringed Parakeet,Psittacula krameri,XC1090602-PerruhesBx.wav,222,555.0,560.0,5,1795.885,32000,dataset\segments\Psittacula_krameri\XC1090602-PerruhesBx_segment_0222.wav,train
XC1090602-PerruhesBx_segment_0223.wav,XC1090602-PerruhesBx,Rose-ringed Parakeet,Psittacula krameri,XC1090602-PerruhesBx.wav,223,557.5,562.5,5,1795.885,32000,dataset\segments\Psittacula_krameri\XC1090602-PerruhesBx_segment_0223.wav,train
XC1090602-PerruhesBx_segment_0224.wav,XC1090602-PerruhesBx,Rose-ringed Parakeet,Psittacula krameri,XC1090602-PerruhesBx.wav,224,560.0,565.0,5,1795.885,32000,dataset\segments\Psittacula_krameri\XC1090602-PerruhesBx_segment_0224.wav,train
XC1090602-PerruhesBx_segment_0225.wav,XC1090602-PerruhesBx,Rose-ringed Parakeet,Psittacula krameri,XC1090602-PerruhesBx.wav,225,562.5,567.5,5,1795.885,32000,dataset\segments\Psittacula_krameri\XC1090602-PerruhesBx_segment_0225.wav,train
XC1090602-PerruhesBx_segment_0226.wav,XC1090602-PerruhesBx,Rose-ringed Parakeet,Psittacula krameri,XC1090602-PerruhesBx.wav,226,565.0,570.0,5,1795.885,32000,dataset\segments\Psittacula_krameri\XC1090602-PerruhesBx_segment_0226.wav,train
XC1090602-PerruhesBx_segment_0227.wav,XC1090602-PerruhesBx,Rose-ringed Parakeet,Psittacula krameri,XC1090602-PerruhesBx.wav,227,567.5,572.5,5,1795.885,32000,dataset\segments\Psittacula_krameri\XC1090602-PerruhesBx_segment_0227.wav,train
XC1090602-PerruhesBx_segment_0228.wav,XC1090602-PerruhesBx,Rose-ringed Parakeet,Psittacula krameri,XC1090602-PerruhesBx.wav,228,570.0,575.0,5,1795.885,32000,dataset\segments\Psittacula_krameri\XC1090602-PerruhesBx_segment_0228.wav,train
XC1090602-PerruhesBx_segment_0229.wav,XC1090602-PerruhesBx,Rose-ringed Parakeet,Psittacula krameri,XC1090602-PerruhesBx.wav,229,572.5,577.5,5,1795.885,32000,dataset\segments\Psittacula_krameri\XC1090602-PerruhesBx_segment_0229.wav,train
XC1090602-PerruhesBx_segment_0230.wav,XC1090602-PerruhesBx,Rose-ringed Parakeet,Psittacula krameri,XC1090602-PerruhesBx.wav,230,575.0,580.0,5,1795.885,32000,dataset\segments\Psittacula_krameri\XC1090602-PerruhesBx_segment_0230.wav,train
XC1090602-PerruhesBx_segment_0231.wav,XC1090602-PerruhesBx,Rose-ringed Parakeet,Psittacula krameri,XC1090602-PerruhesBx.wav,231,577.5,582.5,5,1795.885,32000,dataset\segments\Psittacula_krameri\XC1090602-PerruhesBx_segment_0231.wav,train
XC1090602-PerruhesBx_segment_0232.wav,XC1090602-PerruhesBx,Rose-ringed Parakeet,Psittacula krameri,XC1090602-PerruhesBx.wav,232,580.0,585.0,5,1795.885,32000,dataset\segments\Psittacula_krameri\XC1090602-PerruhesBx_segment_0232.wav,train
XC1090602-PerruhesBx_segment_0233.wav,XC1090602-PerruhesBx,Rose-ringed Parakeet,Psittacula krameri,XC1090602-PerruhesBx.wav,233,582.5,587.5,5,1795.885,32000,dataset\segments\Psittacula_krameri\XC1090602-PerruhesBx_segment_0233.wav,train
XC1090602-PerruhesBx_segment_0234.wav,XC1090602-PerruhesBx,Rose-ringed Parakeet,Psittacula krameri,XC1090602-PerruhesBx.wav,234,585.0,590.0,5,1795.885,32000,dataset\segments\Psittacula_krameri\XC1090602-PerruhesBx_segment_0234.wav,train
XC1090602-PerruhesBx_segment_0235.wav,XC1090602-PerruhesBx,Rose-ringed Parakeet,Psittacula krameri,XC1090602-PerruhesBx.wav,235,587.5,592.5,5,1795.885,32000,dataset\segments\Psittacula_krameri\XC1090602-PerruhesBx_segment_0235.wav,train
XC1090602-PerruhesBx_segment_0236.wav,XC1090602-PerruhesBx,Rose-ringed Parakeet,Psittacula krameri,XC1090602-PerruhesBx.wav,236,590.0,595.0,5,1795.885,32000,dataset\segments\Psittacula_krameri\XC1090602-PerruhesBx_segment_0236.wav,train
XC1090602-PerruhesBx_segment_0237.wav,XC1090602-PerruhesBx,Rose-ringed Parakeet,Psittacula krameri,XC1090602-PerruhesBx.wav,237,592.5,597.5,5,1795.885,32000,dataset\segments\Psittacula_krameri\XC1090602-PerruhesBx_segment_0237.wav,train
XC1090602-PerruhesBx_segment_0238.wav,XC1090602-PerruhesBx,Rose-ringed Parakeet,Psittacula krameri,XC1090602-PerruhesBx.wav,238,595.0,600.0,5,1795.885,32000,dataset\segments\Psittacula_krameri\XC1090602-PerruhesBx_segment_0238.wav,train
XC1090602-PerruhesBx_segment_0239.wav,XC1090602-PerruhesBx,Rose-ringed Parakeet,Psittacula krameri,XC1090602-PerruhesBx.wav,239,597.5,602.5,5,1795.885,32000,dataset\segments\Psittacula_krameri\XC1090602-PerruhesBx_segment_0239.wav,train
XC1090602-PerruhesBx_segment_0240.wav,XC1090602-PerruhesBx,Rose-ringed Parakeet,Psittacula krameri,XC1090602-PerruhesBx.wav,240,600.0,605.0,5,1795.885,32000,dataset\segments\Psittacula_krameri\XC1090602-PerruhesBx_segment_0240.wav,train
XC1090602-PerruhesBx_segment_0241.wav,XC1090602-PerruhesBx,Rose-ringed Parakeet,Psittacula krameri,XC1090602-PerruhesBx.wav,241,602.5,607.5,5,1795.885,32000,dataset\segments\Psittacula_krameri\XC1090602-PerruhesBx_segment_0241.wav,train
XC1090602-PerruhesBx_segment_0242.wav,XC1090602-PerruhesBx,Rose-ringed Parakeet,Psittacula krameri,XC1090602-PerruhesBx.wav,242,605.0,610.0,5,1795.885,32000,dataset\segments\Psittacula_krameri\XC1090602-PerruhesBx_segment_0242.wav,train
XC1090602-PerruhesBx_segment_0243.wav,XC1090602-PerruhesBx,Rose-ringed Parakeet,Psittacula krameri,XC1090602-PerruhesBx.wav,243,607.5,612.5,5,1795.885,32000,dataset\segments\Psittacula_krameri\XC1090602-PerruhesBx_segment_0243.wav,train
XC1090602-PerruhesBx_segment_0244.wav,XC1090602-PerruhesBx,Rose-ringed Parakeet,Psittacula krameri,XC1090602-PerruhesBx.wav,244,610.0,615.0,5,1795.885,32000,dataset\segments\Psittacula_krameri\XC1090602-PerruhesBx_segment_0244.wav,train
XC1090602-PerruhesBx_segment_0245.wav,XC1090602-PerruhesBx,Rose-ringed Parakeet,Psittacula krameri,XC1090602-PerruhesBx.wav,245,612.5,617.5,5,1795.885,32000,dataset\segments\Psittacula_krameri\XC1090602-PerruhesBx_segment_0245.wav,train
XC1090602-PerruhesBx_segment_0246.wav,XC1090602-PerruhesBx,Rose-ringed Parakeet,Psittacula krameri,XC1090602-PerruhesBx.wav,246,615.0,620.0,5,1795.885,32000,dataset\segments\Psittacula_krameri\XC1090602-PerruhesBx_segment_0246.wav,train
XC1090602-PerruhesBx_segment_0247.wav,XC1090602-PerruhesBx,Rose-ringed Parakeet,Psittacula krameri,XC1090602-PerruhesBx.wav,247,617.5,622.5,5,1795.885,32000,dataset\segments\Psittacula_krameri\XC1090602-PerruhesBx_segment_0247.wav,train
XC1090602-PerruhesBx_segment_0248.wav,XC1090602-PerruhesBx,Rose-ringed Parakeet,Psittacula krameri,XC1090602-PerruhesBx.wav,248,620.0,625.0,5,1795.885,32000,dataset\segments\Psittacula_krameri\XC1090602-PerruhesBx_segment_0248.wav,train
XC1090602-PerruhesBx_segment_0249.wav,XC1090602-PerruhesBx,Rose-ringed Parakeet,Psittacula krameri,XC1090602-PerruhesBx.wav,249,622.5,627.5,5,1795.885,32000,dataset\segments\Psittacula_krameri\XC1090602-PerruhesBx_segment_0249.wav,train
XC1090602-PerruhesBx_segment_0250.wav,XC1090602-PerruhesBx,Rose-ringed Parakeet,Psittacula krameri,XC1090602-PerruhesBx.wav,250,625.0,630.0,5,1795.885,32000,dataset\segments\Psittacula_krameri\XC1090602-PerruhesBx_segment_0250.wav,train
XC1090602-PerruhesBx_segment_0251.wav,XC1090602-PerruhesBx,Rose-ringed Parakeet,Psittacula krameri,XC1090602-PerruhesBx.wav,251,627.5,632.5,5,1795.885,32000,dataset\segments\Psittacula_krameri\XC1090602-PerruhesBx_segment_0251.wav,train
XC1090602-PerruhesBx_segment_0252.wav,XC1090602-PerruhesBx,Rose-ringed Parakeet,Psittacula krameri,XC1090602-PerruhesBx.wav,252,630.0,635.0,5,1795.885,32000,dataset\segments\Psittacula_krameri\XC1090602-PerruhesBx_segment_0252.wav,train
XC1090602-PerruhesBx_segment_0253.wav,XC1090602-PerruhesBx,Rose-ringed Parakeet,Psittacula krameri,XC1090602-PerruhesBx.wav,253,632.5,637.5,5,1795.885,32000,dataset\segments\Psittacula_krameri\XC1090602-PerruhesBx_segment_0253.wav,train
XC1090602-PerruhesBx_segment_0254.wav,XC1090602-PerruhesBx,Rose-ringed Parakeet,Psittacula krameri,XC1090602-PerruhesBx.wav,254,635.0,640.0,5,1795.885,32000,dataset\segments\Psittacula_krameri\XC1090602-PerruhesBx_segment_0254.wav,train
XC1090602-PerruhesBx_segment_0255.wav,XC1090602-PerruhesBx,Rose-ringed Parakeet,Psittacula krameri,XC1090602-PerruhesBx.wav,255,637.5,642.5,5,1795.885,32000,dataset\segments\Psittacula_krameri\XC1090602-PerruhesBx_segment_0255.wav,train
XC1090602-PerruhesBx_segment_0256.wav,XC1090602-PerruhesBx,Rose-ringed Parakeet,Psittacula krameri,XC1090602-PerruhesBx.wav,256,640.0,645.0,5,1795.885,32000,dataset\segments\Psittacula_krameri\XC1090602-PerruhesBx_segment_0256.wav,train
XC1090602-PerruhesBx_segment_0257.wav,XC1090602-PerruhesBx,Rose-ringed Parakeet,Psittacula krameri,XC1090602-PerruhesBx.wav,257,642.5,647.5,5,1795.885,32000,dataset\segments\Psittacula_krameri\XC1090602-PerruhesBx_segment_0257.wav,train
XC1090602-PerruhesBx_segment_0258.wav,XC1090602-PerruhesBx,Rose-ringed Parakeet,Psittacula krameri,XC1090602-PerruhesBx.wav,258,645.0,650.0,5,1795.885,32000,dataset\segments\Psittacula_krameri\XC1090602-PerruhesBx_segment_0258.wav,train
XC1090602-PerruhesBx_segment_0259.wav,XC1090602-PerruhesBx,Rose-ringed Parakeet,Psittacula krameri,XC1090602-PerruhesBx.wav,259,647.5,652.5,5,1795.885,32000,dataset\segments\Psittacula_krameri\XC1090602-PerruhesBx_segment_0259.wav,train
XC1090602-PerruhesBx_segment_0260.wav,XC1090602-PerruhesBx,Rose-ringed Parakeet,Psittacula krameri,XC1090602-PerruhesBx.wav,260,650.0,655.0,5,1795.885,32000,dataset\segments\Psittacula_krameri\XC1090602-PerruhesBx_segment_0260.wav,train
XC1090602-PerruhesBx_segment_0261.wav,XC1090602-PerruhesBx,Rose-ringed Parakeet,Psittacula krameri,XC1090602-PerruhesBx.wav,261,652.5,657.5,5,1795.885,32000,dataset\segments\Psittacula_krameri\XC1090602-PerruhesBx_segment_0261.wav,train
XC1090602-PerruhesBx_segment_0262.wav,XC1090602-PerruhesBx,Rose-ringed Parakeet,Psittacula krameri,XC1090602-PerruhesBx.wav,262,655.0,660.0,5,1795.885,32000,dataset\segments\Psittacula_krameri\XC1090602-PerruhesBx_segment_0262.wav,train
XC1090602-PerruhesBx_segment_0263.wav,XC1090602-PerruhesBx,Rose-ringed Parakeet,Psittacula krameri,XC1090602-PerruhesBx.wav,263,657.5,662.5,5,1795.885,32000,dataset\segments\Psittacula_krameri\XC1090602-PerruhesBx_segment_0263.wav,train
XC1090602-PerruhesBx_segment_0264.wav,XC1090602-PerruhesBx,Rose-ringed Parakeet,Psittacula krameri,XC1090602-PerruhesBx.wav,264,660.0,665.0,5,1795.885,32000,dataset\segments\Psittacula_krameri\XC1090602-PerruhesBx_segment_0264.wav,train
XC1090602-PerruhesBx_segment_0265.wav,XC1090602-PerruhesBx,Rose-ringed Parakeet,Psittacula krameri,XC1090602-PerruhesBx.wav,265,662.5,667.5,5,1795.885,32000,dataset\segments\Psittacula_krameri\XC1090602-PerruhesBx_segment_0265.wav,train
XC1090602-PerruhesBx_segment_0266.wav,XC1090602-PerruhesBx,Rose-ringed Parakeet,Psittacula krameri,XC1090602-PerruhesBx.wav,266,665.0,670.0,5,1795.885,32000,dataset\segments\Psittacula_krameri\XC1090602-PerruhesBx_segment_0266.wav,train
XC1090602-PerruhesBx_segment_0267.wav,XC1090602-PerruhesBx,Rose-ringed Parakeet,Psittacula krameri,XC1090602-PerruhesBx.wav,267,667.5,672.5,5,1795.885,32000,dataset\segments\Psittacula_krameri\XC1090602-PerruhesBx_segment_0267.wav,train
XC1090602-PerruhesBx_segment_0268.wav,XC1090602-PerruhesBx,Rose-ringed Parakeet,Psittacula krameri,XC1090602-PerruhesBx.wav,268,670.0,675.0,5,1795.885,32000,dataset\segments\Psittacula_krameri\XC1090602-PerruhesBx_segment_0268.wav,train
XC1090602-PerruhesBx_segment_0269.wav,XC1090602-PerruhesBx,Rose-ringed Parakeet,Psittacula krameri,XC1090602-PerruhesBx.wav,269,672.5,677.5,5,1795.885,32000,dataset\segments\Psittacula_krameri\XC1090602-PerruhesBx_segment_0269.wav,train
XC1090602-PerruhesBx_segment_0270.wav,XC1090602-PerruhesBx,Rose-ringed Parakeet,Psittacula krameri,XC1090602-PerruhesBx.wav,270,675.0,680.0,5,1795.885,32000,dataset\segments\Psittacula_krameri\XC1090602-PerruhesBx_segment_0270.wav,train
XC1090602-PerruhesBx_segment_0271.wav,XC1090602-PerruhesBx,Rose-ringed Parakeet,Psittacula krameri,XC1090602-PerruhesBx.wav,271,677.5,682.5,5,1795.885,32000,dataset\segments\Psittacula_krameri\XC1090602-PerruhesBx_segment_0271.wav,train
XC1090602-PerruhesBx_segment_0272.wav,XC1090602-PerruhesBx,Rose-ringed Parakeet,Psittacula krameri,XC1090602-PerruhesBx.wav,272,680.0,685.0,5,1795.885,32000,dataset\segments\Psittacula_krameri\XC1090602-PerruhesBx_segment_0272.wav,train
XC1090602-PerruhesBx_segment_0273.wav,XC1090602-PerruhesBx,Rose-ringed Parakeet,Psittacula krameri,XC1090602-PerruhesBx.wav,273,682.5,687.5,5,1795.885,32000,dataset\segments\Psittacula_krameri\XC1090602-PerruhesBx_segment_0273.wav,train
XC1090602-PerruhesBx_segment_0274.wav,XC1090602-PerruhesBx,Rose-ringed Parakeet,Psittacula krameri,XC1090602-PerruhesBx.wav,274,685.0,690.0,5,1795.885,32000,dataset\segments\Psittacula_krameri\XC1090602-PerruhesBx_segment_0274.wav,train
XC1090602-PerruhesBx_segment_0275.wav,XC1090602-PerruhesBx,Rose-ringed Parakeet,Psittacula krameri,XC1090602-PerruhesBx.wav,275,687.5,692.5,5,1795.885,32000,dataset\segments\Psittacula_krameri\XC1090602-PerruhesBx_segment_0275.wav,train
XC1090602-PerruhesBx_segment_0276.wav,XC1090602-PerruhesBx,Rose-ringed Parakeet,Psittacula krameri,XC1090602-PerruhesBx.wav,276,690.0,695.0,5,1795.885,32000,dataset\segments\Psittacula_krameri\XC1090602-PerruhesBx_segment_0276.wav,train
XC1090602-PerruhesBx_segment_0277.wav,XC1090602-PerruhesBx,Rose-ringed Parakeet,Psittacula krameri,XC1090602-PerruhesBx.wav,277,692.5,697.5,5,1795.885,32000,dataset\segments\Psittacula_krameri\XC1090602-PerruhesBx_segment_0277.wav,train
XC1090602-PerruhesBx_segment_0278.wav,XC1090602-PerruhesBx,Rose-ringed Parakeet,Psittacula krameri,XC1090602-PerruhesBx.wav,278,695.0,700.0,5,1795.885,32000,dataset\segments\Psittacula_krameri\XC1090602-PerruhesBx_segment_0278.wav,train
XC1090602-PerruhesBx_segment_0279.wav,XC1090602-PerruhesBx,Rose-ringed Parakeet,Psittacula krameri,XC1090602-PerruhesBx.wav,279,697.5,702.5,5,1795.885,32000,dataset\segments\Psittacula_krameri\XC1090602-PerruhesBx_segment_0279.wav,train
XC1090602-PerruhesBx_segment_0280.wav,XC1090602-PerruhesBx,Rose-ringed Parakeet,Psittacula krameri,XC1090602-PerruhesBx.wav,280,700.0,705.0,5,1795.885,32000,dataset\segments\Psittacula_krameri\XC1090602-PerruhesBx_segment_0280.wav,train
XC1090602-PerruhesBx_segment_0281.wav,XC1090602-PerruhesBx,Rose-ringed Parakeet,Psittacula krameri,XC1090602-PerruhesBx.wav,281,702.5,707.5,5,1795.885,32000,dataset\segments\Psittacula_krameri\XC1090602-PerruhesBx_segment_0281.wav,train
XC1090602-PerruhesBx_segment_0282.wav,XC1090602-PerruhesBx,Rose-ringed Parakeet,Psittacula krameri,XC1090602-PerruhesBx.wav,282,705.0,710.0,5,1795.885,32000,dataset\segments\Psittacula_krameri\XC1090602-PerruhesBx_segment_0282.wav,train
XC1090602-PerruhesBx_segment_0283.wav,XC1090602-PerruhesBx,Rose-ringed Parakeet,Psittacula krameri,XC1090602-PerruhesBx.wav,283,707.5,712.5,5,1795.885,32000,dataset\segments\Psittacula_krameri\XC1090602-PerruhesBx_segment_0283.wav,train
XC1090602-PerruhesBx_segment_0284.wav,XC1090602-PerruhesBx,Rose-ringed Parakeet,Psittacula krameri,XC1090602-PerruhesBx.wav,284,710.0,715.0,5,1795.885,32000,dataset\segments\Psittacula_krameri\XC1090602-PerruhesBx_segment_0284.wav,train
XC1090602-PerruhesBx_segment_0285.wav,XC1090602-PerruhesBx,Rose-ringed Parakeet,Psittacula krameri,XC1090602-PerruhesBx.wav,285,712.5,717.5,5,1795.885,32000,dataset\segments\Psittacula_krameri\XC1090602-PerruhesBx_segment_0285.wav,train
XC1090602-PerruhesBx_segment_0286.wav,XC1090602-PerruhesBx,Rose-ringed Parakeet,Psittacula krameri,XC1090602-PerruhesBx.wav,286,715.0,720.0,5,1795.885,32000,dataset\segments\Psittacula_krameri\XC1090602-PerruhesBx_segment_0286.wav,train
XC1090602-PerruhesBx_segment_0287.wav,XC1090602-PerruhesBx,Rose-ringed Parakeet,Psittacula krameri,XC1090602-PerruhesBx.wav,287,717.5,722.5,5,1795.885,32000,dataset\segments\Psittacula_krameri\XC1090602-PerruhesBx_segment_0287.wav,train
XC1090602-PerruhesBx_segment_0288.wav,XC1090602-PerruhesBx,Rose-ringed Parakeet,Psittacula krameri,XC1090602-PerruhesBx.wav,288,720.0,725.0,5,1795.885,32000,dataset\segments\Psittacula_krameri\XC1090602-PerruhesBx_segment_0288.wav,train
XC1090602-PerruhesBx_segment_0289.wav,XC1090602-PerruhesBx,Rose-ringed Parakeet,Psittacula krameri,XC1090602-PerruhesBx.wav,289,722.5,727.5,5,1795.885,32000,dataset\segments\Psittacula_krameri\XC1090602-PerruhesBx_segment_0289.wav,train
XC1090602-PerruhesBx_segment_0290.wav,XC1090602-PerruhesBx,Rose-ringed Parakeet,Psittacula krameri,XC1090602-PerruhesBx.wav,290,725.0,730.0,5,1795.885,32000,dataset\segments\Psittacula_krameri\XC1090602-PerruhesBx_segment_0290.wav,train
XC1090602-PerruhesBx_segment_0291.wav,XC1090602-PerruhesBx,Rose-ringed Parakeet,Psittacula krameri,XC1090602-PerruhesBx.wav,291,727.5,732.5,5,1795.885,32000,dataset\segments\Psittacula_krameri\XC1090602-PerruhesBx_segment_0291.wav,train
XC1090602-PerruhesBx_segment_0292.wav,XC1090602-PerruhesBx,Rose-ringed Parakeet,Psittacula krameri,XC1090602-PerruhesBx.wav,292,730.0,735.0,5,1795.885,32000,dataset\segments\Psittacula_krameri\XC1090602-PerruhesBx_segment_0292.wav,train
XC1090602-PerruhesBx_segment_0293.wav,XC1090602-PerruhesBx,Rose-ringed Parakeet,Psittacula krameri,XC1090602-PerruhesBx.wav,293,732.5,737.5,5,1795.885,32000,dataset\segments\Psittacula_krameri\XC1090602-PerruhesBx_segment_0293.wav,train
XC1090602-PerruhesBx_segment_0294.wav,XC1090602-PerruhesBx,Rose-ringed Parakeet,Psittacula krameri,XC1090602-PerruhesBx.wav,294,735.0,740.0,5,1795.885,32000,dataset\segments\Psittacula_krameri\XC1090602-PerruhesBx_segment_0294.wav,train
XC1090602-PerruhesBx_segment_0295.wav,XC1090602-PerruhesBx,Rose-ringed Parakeet,Psittacula krameri,XC1090602-PerruhesBx.wav,295,737.5,742.5,5,1795.885,32000,dataset\segments\Psittacula_krameri\XC1090602-PerruhesBx_segment_0295.wav,train
XC1090602-PerruhesBx_segment_0296.wav,XC1090602-PerruhesBx,Rose-ringed Parakeet,Psittacula krameri,XC1090602-PerruhesBx.wav,296,740.0,745.0,5,1795.885,32000,dataset\segments\Psittacula_krameri\XC1090602-PerruhesBx_segment_0296.wav,train
XC1090602-PerruhesBx_segment_0297.wav,XC1090602-PerruhesBx,Rose-ringed Parakeet,Psittacula krameri,XC1090602-PerruhesBx.wav,297,742.5,747.5,5,1795.885,32000,dataset\segments\Psittacula_krameri\XC1090602-PerruhesBx_segment_0297.wav,train
XC1090602-PerruhesBx_segment_0298.wav,XC1090602-PerruhesBx,Rose-ringed Parakeet,Psittacula krameri,XC1090602-PerruhesBx.wav,298,745.0,750.0,5,1795.885,32000,dataset\segments\Psittacula_krameri\XC1090602-PerruhesBx_segment_0298.wav,train
XC1090602-PerruhesBx_segment_0299.wav,XC1090602-PerruhesBx,Rose-ringed Parakeet,Psittacula krameri,XC1090602-PerruhesBx.wav,299,747.5,752.5,5,1795.885,32000,dataset\segments\Psittacula_krameri\XC1090602-PerruhesBx_segment_0299.wav,train
XC1090602-PerruhesBx_segment_0300.wav,XC1090602-PerruhesBx,Rose-ringed Parakeet,Psittacula krameri,XC1090602-PerruhesBx.wav,300,750.0,755.0,5,1795.885,32000,dataset\segments\Psittacula_krameri\XC1090602-PerruhesBx_segment_0300.wav,train
XC1090602-PerruhesBx_segment_0301.wav,XC1090602-PerruhesBx,Rose-ringed Parakeet,Psittacula krameri,XC1090602-PerruhesBx.wav,301,752.5,757.5,5,1795.885,32000,dataset\segments\Psittacula_krameri\XC1090602-PerruhesBx_segment_0301.wav,train
XC1090602-PerruhesBx_segment_0302.wav,XC1090602-PerruhesBx,Rose-ringed Parakeet,Psittacula krameri,XC1090602-PerruhesBx.wav,302,755.0,760.0,5,1795.885,32000,dataset\segments\Psittacula_krameri\XC1090602-PerruhesBx_segment_0302.wav,train
XC1090602-PerruhesBx_segment_0303.wav,XC1090602-PerruhesBx,Rose-ringed Parakeet,Psittacula krameri,XC1090602-PerruhesBx.wav,303,757.5,762.5,5,1795.885,32000,dataset\segments\Psittacula_krameri\XC1090602-PerruhesBx_segment_0303.wav,train
XC1090602-PerruhesBx_segment_0304.wav,XC1090602-PerruhesBx,Rose-ringed Parakeet,Psittacula krameri,XC1090602-PerruhesBx.wav,304,760.0,765.0,5,1795.885,32000,dataset\segments\Psittacula_krameri\XC1090602-PerruhesBx_segment_0304.wav,train
XC1090602-PerruhesBx_segment_0305.wav,XC1090602-PerruhesBx,Rose-ringed Parakeet,Psittacula krameri,XC1090602-PerruhesBx.wav,305,762.5,767.5,5,1795.885,32000,dataset\segments\Psittacula_krameri\XC1090602-PerruhesBx_segment_0305.wav,train
XC1090602-PerruhesBx_segment_0306.wav,XC1090602-PerruhesBx,Rose-ringed Parakeet,Psittacula krameri,XC1090602-PerruhesBx.wav,306,765.0,770.0,5,1795.885,32000,dataset\segments\Psittacula_krameri\XC1090602-PerruhesBx_segment_0306.wav,train
XC1090602-PerruhesBx_segment_0307.wav,XC1090602-PerruhesBx,Rose-ringed Parakeet,Psittacula krameri,XC1090602-PerruhesBx.wav,307,767.5,772.5,5,1795.885,32000,dataset\segments\Psittacula_krameri\XC1090602-PerruhesBx_segment_0307.wav,train
XC1090602-PerruhesBx_segment_0308.wav,XC1090602-PerruhesBx,Rose-ringed Parakeet,Psittacula krameri,XC1090602-PerruhesBx.wav,308,770.0,775.0,5,1795.885,32000,dataset\segments\Psittacula_krameri\XC1090602-PerruhesBx_segment_0308.wav,train
XC1090602-PerruhesBx_segment_0309.wav,XC1090602-PerruhesBx,Rose-ringed Parakeet,Psittacula krameri,XC1090602-PerruhesBx.wav,309,772.5,777.5,5,1795.885,32000,dataset\segments\Psittacula_krameri\XC1090602-PerruhesBx_segment_0309.wav,train
XC1090602-PerruhesBx_segment_0310.wav,XC1090602-PerruhesBx,Rose-ringed Parakeet,Psittacula krameri,XC1090602-PerruhesBx.wav,310,775.0,780.0,5,1795.885,32000,dataset\segments\Psittacula_krameri\XC1090602-PerruhesBx_segment_0310.wav,train
XC1090602-PerruhesBx_segment_0311.wav,XC1090602-PerruhesBx,Rose-ringed Parakeet,Psittacula krameri,XC1090602-PerruhesBx.wav,311,777.5,782.5,5,1795.885,32000,dataset\segments\Psittacula_krameri\XC1090602-PerruhesBx_segment_0311.wav,train
XC1090602-PerruhesBx_segment_0312.wav,XC1090602-PerruhesBx,Rose-ringed Parakeet,Psittacula krameri,XC1090602-PerruhesBx.wav,312,780.0,785.0,5,1795.885,32000,dataset\segments\Psittacula_krameri\XC1090602-PerruhesBx_segment_0312.wav,train
XC1090602-PerruhesBx_segment_0313.wav,XC1090602-PerruhesBx,Rose-ringed Parakeet,Psittacula krameri,XC1090602-PerruhesBx.wav,313,782.5,787.5,5,1795.885,32000,dataset\segments\Psittacula_krameri\XC1090602-PerruhesBx_segment_0313.wav,train
XC1090602-PerruhesBx_segment_0314.wav,XC1090602-PerruhesBx,Rose-ringed Parakeet,Psittacula krameri,XC1090602-PerruhesBx.wav,314,785.0,790.0,5,1795.885,32000,dataset\segments\Psittacula_krameri\XC1090602-PerruhesBx_segment_0314.wav,train
XC1090602-PerruhesBx_segment_0315.wav,XC1090602-PerruhesBx,Rose-ringed Parakeet,Psittacula krameri,XC1090602-PerruhesBx.wav,315,787.5,792.5,5,1795.885,32000,dataset\segments\Psittacula_krameri\XC1090602-PerruhesBx_segment_0315.wav,train
XC1090602-PerruhesBx_segment_0316.wav,XC1090602-PerruhesBx,Rose-ringed Parakeet,Psittacula krameri,XC1090602-PerruhesBx.wav,316,790.0,795.0,5,1795.885,32000,dataset\segments\Psittacula_krameri\XC1090602-PerruhesBx_segment_0316.wav,train
XC1090602-PerruhesBx_segment_0317.wav,XC1090602-PerruhesBx,Rose-ringed Parakeet,Psittacula krameri,XC1090602-PerruhesBx.wav,317,792.5,797.5,5,1795.885,32000,dataset\segments\Psittacula_krameri\XC1090602-PerruhesBx_segment_0317.wav,train
XC1090602-PerruhesBx_segment_0318.wav,XC1090602-PerruhesBx,Rose-ringed Parakeet,Psittacula krameri,XC1090602-PerruhesBx.wav,318,795.0,800.0,5,1795.885,32000,dataset\segments\Psittacula_krameri\XC1090602-PerruhesBx_segment_0318.wav,train
XC1090602-PerruhesBx_segment_0319.wav,XC1090602-PerruhesBx,Rose-ringed Parakeet,Psittacula krameri,XC1090602-PerruhesBx.wav,319,797.5,802.5,5,1795.885,32000,dataset\segments\Psittacula_krameri\XC1090602-PerruhesBx_segment_0319.wav,train
XC1090602-PerruhesBx_segment_0320.wav,XC1090602-PerruhesBx,Rose-ringed Parakeet,Psittacula krameri,XC1090602-PerruhesBx.wav,320,800.0,805.0,5,1795.885,32000,dataset\segments\Psittacula_krameri\XC1090602-PerruhesBx_segment_0320.wav,train
XC1090602-PerruhesBx_segment_0321.wav,XC1090602-PerruhesBx,Rose-ringed Parakeet,Psittacula krameri,XC1090602-PerruhesBx.wav,321,802.5,807.5,5,1795.885,32000,dataset\segments\Psittacula_krameri\XC1090602-PerruhesBx_segment_0321.wav,train
XC1090602-PerruhesBx_segment_0322.wav,XC1090602-PerruhesBx,Rose-ringed Parakeet,Psittacula krameri,XC1090602-PerruhesBx.wav,322,805.0,810.0,5,1795.885,32000,dataset\segments\Psittacula_krameri\XC1090602-PerruhesBx_segment_0322.wav,train
XC1090602-PerruhesBx_segment_0323.wav,XC1090602-PerruhesBx,Rose-ringed Parakeet,Psittacula krameri,XC1090602-PerruhesBx.wav,323,807.5,812.5,5,1795.885,32000,dataset\segments\Psittacula_krameri\XC1090602-PerruhesBx_segment_0323.wav,train
XC1090602-PerruhesBx_segment_0324.wav,XC1090602-PerruhesBx,Rose-ringed Parakeet,Psittacula krameri,XC1090602-PerruhesBx.wav,324,810.0,815.0,5,1795.885,32000,dataset\segments\Psittacula_krameri\XC1090602-PerruhesBx_segment_0324.wav,train
XC1090602-PerruhesBx_segment_0325.wav,XC1090602-PerruhesBx,Rose-ringed Parakeet,Psittacula krameri,XC1090602-PerruhesBx.wav,325,812.5,817.5,5,1795.885,32000,dataset\segments\Psittacula_krameri\XC1090602-PerruhesBx_segment_0325.wav,train
XC1090602-PerruhesBx_segment_0326.wav,XC1090602-PerruhesBx,Rose-ringed Parakeet,Psittacula krameri,XC1090602-PerruhesBx.wav,326,815.0,820.0,5,1795.885,32000,dataset\segments\Psittacula_krameri\XC1090602-PerruhesBx_segment_0326.wav,train
XC1090602-PerruhesBx_segment_0327.wav,XC1090602-PerruhesBx,Rose-ringed Parakeet,Psittacula krameri,XC1090602-PerruhesBx.wav,327,817.5,822.5,5,1795.885,32000,dataset\segments\Psittacula_krameri\XC1090602-PerruhesBx_segment_0327.wav,train
XC1090602-PerruhesBx_segment_0328.wav,XC1090602-PerruhesBx,Rose-ringed Parakeet,Psittacula krameri,XC1090602-PerruhesBx.wav,328,820.0,825.0,5,1795.885,32000,dataset\segments\Psittacula_krameri\XC1090602-PerruhesBx_segment_0328.wav,train
XC1090602-PerruhesBx_segment_0329.wav,XC1090602-PerruhesBx,Rose-ringed Parakeet,Psittacula krameri,XC1090602-PerruhesBx.wav,329,822.5,827.5,5,1795.885,32000,dataset\segments\Psittacula_krameri\XC1090602-PerruhesBx_segment_0329.wav,train
XC1090602-PerruhesBx_segment_0330.wav,XC1090602-PerruhesBx,Rose-ringed Parakeet,Psittacula krameri,XC1090602-PerruhesBx.wav,330,825.0,830.0,5,1795.885,32000,dataset\segments\Psittacula_krameri\XC1090602-PerruhesBx_segment_0330.wav,train
XC1090602-PerruhesBx_segment_0331.wav,XC1090602-PerruhesBx,Rose-ringed Parakeet,Psittacula krameri,XC1090602-PerruhesBx.wav,331,827.5,832.5,5,1795.885,32000,dataset\segments\Psittacula_krameri\XC1090602-PerruhesBx_segment_0331.wav,train
XC1090602-PerruhesBx_segment_0332.wav,XC1090602-PerruhesBx,Rose-ringed Parakeet,Psittacula krameri,XC1090602-PerruhesBx.wav,332,830.0,835.0,5,1795.885,32000,dataset\segments\Psittacula_krameri\XC1090602-PerruhesBx_segment_0332.wav,train
XC1090602-PerruhesBx_segment_0333.wav,XC1090602-PerruhesBx,Rose-ringed Parakeet,Psittacula krameri,XC1090602-PerruhesBx.wav,333,832.5,837.5,5,1795.885,32000,dataset\segments\Psittacula_krameri\XC1090602-PerruhesBx_segment_0333.wav,train
XC1090602-PerruhesBx_segment_0334.wav,XC1090602-PerruhesBx,Rose-ringed Parakeet,Psittacula krameri,XC1090602-PerruhesBx.wav,334,835.0,840.0,5,1795.885,32000,dataset\segments\Psittacula_krameri\XC1090602-PerruhesBx_segment_0334.wav,train
XC1090602-PerruhesBx_segment_0335.wav,XC1090602-PerruhesBx,Rose-ringed Parakeet,Psittacula krameri,XC1090602-PerruhesBx.wav,335,837.5,842.5,5,1795.885,32000,dataset\segments\Psittacula_krameri\XC1090602-PerruhesBx_segment_0335.wav,train
XC1090602-PerruhesBx_segment_0336.wav,XC1090602-PerruhesBx,Rose-ringed Parakeet,Psittacula krameri,XC1090602-PerruhesBx.wav,336,840.0,845.0,5,1795.885,32000,dataset\segments\Psittacula_krameri\XC1090602-PerruhesBx_segment_0336.wav,train
XC1090602-PerruhesBx_segment_0337.wav,XC1090602-PerruhesBx,Rose-ringed Parakeet,Psittacula krameri,XC1090602-PerruhesBx.wav,337,842.5,847.5,5,1795.885,32000,dataset\segments\Psittacula_krameri\XC1090602-PerruhesBx_segment_0337.wav,train
XC1090602-PerruhesBx_segment_0338.wav,XC1090602-PerruhesBx,Rose-ringed Parakeet,Psittacula krameri,XC1090602-PerruhesBx.wav,338,845.0,850.0,5,1795.885,32000,dataset\segments\Psittacula_krameri\XC1090602-PerruhesBx_segment_0338.wav,train
XC1090602-PerruhesBx_segment_0339.wav,XC1090602-PerruhesBx,Rose-ringed Parakeet,Psittacula krameri,XC1090602-PerruhesBx.wav,339,847.5,852.5,5,1795.885,32000,dataset\segments\Psittacula_krameri\XC1090602-PerruhesBx_segment_0339.wav,train
XC1090602-PerruhesBx_segment_0340.wav,XC1090602-PerruhesBx,Rose-ringed Parakeet,Psittacula krameri,XC1090602-PerruhesBx.wav,340,850.0,855.0,5,1795.885,32000,dataset\segments\Psittacula_krameri\XC1090602-PerruhesBx_segment_0340.wav,train
XC1090602-PerruhesBx_segment_0341.wav,XC1090602-PerruhesBx,Rose-ringed Parakeet,Psittacula krameri,XC1090602-PerruhesBx.wav,341,852.5,857.5,5,1795.885,32000,dataset\segments\Psittacula_krameri\XC1090602-PerruhesBx_segment_0341.wav,train
XC1090602-PerruhesBx_segment_0342.wav,XC1090602-PerruhesBx,Rose-ringed Parakeet,Psittacula krameri,XC1090602-PerruhesBx.wav,342,855.0,860.0,5,1795.885,32000,dataset\segments\Psittacula_krameri\XC1090602-PerruhesBx_segment_0342.wav,train
XC1090602-PerruhesBx_segment_0343.wav,XC1090602-PerruhesBx,Rose-ringed Parakeet,Psittacula krameri,XC1090602-PerruhesBx.wav,343,857.5,862.5,5,1795.885,32000,dataset\segments\Psittacula_krameri\XC1090602-PerruhesBx_segment_0343.wav,train
XC1090602-PerruhesBx_segment_0344.wav,XC1090602-PerruhesBx,Rose-ringed Parakeet,Psittacula krameri,XC1090602-PerruhesBx.wav,344,860.0,865.0,5,1795.885,32000,dataset\segments\Psittacula_krameri\XC1090602-PerruhesBx_segment_0344.wav,train
XC1090602-PerruhesBx_segment_0345.wav,XC1090602-PerruhesBx,Rose-ringed Parakeet,Psittacula krameri,XC1090602-PerruhesBx.wav,345,862.5,867.5,5,1795.885,32000,dataset\segments\Psittacula_krameri\XC1090602-PerruhesBx_segment_0345.wav,train
XC1090602-PerruhesBx_segment_0346.wav,XC1090602-PerruhesBx,Rose-ringed Parakeet,Psittacula krameri,XC1090602-PerruhesBx.wav,346,865.0,870.0,5,1795.885,32000,dataset\segments\Psittacula_krameri\XC1090602-PerruhesBx_segment_0346.wav,train
XC1090602-PerruhesBx_segment_0347.wav,XC1090602-PerruhesBx,Rose-ringed Parakeet,Psittacula krameri,XC1090602-PerruhesBx.wav,347,867.5,872.5,5,1795.885,32000,dataset\segments\Psittacula_krameri\XC1090602-PerruhesBx_segment_0347.wav,train
XC1090602-PerruhesBx_segment_0348.wav,XC1090602-PerruhesBx,Rose-ringed Parakeet,Psittacula krameri,XC1090602-PerruhesBx.wav,348,870.0,875.0,5,1795.885,32000,dataset\segments\Psittacula_krameri\XC1090602-PerruhesBx_segment_0348.wav,train
XC1090602-PerruhesBx_segment_0349.wav,XC1090602-PerruhesBx,Rose-ringed Parakeet,Psittacula krameri,XC1090602-PerruhesBx.wav,349,872.5,877.5,5,1795.885,32000,dataset\segments\Psittacula_krameri\XC1090602-PerruhesBx_segment_0349.wav,train
XC1090602-PerruhesBx_segment_0350.wav,XC1090602-PerruhesBx,Rose-ringed Parakeet,Psittacula krameri,XC1090602-PerruhesBx.wav,350,875.0,880.0,5,1795.885,32000,dataset\segments\Psittacula_krameri\XC1090602-PerruhesBx_segment_0350.wav,train
XC1090602-PerruhesBx_segment_0351.wav,XC1090602-PerruhesBx,Rose-ringed Parakeet,Psittacula krameri,XC1090602-PerruhesBx.wav,351,877.5,882.5,5,1795.885,32000,dataset\segments\Psittacula_krameri\XC1090602-PerruhesBx_segment_0351.wav,train
XC1090602-PerruhesBx_segment_0352.wav,XC1090602-PerruhesBx,Rose-ringed Parakeet,Psittacula krameri,XC1090602-PerruhesBx.wav,352,880.0,885.0,5,1795.885,32000,dataset\segments\Psittacula_krameri\XC1090602-PerruhesBx_segment_0352.wav,train
XC1090602-PerruhesBx_segment_0353.wav,XC1090602-PerruhesBx,Rose-ringed Parakeet,Psittacula krameri,XC1090602-PerruhesBx.wav,353,882.5,887.5,5,1795.885,32000,dataset\segments\Psittacula_krameri\XC1090602-PerruhesBx_segment_0353.wav,train
XC1090602-PerruhesBx_segment_0354.wav,XC1090602-PerruhesBx,Rose-ringed Parakeet,Psittacula krameri,XC1090602-PerruhesBx.wav,354,885.0,890.0,5,1795.885,32000,dataset\segments\Psittacula_krameri\XC1090602-PerruhesBx_segment_0354.wav,train
XC1090602-PerruhesBx_segment_0355.wav,XC1090602-PerruhesBx,Rose-ringed Parakeet,Psittacula krameri,XC1090602-PerruhesBx.wav,355,887.5,892.5,5,1795.885,32000,dataset\segments\Psittacula_krameri\XC1090602-PerruhesBx_segment_0355.wav,train
XC1090602-PerruhesBx_segment_0356.wav,XC1090602-PerruhesBx,Rose-ringed Parakeet,Psittacula krameri,XC1090602-PerruhesBx.wav,356,890.0,895.0,5,1795.885,32000,dataset\segments\Psittacula_krameri\XC1090602-PerruhesBx_segment_0356.wav,train
XC1090602-PerruhesBx_segment_0357.wav,XC1090602-PerruhesBx,Rose-ringed Parakeet,Psittacula krameri,XC1090602-PerruhesBx.wav,357,892.5,897.5,5,1795.885,32000,dataset\segments\Psittacula_krameri\XC1090602-PerruhesBx_segment_0357.wav,train
XC1090602-PerruhesBx_segment_0358.wav,XC1090602-PerruhesBx,Rose-ringed Parakeet,Psittacula krameri,XC1090602-PerruhesBx.wav,358,895.0,900.0,5,1795.885,32000,dataset\segments\Psittacula_krameri\XC1090602-PerruhesBx_segment_0358.wav,train
XC1090602-PerruhesBx_segment_0359.wav,XC1090602-PerruhesBx,Rose-ringed Parakeet,Psittacula krameri,XC1090602-PerruhesBx.wav,359,897.5,902.5,5,1795.885,32000,dataset\segments\Psittacula_krameri\XC1090602-PerruhesBx_segment_0359.wav,train
XC1090602-PerruhesBx_segment_0360.wav,XC1090602-PerruhesBx,Rose-ringed Parakeet,Psittacula krameri,XC1090602-PerruhesBx.wav,360,900.0,905.0,5,1795.885,32000,dataset\segments\Psittacula_krameri\XC1090602-PerruhesBx_segment_0360.wav,train
XC1090602-PerruhesBx_segment_0361.wav,XC1090602-PerruhesBx,Rose-ringed Parakeet,Psittacula krameri,XC1090602-PerruhesBx.wav,361,902.5,907.5,5,1795.885,32000,dataset\segments\Psittacula_krameri\XC1090602-PerruhesBx_segment_0361.wav,train
XC1090602-PerruhesBx_segment_0362.wav,XC1090602-PerruhesBx,Rose-ringed Parakeet,Psittacula krameri,XC1090602-PerruhesBx.wav,362,905.0,910.0,5,1795.885,32000,dataset\segments\Psittacula_krameri\XC1090602-PerruhesBx_segment_0362.wav,train
XC1090602-PerruhesBx_segment_0363.wav,XC1090602-PerruhesBx,Rose-ringed Parakeet,Psittacula krameri,XC1090602-PerruhesBx.wav,363,907.5,912.5,5,1795.885,32000,dataset\segments\Psittacula_krameri\XC1090602-PerruhesBx_segment_0363.wav,train
XC1090602-PerruhesBx_segment_0364.wav,XC1090602-PerruhesBx,Rose-ringed Parakeet,Psittacula krameri,XC1090602-PerruhesBx.wav,364,910.0,915.0,5,1795.885,32000,dataset\segments\Psittacula_krameri\XC1090602-PerruhesBx_segment_0364.wav,train
XC1090602-PerruhesBx_segment_0365.wav,XC1090602-PerruhesBx,Rose-ringed Parakeet,Psittacula krameri,XC1090602-PerruhesBx.wav,365,912.5,917.5,5,1795.885,32000,dataset\segments\Psittacula_krameri\XC1090602-PerruhesBx_segment_0365.wav,train
XC1090602-PerruhesBx_segment_0366.wav,XC1090602-PerruhesBx,Rose-ringed Parakeet,Psittacula krameri,XC1090602-PerruhesBx.wav,366,915.0,920.0,5,1795.885,32000,dataset\segments\Psittacula_krameri\XC1090602-PerruhesBx_segment_0366.wav,train
XC1090602-PerruhesBx_segment_0367.wav,XC1090602-PerruhesBx,Rose-ringed Parakeet,Psittacula krameri,XC1090602-PerruhesBx.wav,367,917.5,922.5,5,1795.885,32000,dataset\segments\Psittacula_krameri\XC1090602-PerruhesBx_segment_0367.wav,train
XC1090602-PerruhesBx_segment_0368.wav,XC1090602-PerruhesBx,Rose-ringed Parakeet,Psittacula krameri,XC1090602-PerruhesBx.wav,368,920.0,925.0,5,1795.885,32000,dataset\segments\Psittacula_krameri\XC1090602-PerruhesBx_segment_0368.wav,train
XC1090602-PerruhesBx_segment_0369.wav,XC1090602-PerruhesBx,Rose-ringed Parakeet,Psittacula krameri,XC1090602-PerruhesBx.wav,369,922.5,927.5,5,1795.885,32000,dataset\segments\Psittacula_krameri\XC1090602-PerruhesBx_segment_0369.wav,train
XC1090602-PerruhesBx_segment_0370.wav,XC1090602-PerruhesBx,Rose-ringed Parakeet,Psittacula krameri,XC1090602-PerruhesBx.wav,370,925.0,930.0,5,1795.885,32000,dataset\segments\Psittacula_krameri\XC1090602-PerruhesBx_segment_0370.wav,train
XC1090602-PerruhesBx_segment_0371.wav,XC1090602-PerruhesBx,Rose-ringed Parakeet,Psittacula krameri,XC1090602-PerruhesBx.wav,371,927.5,932.5,5,1795.885,32000,dataset\segments\Psittacula_krameri\XC1090602-PerruhesBx_segment_0371.wav,train
XC1090602-PerruhesBx_segment_0372.wav,XC1090602-PerruhesBx,Rose-ringed Parakeet,Psittacula krameri,XC1090602-PerruhesBx.wav,372,930.0,935.0,5,1795.885,32000,dataset\segments\Psittacula_krameri\XC1090602-PerruhesBx_segment_0372.wav,train
XC1090602-PerruhesBx_segment_0373.wav,XC1090602-PerruhesBx,Rose-ringed Parakeet,Psittacula krameri,XC1090602-PerruhesBx.wav,373,932.5,937.5,5,1795.885,32000,dataset\segments\Psittacula_krameri\XC1090602-PerruhesBx_segment_0373.wav,train
XC1090602-PerruhesBx_segment_0374.wav,XC1090602-PerruhesBx,Rose-ringed Parakeet,Psittacula krameri,XC1090602-PerruhesBx.wav,374,935.0,940.0,5,1795.885,32000,dataset\segments\Psittacula_krameri\XC1090602-PerruhesBx_segment_0374.wav,train
XC1090602-PerruhesBx_segment_0375.wav,XC1090602-PerruhesBx,Rose-ringed Parakeet,Psittacula krameri,XC1090602-PerruhesBx.wav,375,937.5,942.5,5,1795.885,32000,dataset\segments\Psittacula_krameri\XC1090602-PerruhesBx_segment_0375.wav,train
XC1090602-PerruhesBx_segment_0376.wav,XC1090602-PerruhesBx,Rose-ringed Parakeet,Psittacula krameri,XC1090602-PerruhesBx.wav,376,940.0,945.0,5,1795.885,32000,dataset\segments\Psittacula_krameri\XC1090602-PerruhesBx_segment_0376.wav,train
XC1090602-PerruhesBx_segment_0377.wav,XC1090602-PerruhesBx,Rose-ringed Parakeet,Psittacula krameri,XC1090602-PerruhesBx.wav,377,942.5,947.5,5,1795.885,32000,dataset\segments\Psittacula_krameri\XC1090602-PerruhesBx_segment_0377.wav,train
XC1090602-PerruhesBx_segment_0378.wav,XC1090602-PerruhesBx,Rose-ringed Parakeet,Psittacula krameri,XC1090602-PerruhesBx.wav,378,945.0,950.0,5,1795.885,32000,dataset\segments\Psittacula_krameri\XC1090602-PerruhesBx_segment_0378.wav,train
XC1090602-PerruhesBx_segment_0379.wav,XC1090602-PerruhesBx,Rose-ringed Parakeet,Psittacula krameri,XC1090602-PerruhesBx.wav,379,947.5,952.5,5,1795.885,32000,dataset\segments\Psittacula_krameri\XC1090602-PerruhesBx_segment_0379.wav,train
XC1090602-PerruhesBx_segment_0380.wav,XC1090602-PerruhesBx,Rose-ringed Parakeet,Psittacula krameri,XC1090602-PerruhesBx.wav,380,950.0,955.0,5,1795.885,32000,dataset\segments\Psittacula_krameri\XC1090602-PerruhesBx_segment_0380.wav,train
XC1090602-PerruhesBx_segment_0381.wav,XC1090602-PerruhesBx,Rose-ringed Parakeet,Psittacula krameri,XC1090602-PerruhesBx.wav,381,952.5,957.5,5,1795.885,32000,dataset\segments\Psittacula_krameri\XC1090602-PerruhesBx_segment_0381.wav,train
XC1090602-PerruhesBx_segment_0382.wav,XC1090602-PerruhesBx,Rose-ringed Parakeet,Psittacula krameri,XC1090602-PerruhesBx.wav,382,955.0,960.0,5,1795.885,32000,dataset\segments\Psittacula_krameri\XC1090602-PerruhesBx_segment_0382.wav,train
XC1090602-PerruhesBx_segment_0383.wav,XC1090602-PerruhesBx,Rose-ringed Parakeet,Psittacula krameri,XC1090602-PerruhesBx.wav,383,957.5,962.5,5,1795.885,32000,dataset\segments\Psittacula_krameri\XC1090602-PerruhesBx_segment_0383.wav,train
XC1090602-PerruhesBx_segment_0384.wav,XC1090602-PerruhesBx,Rose-ringed Parakeet,Psittacula krameri,XC1090602-PerruhesBx.wav,384,960.0,965.0,5,1795.885,32000,dataset\segments\Psittacula_krameri\XC1090602-PerruhesBx_segment_0384.wav,train
XC1090602-PerruhesBx_segment_0385.wav,XC1090602-PerruhesBx,Rose-ringed Parakeet,Psittacula krameri,XC1090602-PerruhesBx.wav,385,962.5,967.5,5,1795.885,32000,dataset\segments\Psittacula_krameri\XC1090602-PerruhesBx_segment_0385.wav,train
XC1090602-PerruhesBx_segment_0386.wav,XC1090602-PerruhesBx,Rose-ringed Parakeet,Psittacula krameri,XC1090602-PerruhesBx.wav,386,965.0,970.0,5,1795.885,32000,dataset\segments\Psittacula_krameri\XC1090602-PerruhesBx_segment_0386.wav,train
XC1090602-PerruhesBx_segment_0387.wav,XC1090602-PerruhesBx,Rose-ringed Parakeet,Psittacula krameri,XC1090602-PerruhesBx.wav,387,967.5,972.5,5,1795.885,32000,dataset\segments\Psittacula_krameri\XC1090602-PerruhesBx_segment_0387.wav,train
XC1090602-PerruhesBx_segment_0388.wav,XC1090602-PerruhesBx,Rose-ringed Parakeet,Psittacula krameri,XC1090602-PerruhesBx.wav,388,970.0,975.0,5,1795.885,32000,dataset\segments\Psittacula_krameri\XC1090602-PerruhesBx_segment_0388.wav,train
XC1090602-PerruhesBx_segment_0389.wav,XC1090602-PerruhesBx,Rose-ringed Parakeet,Psittacula krameri,XC1090602-PerruhesBx.wav,389,972.5,977.5,5,1795.885,32000,dataset\segments\Psittacula_krameri\XC1090602-PerruhesBx_segment_0389.wav,train
XC1090602-PerruhesBx_segment_0390.wav,XC1090602-PerruhesBx,Rose-ringed Parakeet,Psittacula krameri,XC1090602-PerruhesBx.wav,390,975.0,980.0,5,1795.885,32000,dataset\segments\Psittacula_krameri\XC1090602-PerruhesBx_segment_0390.wav,train
XC1090602-PerruhesBx_segment_0391.wav,XC1090602-PerruhesBx,Rose-ringed Parakeet,Psittacula krameri,XC1090602-PerruhesBx.wav,391,977.5,982.5,5,1795.885,32000,dataset\segments\Psittacula_krameri\XC1090602-PerruhesBx_segment_0391.wav,train
XC1090602-PerruhesBx_segment_0392.wav,XC1090602-PerruhesBx,Rose-ringed Parakeet,Psittacula krameri,XC1090602-PerruhesBx.wav,392,980.0,985.0,5,1795.885,32000,dataset\segments\Psittacula_krameri\XC1090602-PerruhesBx_segment_0392.wav,train
XC1090602-PerruhesBx_segment_0393.wav,XC1090602-PerruhesBx,Rose-ringed Parakeet,Psittacula krameri,XC1090602-PerruhesBx.wav,393,982.5,987.5,5,1795.885,32000,dataset\segments\Psittacula_krameri\XC1090602-PerruhesBx_segment_0393.wav,train
XC1090602-PerruhesBx_segment_0394.wav,XC1090602-PerruhesBx,Rose-ringed Parakeet,Psittacula krameri,XC1090602-PerruhesBx.wav,394,985.0,990.0,5,1795.885,32000,dataset\segments\Psittacula_krameri\XC1090602-PerruhesBx_segment_0394.wav,train
XC1090602-PerruhesBx_segment_0395.wav,XC1090602-PerruhesBx,Rose-ringed Parakeet,Psittacula krameri,XC1090602-PerruhesBx.wav,395,987.5,992.5,5,1795.885,32000,dataset\segments\Psittacula_krameri\XC1090602-PerruhesBx_segment_0395.wav,train
XC1090602-PerruhesBx_segment_0396.wav,XC1090602-PerruhesBx,Rose-ringed Parakeet,Psittacula krameri,XC1090602-PerruhesBx.wav,396,990.0,995.0,5,1795.885,32000,dataset\segments\Psittacula_krameri\XC1090602-PerruhesBx_segment_0396.wav,train
XC1090602-PerruhesBx_segment_0397.wav,XC1090602-PerruhesBx,Rose-ringed Parakeet,Psittacula krameri,XC1090602-PerruhesBx.wav,397,992.5,997.5,5,1795.885,32000,dataset\segments\Psittacula_krameri\XC1090602-PerruhesBx_segment_0397.wav,train
XC1090602-PerruhesBx_segment_0398.wav,XC1090602-PerruhesBx,Rose-ringed Parakeet,Psittacula krameri,XC1090602-PerruhesBx.wav,398,995.0,1000.0,5,1795.885,32000,dataset\segments\Psittacula_krameri\XC1090602-PerruhesBx_segment_0398.wav,train
XC1090602-PerruhesBx_segment_0399.wav,XC1090602-PerruhesBx,Rose-ringed Parakeet,Psittacula krameri,XC1090602-PerruhesBx.wav,399,997.5,1002.5,5,1795.885,32000,dataset\segments\Psittacula_krameri\XC1090602-PerruhesBx_segment_0399.wav,train
XC1090602-PerruhesBx_segment_0400.wav,XC1090602-PerruhesBx,Rose-ringed Parakeet,Psittacula krameri,XC1090602-PerruhesBx.wav,400,1000.0,1005.0,5,1795.885,32000,dataset\segments\Psittacula_krameri\XC1090602-PerruhesBx_segment_0400.wav,train
XC1090602-PerruhesBx_segment_0401.wav,XC1090602-PerruhesBx,Rose-ringed Parakeet,Psittacula krameri,XC1090602-PerruhesBx.wav,401,1002.5,1007.5,5,1795.885,32000,dataset\segments\Psittacula_krameri\XC1090602-PerruhesBx_segment_0401.wav,train
XC1090602-PerruhesBx_segment_0402.wav,XC1090602-PerruhesBx,Rose-ringed Parakeet,Psittacula krameri,XC1090602-PerruhesBx.wav,402,1005.0,1010.0,5,1795.885,32000,dataset\segments\Psittacula_krameri\XC1090602-PerruhesBx_segment_0402.wav,train
XC1090602-PerruhesBx_segment_0403.wav,XC1090602-PerruhesBx,Rose-ringed Parakeet,Psittacula krameri,XC1090602-PerruhesBx.wav,403,1007.5,1012.5,5,1795.885,32000,dataset\segments\Psittacula_krameri\XC1090602-PerruhesBx_segment_0403.wav,train
XC1090602-PerruhesBx_segment_0404.wav,XC1090602-PerruhesBx,Rose-ringed Parakeet,Psittacula krameri,XC1090602-PerruhesBx.wav,404,1010.0,1015.0,5,1795.885,32000,dataset\segments\Psittacula_krameri\XC1090602-PerruhesBx_segment_0404.wav,train
XC1090602-PerruhesBx_segment_0405.wav,XC1090602-PerruhesBx,Rose-ringed Parakeet,Psittacula krameri,XC1090602-PerruhesBx.wav,405,1012.5,1017.5,5,1795.885,32000,dataset\segments\Psittacula_krameri\XC1090602-PerruhesBx_segment_0405.wav,train
XC1090602-PerruhesBx_segment_0406.wav,XC1090602-PerruhesBx,Rose-ringed Parakeet,Psittacula krameri,XC1090602-PerruhesBx.wav,406,1015.0,1020.0,5,1795.885,32000,dataset\segments\Psittacula_krameri\XC1090602-PerruhesBx_segment_0406.wav,train
XC1090602-PerruhesBx_segment_0407.wav,XC1090602-PerruhesBx,Rose-ringed Parakeet,Psittacula krameri,XC1090602-PerruhesBx.wav,407,1017.5,1022.5,5,1795.885,32000,dataset\segments\Psittacula_krameri\XC1090602-PerruhesBx_segment_0407.wav,train
XC1090602-PerruhesBx_segment_0408.wav,XC1090602-PerruhesBx,Rose-ringed Parakeet,Psittacula krameri,XC1090602-PerruhesBx.wav,408,1020.0,1025.0,5,1795.885,32000,dataset\segments\Psittacula_krameri\XC1090602-PerruhesBx_segment_0408.wav,train
XC1090602-PerruhesBx_segment_0409.wav,XC1090602-PerruhesBx,Rose-ringed Parakeet,Psittacula krameri,XC1090602-PerruhesBx.wav,409,1022.5,1027.5,5,1795.885,32000,dataset\segments\Psittacula_krameri\XC1090602-PerruhesBx_segment_0409.wav,train
XC1090602-PerruhesBx_segment_0410.wav,XC1090602-PerruhesBx,Rose-ringed Parakeet,Psittacula krameri,XC1090602-PerruhesBx.wav,410,1025.0,1030.0,5,1795.885,32000,dataset\segments\Psittacula_krameri\XC1090602-PerruhesBx_segment_0410.wav,train
XC1090602-PerruhesBx_segment_0411.wav,XC1090602-PerruhesBx,Rose-ringed Parakeet,Psittacula krameri,XC1090602-PerruhesBx.wav,411,1027.5,1032.5,5,1795.885,32000,dataset\segments\Psittacula_krameri\XC1090602-PerruhesBx_segment_0411.wav,train
XC1090602-PerruhesBx_segment_0412.wav,XC1090602-PerruhesBx,Rose-ringed Parakeet,Psittacula krameri,XC1090602-PerruhesBx.wav,412,1030.0,1035.0,5,1795.885,32000,dataset\segments\Psittacula_krameri\XC1090602-PerruhesBx_segment_0412.wav,train
XC1090602-PerruhesBx_segment_0413.wav,XC1090602-PerruhesBx,Rose-ringed Parakeet,Psittacula krameri,XC1090602-PerruhesBx.wav,413,1032.5,1037.5,5,1795.885,32000,dataset\segments\Psittacula_krameri\XC1090602-PerruhesBx_segment_0413.wav,train
XC1090602-PerruhesBx_segment_0414.wav,XC1090602-PerruhesBx,Rose-ringed Parakeet,Psittacula krameri,XC1090602-PerruhesBx.wav,414,1035.0,1040.0,5,1795.885,32000,dataset\segments\Psittacula_krameri\XC1090602-PerruhesBx_segment_0414.wav,train
XC1090602-PerruhesBx_segment_0415.wav,XC1090602-PerruhesBx,Rose-ringed Parakeet,Psittacula krameri,XC1090602-PerruhesBx.wav,415,1037.5,1042.5,5,1795.885,32000,dataset\segments\Psittacula_krameri\XC1090602-PerruhesBx_segment_0415.wav,train
XC1090602-PerruhesBx_segment_0416.wav,XC1090602-PerruhesBx,Rose-ringed Parakeet,Psittacula krameri,XC1090602-PerruhesBx.wav,416,1040.0,1045.0,5,1795.885,32000,dataset\segments\Psittacula_krameri\XC1090602-PerruhesBx_segment_0416.wav,train
XC1090602-PerruhesBx_segment_0417.wav,XC1090602-PerruhesBx,Rose-ringed Parakeet,Psittacula krameri,XC1090602-PerruhesBx.wav,417,1042.5,1047.5,5,1795.885,32000,dataset\segments\Psittacula_krameri\XC1090602-PerruhesBx_segment_0417.wav,train
XC1090602-PerruhesBx_segment_0418.wav,XC1090602-PerruhesBx,Rose-ringed Parakeet,Psittacula krameri,XC1090602-PerruhesBx.wav,418,1045.0,1050.0,5,1795.885,32000,dataset\segments\Psittacula_krameri\XC1090602-PerruhesBx_segment_0418.wav,train
XC1090602-PerruhesBx_segment_0419.wav,XC1090602-PerruhesBx,Rose-ringed Parakeet,Psittacula krameri,XC1090602-PerruhesBx.wav,419,1047.5,1052.5,5,1795.885,32000,dataset\segments\Psittacula_krameri\XC1090602-PerruhesBx_segment_0419.wav,train
XC1090602-PerruhesBx_segment_0420.wav,XC1090602-PerruhesBx,Rose-ringed Parakeet,Psittacula krameri,XC1090602-PerruhesBx.wav,420,1050.0,1055.0,5,1795.885,32000,dataset\segments\Psittacula_krameri\XC1090602-PerruhesBx_segment_0420.wav,train
XC1090602-PerruhesBx_segment_0421.wav,XC1090602-PerruhesBx,Rose-ringed Parakeet,Psittacula krameri,XC1090602-PerruhesBx.wav,421,1052.5,1057.5,5,1795.885,32000,dataset\segments\Psittacula_krameri\XC1090602-PerruhesBx_segment_0421.wav,train
XC1090602-PerruhesBx_segment_0422.wav,XC1090602-PerruhesBx,Rose-ringed Parakeet,Psittacula krameri,XC1090602-PerruhesBx.wav,422,1055.0,1060.0,5,1795.885,32000,dataset\segments\Psittacula_krameri\XC1090602-PerruhesBx_segment_0422.wav,train
XC1090602-PerruhesBx_segment_0423.wav,XC1090602-PerruhesBx,Rose-ringed Parakeet,Psittacula krameri,XC1090602-PerruhesBx.wav,423,1057.5,1062.5,5,1795.885,32000,dataset\segments\Psittacula_krameri\XC1090602-PerruhesBx_segment_0423.wav,train
XC1090602-PerruhesBx_segment_0424.wav,XC1090602-PerruhesBx,Rose-ringed Parakeet,Psittacula krameri,XC1090602-PerruhesBx.wav,424,1060.0,1065.0,5,1795.885,32000,dataset\segments\Psittacula_krameri\XC1090602-PerruhesBx_segment_0424.wav,train
XC1090602-PerruhesBx_segment_0425.wav,XC1090602-PerruhesBx,Rose-ringed Parakeet,Psittacula krameri,XC1090602-PerruhesBx.wav,425,1062.5,1067.5,5,1795.885,32000,dataset\segments\Psittacula_krameri\XC1090602-PerruhesBx_segment_0425.wav,train
XC1090602-PerruhesBx_segment_0426.wav,XC1090602-PerruhesBx,Rose-ringed Parakeet,Psittacula krameri,XC1090602-PerruhesBx.wav,426,1065.0,1070.0,5,1795.885,32000,dataset\segments\Psittacula_krameri\XC1090602-PerruhesBx_segment_0426.wav,train
XC1090602-PerruhesBx_segment_0427.wav,XC1090602-PerruhesBx,Rose-ringed Parakeet,Psittacula krameri,XC1090602-PerruhesBx.wav,427,1067.5,1072.5,5,1795.885,32000,dataset\segments\Psittacula_krameri\XC1090602-PerruhesBx_segment_0427.wav,train
XC1090602-PerruhesBx_segment_0428.wav,XC1090602-PerruhesBx,Rose-ringed Parakeet,Psittacula krameri,XC1090602-PerruhesBx.wav,428,1070.0,1075.0,5,1795.885,32000,dataset\segments\Psittacula_krameri\XC1090602-PerruhesBx_segment_0428.wav,train
XC1090602-PerruhesBx_segment_0429.wav,XC1090602-PerruhesBx,Rose-ringed Parakeet,Psittacula krameri,XC1090602-PerruhesBx.wav,429,1072.5,1077.5,5,1795.885,32000,dataset\segments\Psittacula_krameri\XC1090602-PerruhesBx_segment_0429.wav,train
XC1090602-PerruhesBx_segment_0430.wav,XC1090602-PerruhesBx,Rose-ringed Parakeet,Psittacula krameri,XC1090602-PerruhesBx.wav,430,1075.0,1080.0,5,1795.885,32000,dataset\segments\Psittacula_krameri\XC1090602-PerruhesBx_segment_0430.wav,train
XC1090602-PerruhesBx_segment_0431.wav,XC1090602-PerruhesBx,Rose-ringed Parakeet,Psittacula krameri,XC1090602-PerruhesBx.wav,431,1077.5,1082.5,5,1795.885,32000,dataset\segments\Psittacula_krameri\XC1090602-PerruhesBx_segment_0431.wav,train
XC1090602-PerruhesBx_segment_0432.wav,XC1090602-PerruhesBx,Rose-ringed Parakeet,Psittacula krameri,XC1090602-PerruhesBx.wav,432,1080.0,1085.0,5,1795.885,32000,dataset\segments\Psittacula_krameri\XC1090602-PerruhesBx_segment_0432.wav,train
XC1090602-PerruhesBx_segment_0433.wav,XC1090602-PerruhesBx,Rose-ringed Parakeet,Psittacula krameri,XC1090602-PerruhesBx.wav,433,1082.5,1087.5,5,1795.885,32000,dataset\segments\Psittacula_krameri\XC1090602-PerruhesBx_segment_0433.wav,train
XC1090602-PerruhesBx_segment_0434.wav,XC1090602-PerruhesBx,Rose-ringed Parakeet,Psittacula krameri,XC1090602-PerruhesBx.wav,434,1085.0,1090.0,5,1795.885,32000,dataset\segments\Psittacula_krameri\XC1090602-PerruhesBx_segment_0434.wav,train
XC1090602-PerruhesBx_segment_0435.wav,XC1090602-PerruhesBx,Rose-ringed Parakeet,Psittacula krameri,XC1090602-PerruhesBx.wav,435,1087.5,1092.5,5,1795.885,32000,dataset\segments\Psittacula_krameri\XC1090602-PerruhesBx_segment_0435.wav,train
XC1090602-PerruhesBx_segment_0436.wav,XC1090602-PerruhesBx,Rose-ringed Parakeet,Psittacula krameri,XC1090602-PerruhesBx.wav,436,1090.0,1095.0,5,1795.885,32000,dataset\segments\Psittacula_krameri\XC1090602-PerruhesBx_segment_0436.wav,train
XC1090602-PerruhesBx_segment_0437.wav,XC1090602-PerruhesBx,Rose-ringed Parakeet,Psittacula krameri,XC1090602-PerruhesBx.wav,437,1092.5,1097.5,5,1795.885,32000,dataset\segments\Psittacula_krameri\XC1090602-PerruhesBx_segment_0437.wav,train
XC1090602-PerruhesBx_segment_0438.wav,XC1090602-PerruhesBx,Rose-ringed Parakeet,Psittacula krameri,XC1090602-PerruhesBx.wav,438,1095.0,1100.0,5,1795.885,32000,dataset\segments\Psittacula_krameri\XC1090602-PerruhesBx_segment_0438.wav,train
XC1090602-PerruhesBx_segment_0439.wav,XC1090602-PerruhesBx,Rose-ringed Parakeet,Psittacula krameri,XC1090602-PerruhesBx.wav,439,1097.5,1102.5,5,1795.885,32000,dataset\segments\Psittacula_krameri\XC1090602-PerruhesBx_segment_0439.wav,train
XC1090602-PerruhesBx_segment_0440.wav,XC1090602-PerruhesBx,Rose-ringed Parakeet,Psittacula krameri,XC1090602-PerruhesBx.wav,440,1100.0,1105.0,5,1795.885,32000,dataset\segments\Psittacula_krameri\XC1090602-PerruhesBx_segment_0440.wav,train
XC1090602-PerruhesBx_segment_0441.wav,XC1090602-PerruhesBx,Rose-ringed Parakeet,Psittacula krameri,XC1090602-PerruhesBx.wav,441,1102.5,1107.5,5,1795.885,32000,dataset\segments\Psittacula_krameri\XC1090602-PerruhesBx_segment_0441.wav,train
XC1090602-PerruhesBx_segment_0442.wav,XC1090602-PerruhesBx,Rose-ringed Parakeet,Psittacula krameri,XC1090602-PerruhesBx.wav,442,1105.0,1110.0,5,1795.885,32000,dataset\segments\Psittacula_krameri\XC1090602-PerruhesBx_segment_0442.wav,train
XC1090602-PerruhesBx_segment_0443.wav,XC1090602-PerruhesBx,Rose-ringed Parakeet,Psittacula krameri,XC1090602-PerruhesBx.wav,443,1107.5,1112.5,5,1795.885,32000,dataset\segments\Psittacula_krameri\XC1090602-PerruhesBx_segment_0443.wav,train
XC1090602-PerruhesBx_segment_0444.wav,XC1090602-PerruhesBx,Rose-ringed Parakeet,Psittacula krameri,XC1090602-PerruhesBx.wav,444,1110.0,1115.0,5,1795.885,32000,dataset\segments\Psittacula_krameri\XC1090602-PerruhesBx_segment_0444.wav,train
XC1090602-PerruhesBx_segment_0445.wav,XC1090602-PerruhesBx,Rose-ringed Parakeet,Psittacula krameri,XC1090602-PerruhesBx.wav,445,1112.5,1117.5,5,1795.885,32000,dataset\segments\Psittacula_krameri\XC1090602-PerruhesBx_segment_0445.wav,train
XC1090602-PerruhesBx_segment_0446.wav,XC1090602-PerruhesBx,Rose-ringed Parakeet,Psittacula krameri,XC1090602-PerruhesBx.wav,446,1115.0,1120.0,5,1795.885,32000,dataset\segments\Psittacula_krameri\XC1090602-PerruhesBx_segment_0446.wav,train
XC1090602-PerruhesBx_segment_0447.wav,XC1090602-PerruhesBx,Rose-ringed Parakeet,Psittacula krameri,XC1090602-PerruhesBx.wav,447,1117.5,1122.5,5,1795.885,32000,dataset\segments\Psittacula_krameri\XC1090602-PerruhesBx_segment_0447.wav,train
XC1090602-PerruhesBx_segment_0448.wav,XC1090602-PerruhesBx,Rose-ringed Parakeet,Psittacula krameri,XC1090602-PerruhesBx.wav,448,1120.0,1125.0,5,1795.885,32000,dataset\segments\Psittacula_krameri\XC1090602-PerruhesBx_segment_0448.wav,train
XC1090602-PerruhesBx_segment_0449.wav,XC1090602-PerruhesBx,Rose-ringed Parakeet,Psittacula krameri,XC1090602-PerruhesBx.wav,449,1122.5,1127.5,5,1795.885,32000,dataset\segments\Psittacula_krameri\XC1090602-PerruhesBx_segment_0449.wav,train
XC1090602-PerruhesBx_segment_0450.wav,XC1090602-PerruhesBx,Rose-ringed Parakeet,Psittacula krameri,XC1090602-PerruhesBx.wav,450,1125.0,1130.0,5,1795.885,32000,dataset\segments\Psittacula_krameri\XC1090602-PerruhesBx_segment_0450.wav,train
XC1090602-PerruhesBx_segment_0451.wav,XC1090602-PerruhesBx,Rose-ringed Parakeet,Psittacula krameri,XC1090602-PerruhesBx.wav,451,1127.5,1132.5,5,1795.885,32000,dataset\segments\Psittacula_krameri\XC1090602-PerruhesBx_segment_0451.wav,train
XC1090602-PerruhesBx_segment_0452.wav,XC1090602-PerruhesBx,Rose-ringed Parakeet,Psittacula krameri,XC1090602-PerruhesBx.wav,452,1130.0,1135.0,5,1795.885,32000,dataset\segments\Psittacula_krameri\XC1090602-PerruhesBx_segment_0452.wav,train
XC1090602-PerruhesBx_segment_0453.wav,XC1090602-PerruhesBx,Rose-ringed Parakeet,Psittacula krameri,XC1090602-PerruhesBx.wav,453,1132.5,1137.5,5,1795.885,32000,dataset\segments\Psittacula_krameri\XC1090602-PerruhesBx_segment_0453.wav,train
XC1090602-PerruhesBx_segment_0454.wav,XC1090602-PerruhesBx,Rose-ringed Parakeet,Psittacula krameri,XC1090602-PerruhesBx.wav,454,1135.0,1140.0,5,1795.885,32000,dataset\segments\Psittacula_krameri\XC1090602-PerruhesBx_segment_0454.wav,train
XC1090602-PerruhesBx_segment_0455.wav,XC1090602-PerruhesBx,Rose-ringed Parakeet,Psittacula krameri,XC1090602-PerruhesBx.wav,455,1137.5,1142.5,5,1795.885,32000,dataset\segments\Psittacula_krameri\XC1090602-PerruhesBx_segment_0455.wav,train
XC1090602-PerruhesBx_segment_0456.wav,XC1090602-PerruhesBx,Rose-ringed Parakeet,Psittacula krameri,XC1090602-PerruhesBx.wav,456,1140.0,1145.0,5,1795.885,32000,dataset\segments\Psittacula_krameri\XC1090602-PerruhesBx_segment_0456.wav,train
XC1090602-PerruhesBx_segment_0457.wav,XC1090602-PerruhesBx,Rose-ringed Parakeet,Psittacula krameri,XC1090602-PerruhesBx.wav,457,1142.5,1147.5,5,1795.885,32000,dataset\segments\Psittacula_krameri\XC1090602-PerruhesBx_segment_0457.wav,train
XC1090602-PerruhesBx_segment_0458.wav,XC1090602-PerruhesBx,Rose-ringed Parakeet,Psittacula krameri,XC1090602-PerruhesBx.wav,458,1145.0,1150.0,5,1795.885,32000,dataset\segments\Psittacula_krameri\XC1090602-PerruhesBx_segment_0458.wav,train
XC1090602-PerruhesBx_segment_0459.wav,XC1090602-PerruhesBx,Rose-ringed Parakeet,Psittacula krameri,XC1090602-PerruhesBx.wav,459,1147.5,1152.5,5,1795.885,32000,dataset\segments\Psittacula_krameri\XC1090602-PerruhesBx_segment_0459.wav,train
XC1090602-PerruhesBx_segment_0460.wav,XC1090602-PerruhesBx,Rose-ringed Parakeet,Psittacula krameri,XC1090602-PerruhesBx.wav,460,1150.0,1155.0,5,1795.885,32000,dataset\segments\Psittacula_krameri\XC1090602-PerruhesBx_segment_0460.wav,train
XC1090602-PerruhesBx_segment_0461.wav,XC1090602-PerruhesBx,Rose-ringed Parakeet,Psittacula krameri,XC1090602-PerruhesBx.wav,461,1152.5,1157.5,5,1795.885,32000,dataset\segments\Psittacula_krameri\XC1090602-PerruhesBx_segment_0461.wav,train
XC1090602-PerruhesBx_segment_0462.wav,XC1090602-PerruhesBx,Rose-ringed Parakeet,Psittacula krameri,XC1090602-PerruhesBx.wav,462,1155.0,1160.0,5,1795.885,32000,dataset\segments\Psittacula_krameri\XC1090602-PerruhesBx_segment_0462.wav,train
XC1090602-PerruhesBx_segment_0463.wav,XC1090602-PerruhesBx,Rose-ringed Parakeet,Psittacula krameri,XC1090602-PerruhesBx.wav,463,1157.5,1162.5,5,1795.885,32000,dataset\segments\Psittacula_krameri\XC1090602-PerruhesBx_segment_0463.wav,train
XC1090602-PerruhesBx_segment_0464.wav,XC1090602-PerruhesBx,Rose-ringed Parakeet,Psittacula krameri,XC1090602-PerruhesBx.wav,464,1160.0,1165.0,5,1795.885,32000,dataset\segments\Psittacula_krameri\XC1090602-PerruhesBx_segment_0464.wav,train
XC1090602-PerruhesBx_segment_0465.wav,XC1090602-PerruhesBx,Rose-ringed Parakeet,Psittacula krameri,XC1090602-PerruhesBx.wav,465,1162.5,1167.5,5,1795.885,32000,dataset\segments\Psittacula_krameri\XC1090602-PerruhesBx_segment_0465.wav,train
XC1090602-PerruhesBx_segment_0466.wav,XC1090602-PerruhesBx,Rose-ringed Parakeet,Psittacula krameri,XC1090602-PerruhesBx.wav,466,1165.0,1170.0,5,1795.885,32000,dataset\segments\Psittacula_krameri\XC1090602-PerruhesBx_segment_0466.wav,train
XC1090602-PerruhesBx_segment_0467.wav,XC1090602-PerruhesBx,Rose-ringed Parakeet,Psittacula krameri,XC1090602-PerruhesBx.wav,467,1167.5,1172.5,5,1795.885,32000,dataset\segments\Psittacula_krameri\XC1090602-PerruhesBx_segment_0467.wav,train
XC1090602-PerruhesBx_segment_0468.wav,XC1090602-PerruhesBx,Rose-ringed Parakeet,Psittacula krameri,XC1090602-PerruhesBx.wav,468,1170.0,1175.0,5,1795.885,32000,dataset\segments\Psittacula_krameri\XC1090602-PerruhesBx_segment_0468.wav,train
XC1090602-PerruhesBx_segment_0469.wav,XC1090602-PerruhesBx,Rose-ringed Parakeet,Psittacula krameri,XC1090602-PerruhesBx.wav,469,1172.5,1177.5,5,1795.885,32000,dataset\segments\Psittacula_krameri\XC1090602-PerruhesBx_segment_0469.wav,train
XC1090602-PerruhesBx_segment_0470.wav,XC1090602-PerruhesBx,Rose-ringed Parakeet,Psittacula krameri,XC1090602-PerruhesBx.wav,470,1175.0,1180.0,5,1795.885,32000,dataset\segments\Psittacula_krameri\XC1090602-PerruhesBx_segment_0470.wav,train
XC1090602-PerruhesBx_segment_0471.wav,XC1090602-PerruhesBx,Rose-ringed Parakeet,Psittacula krameri,XC1090602-PerruhesBx.wav,471,1177.5,1182.5,5,1795.885,32000,dataset\segments\Psittacula_krameri\XC1090602-PerruhesBx_segment_0471.wav,train
XC1090602-PerruhesBx_segment_0472.wav,XC1090602-PerruhesBx,Rose-ringed Parakeet,Psittacula krameri,XC1090602-PerruhesBx.wav,472,1180.0,1185.0,5,1795.885,32000,dataset\segments\Psittacula_krameri\XC1090602-PerruhesBx_segment_0472.wav,train
XC1090602-PerruhesBx_segment_0473.wav,XC1090602-PerruhesBx,Rose-ringed Parakeet,Psittacula krameri,XC1090602-PerruhesBx.wav,473,1182.5,1187.5,5,1795.885,32000,dataset\segments\Psittacula_krameri\XC1090602-PerruhesBx_segment_0473.wav,train
XC1090602-PerruhesBx_segment_0474.wav,XC1090602-PerruhesBx,Rose-ringed Parakeet,Psittacula krameri,XC1090602-PerruhesBx.wav,474,1185.0,1190.0,5,1795.885,32000,dataset\segments\Psittacula_krameri\XC1090602-PerruhesBx_segment_0474.wav,train
XC1090602-PerruhesBx_segment_0475.wav,XC1090602-PerruhesBx,Rose-ringed Parakeet,Psittacula krameri,XC1090602-PerruhesBx.wav,475,1187.5,1192.5,5,1795.885,32000,dataset\segments\Psittacula_krameri\XC1090602-PerruhesBx_segment_0475.wav,train
XC1090602-PerruhesBx_segment_0476.wav,XC1090602-PerruhesBx,Rose-ringed Parakeet,Psittacula krameri,XC1090602-PerruhesBx.wav,476,1190.0,1195.0,5,1795.885,32000,dataset\segments\Psittacula_krameri\XC1090602-PerruhesBx_segment_0476.wav,train
XC1090602-PerruhesBx_segment_0477.wav,XC1090602-PerruhesBx,Rose-ringed Parakeet,Psittacula krameri,XC1090602-PerruhesBx.wav,477,1192.5,1197.5,5,1795.885,32000,dataset\segments\Psittacula_krameri\XC1090602-PerruhesBx_segment_0477.wav,train
XC1090602-PerruhesBx_segment_0478.wav,XC1090602-PerruhesBx,Rose-ringed Parakeet,Psittacula krameri,XC1090602-PerruhesBx.wav,478,1195.0,1200.0,5,1795.885,32000,dataset\segments\Psittacula_krameri\XC1090602-PerruhesBx_segment_0478.wav,train
XC1090602-PerruhesBx_segment_0479.wav,XC1090602-PerruhesBx,Rose-ringed Parakeet,Psittacula krameri,XC1090602-PerruhesBx.wav,479,1197.5,1202.5,5,1795.885,32000,dataset\segments\Psittacula_krameri\XC1090602-PerruhesBx_segment_0479.wav,train
XC1090602-PerruhesBx_segment_0480.wav,XC1090602-PerruhesBx,Rose-ringed Parakeet,Psittacula krameri,XC1090602-PerruhesBx.wav,480,1200.0,1205.0,5,1795.885,32000,dataset\segments\Psittacula_krameri\XC1090602-PerruhesBx_segment_0480.wav,train
XC1090602-PerruhesBx_segment_0481.wav,XC1090602-PerruhesBx,Rose-ringed Parakeet,Psittacula krameri,XC1090602-PerruhesBx.wav,481,1202.5,1207.5,5,1795.885,32000,dataset\segments\Psittacula_krameri\XC1090602-PerruhesBx_segment_0481.wav,train
XC1090602-PerruhesBx_segment_0482.wav,XC1090602-PerruhesBx,Rose-ringed Parakeet,Psittacula krameri,XC1090602-PerruhesBx.wav,482,1205.0,1210.0,5,1795.885,32000,dataset\segments\Psittacula_krameri\XC1090602-PerruhesBx_segment_0482.wav,train
XC1090602-PerruhesBx_segment_0483.wav,XC1090602-PerruhesBx,Rose-ringed Parakeet,Psittacula krameri,XC1090602-PerruhesBx.wav,483,1207.5,1212.5,5,1795.885,32000,dataset\segments\Psittacula_krameri\XC1090602-PerruhesBx_segment_0483.wav,train
XC1090602-PerruhesBx_segment_0484.wav,XC1090602-PerruhesBx,Rose-ringed Parakeet,Psittacula krameri,XC1090602-PerruhesBx.wav,484,1210.0,1215.0,5,1795.885,32000,dataset\segments\Psittacula_krameri\XC1090602-PerruhesBx_segment_0484.wav,train
XC1090602-PerruhesBx_segment_0485.wav,XC1090602-PerruhesBx,Rose-ringed Parakeet,Psittacula krameri,XC1090602-PerruhesBx.wav,485,1212.5,1217.5,5,1795.885,32000,dataset\segments\Psittacula_krameri\XC1090602-PerruhesBx_segment_0485.wav,train
XC1090602-PerruhesBx_segment_0486.wav,XC1090602-PerruhesBx,Rose-ringed Parakeet,Psittacula krameri,XC1090602-PerruhesBx.wav,486,1215.0,1220.0,5,1795.885,32000,dataset\segments\Psittacula_krameri\XC1090602-PerruhesBx_segment_0486.wav,train
XC1090602-PerruhesBx_segment_0487.wav,XC1090602-PerruhesBx,Rose-ringed Parakeet,Psittacula krameri,XC1090602-PerruhesBx.wav,487,1217.5,1222.5,5,1795.885,32000,dataset\segments\Psittacula_krameri\XC1090602-PerruhesBx_segment_0487.wav,train
XC1090602-PerruhesBx_segment_0488.wav,XC1090602-PerruhesBx,Rose-ringed Parakeet,Psittacula krameri,XC1090602-PerruhesBx.wav,488,1220.0,1225.0,5,1795.885,32000,dataset\segments\Psittacula_krameri\XC1090602-PerruhesBx_segment_0488.wav,train
XC1090602-PerruhesBx_segment_0489.wav,XC1090602-PerruhesBx,Rose-ringed Parakeet,Psittacula krameri,XC1090602-PerruhesBx.wav,489,1222.5,1227.5,5,1795.885,32000,dataset\segments\Psittacula_krameri\XC1090602-PerruhesBx_segment_0489.wav,train
XC1090602-PerruhesBx_segment_0490.wav,XC1090602-PerruhesBx,Rose-ringed Parakeet,Psittacula krameri,XC1090602-PerruhesBx.wav,490,1225.0,1230.0,5,1795.885,32000,dataset\segments\Psittacula_krameri\XC1090602-PerruhesBx_segment_0490.wav,train
XC1090602-PerruhesBx_segment_0491.wav,XC1090602-PerruhesBx,Rose-ringed Parakeet,Psittacula krameri,XC1090602-PerruhesBx.wav,491,1227.5,1232.5,5,1795.885,32000,dataset\segments\Psittacula_krameri\XC1090602-PerruhesBx_segment_0491.wav,train
XC1090602-PerruhesBx_segment_0492.wav,XC1090602-PerruhesBx,Rose-ringed Parakeet,Psittacula krameri,XC1090602-PerruhesBx.wav,492,1230.0,1235.0,5,1795.885,32000,dataset\segments\Psittacula_krameri\XC1090602-PerruhesBx_segment_0492.wav,train
XC1090602-PerruhesBx_segment_0493.wav,XC1090602-PerruhesBx,Rose-ringed Parakeet,Psittacula krameri,XC1090602-PerruhesBx.wav,493,1232.5,1237.5,5,1795.885,32000,dataset\segments\Psittacula_krameri\XC1090602-PerruhesBx_segment_0493.wav,train
XC1090602-PerruhesBx_segment_0494.wav,XC1090602-PerruhesBx,Rose-ringed Parakeet,Psittacula krameri,XC1090602-PerruhesBx.wav,494,1235.0,1240.0,5,1795.885,32000,dataset\segments\Psittacula_krameri\XC1090602-PerruhesBx_segment_0494.wav,train
XC1090602-PerruhesBx_segment_0495.wav,XC1090602-PerruhesBx,Rose-ringed Parakeet,Psittacula krameri,XC1090602-PerruhesBx.wav,495,1237.5,1242.5,5,1795.885,32000,dataset\segments\Psittacula_krameri\XC1090602-PerruhesBx_segment_0495.wav,train
XC1090602-PerruhesBx_segment_0496.wav,XC1090602-PerruhesBx,Rose-ringed Parakeet,Psittacula krameri,XC1090602-PerruhesBx.wav,496,1240.0,1245.0,5,1795.885,32000,dataset\segments\Psittacula_krameri\XC1090602-PerruhesBx_segment_0496.wav,train
XC1090602-PerruhesBx_segment_0497.wav,XC1090602-PerruhesBx,Rose-ringed Parakeet,Psittacula krameri,XC1090602-PerruhesBx.wav,497,1242.5,1247.5,5,1795.885,32000,dataset\segments\Psittacula_krameri\XC1090602-PerruhesBx_segment_0497.wav,train
XC1090602-PerruhesBx_segment_0498.wav,XC1090602-PerruhesBx,Rose-ringed Parakeet,Psittacula krameri,XC1090602-PerruhesBx.wav,498,1245.0,1250.0,5,1795.885,32000,dataset\segments\Psittacula_krameri\XC1090602-PerruhesBx_segment_0498.wav,train
XC1090602-PerruhesBx_segment_0499.wav,XC1090602-PerruhesBx,Rose-ringed Parakeet,Psittacula krameri,XC1090602-PerruhesBx.wav,499,1247.5,1252.5,5,1795.885,32000,dataset\segments\Psittacula_krameri\XC1090602-PerruhesBx_segment_0499.wav,train
XC1090602-PerruhesBx_segment_0500.wav,XC1090602-PerruhesBx,Rose-ringed Parakeet,Psittacula krameri,XC1090602-PerruhesBx.wav,500,1250.0,1255.0,5,1795.885,32000,dataset\segments\Psittacula_krameri\XC1090602-PerruhesBx_segment_0500.wav,train
XC1090602-PerruhesBx_segment_0501.wav,XC1090602-PerruhesBx,Rose-ringed Parakeet,Psittacula krameri,XC1090602-PerruhesBx.wav,501,1252.5,1257.5,5,1795.885,32000,dataset\segments\Psittacula_krameri\XC1090602-PerruhesBx_segment_0501.wav,train
XC1090602-PerruhesBx_segment_0502.wav,XC1090602-PerruhesBx,Rose-ringed Parakeet,Psittacula krameri,XC1090602-PerruhesBx.wav,502,1255.0,1260.0,5,1795.885,32000,dataset\segments\Psittacula_krameri\XC1090602-PerruhesBx_segment_0502.wav,train
XC1090602-PerruhesBx_segment_0503.wav,XC1090602-PerruhesBx,Rose-ringed Parakeet,Psittacula krameri,XC1090602-PerruhesBx.wav,503,1257.5,1262.5,5,1795.885,32000,dataset\segments\Psittacula_krameri\XC1090602-PerruhesBx_segment_0503.wav,train
XC1090602-PerruhesBx_segment_0504.wav,XC1090602-PerruhesBx,Rose-ringed Parakeet,Psittacula krameri,XC1090602-PerruhesBx.wav,504,1260.0,1265.0,5,1795.885,32000,dataset\segments\Psittacula_krameri\XC1090602-PerruhesBx_segment_0504.wav,train
XC1090602-PerruhesBx_segment_0505.wav,XC1090602-PerruhesBx,Rose-ringed Parakeet,Psittacula krameri,XC1090602-PerruhesBx.wav,505,1262.5,1267.5,5,1795.885,32000,dataset\segments\Psittacula_krameri\XC1090602-PerruhesBx_segment_0505.wav,train
XC1090602-PerruhesBx_segment_0506.wav,XC1090602-PerruhesBx,Rose-ringed Parakeet,Psittacula krameri,XC1090602-PerruhesBx.wav,506,1265.0,1270.0,5,1795.885,32000,dataset\segments\Psittacula_krameri\XC1090602-PerruhesBx_segment_0506.wav,train
XC1090602-PerruhesBx_segment_0507.wav,XC1090602-PerruhesBx,Rose-ringed Parakeet,Psittacula krameri,XC1090602-PerruhesBx.wav,507,1267.5,1272.5,5,1795.885,32000,dataset\segments\Psittacula_krameri\XC1090602-PerruhesBx_segment_0507.wav,train
XC1090602-PerruhesBx_segment_0508.wav,XC1090602-PerruhesBx,Rose-ringed Parakeet,Psittacula krameri,XC1090602-PerruhesBx.wav,508,1270.0,1275.0,5,1795.885,32000,dataset\segments\Psittacula_krameri\XC1090602-PerruhesBx_segment_0508.wav,train
XC1090602-PerruhesBx_segment_0509.wav,XC1090602-PerruhesBx,Rose-ringed Parakeet,Psittacula krameri,XC1090602-PerruhesBx.wav,509,1272.5,1277.5,5,1795.885,32000,dataset\segments\Psittacula_krameri\XC1090602-PerruhesBx_segment_0509.wav,train
XC1090602-PerruhesBx_segment_0510.wav,XC1090602-PerruhesBx,Rose-ringed Parakeet,Psittacula krameri,XC1090602-PerruhesBx.wav,510,1275.0,1280.0,5,1795.885,32000,dataset\segments\Psittacula_krameri\XC1090602-PerruhesBx_segment_0510.wav,train
XC1090602-PerruhesBx_segment_0511.wav,XC1090602-PerruhesBx,Rose-ringed Parakeet,Psittacula krameri,XC1090602-PerruhesBx.wav,511,1277.5,1282.5,5,1795.885,32000,dataset\segments\Psittacula_krameri\XC1090602-PerruhesBx_segment_0511.wav,train
XC1090602-PerruhesBx_segment_0512.wav,XC1090602-PerruhesBx,Rose-ringed Parakeet,Psittacula krameri,XC1090602-PerruhesBx.wav,512,1280.0,1285.0,5,1795.885,32000,dataset\segments\Psittacula_krameri\XC1090602-PerruhesBx_segment_0512.wav,train
XC1090602-PerruhesBx_segment_0513.wav,XC1090602-PerruhesBx,Rose-ringed Parakeet,Psittacula krameri,XC1090602-PerruhesBx.wav,513,1282.5,1287.5,5,1795.885,32000,dataset\segments\Psittacula_krameri\XC1090602-PerruhesBx_segment_0513.wav,train
XC1090602-PerruhesBx_segment_0514.wav,XC1090602-PerruhesBx,Rose-ringed Parakeet,Psittacula krameri,XC1090602-PerruhesBx.wav,514,1285.0,1290.0,5,1795.885,32000,dataset\segments\Psittacula_krameri\XC1090602-PerruhesBx_segment_0514.wav,train
XC1090602-PerruhesBx_segment_0515.wav,XC1090602-PerruhesBx,Rose-ringed Parakeet,Psittacula krameri,XC1090602-PerruhesBx.wav,515,1287.5,1292.5,5,1795.885,32000,dataset\segments\Psittacula_krameri\XC1090602-PerruhesBx_segment_0515.wav,train
XC1090602-PerruhesBx_segment_0516.wav,XC1090602-PerruhesBx,Rose-ringed Parakeet,Psittacula krameri,XC1090602-PerruhesBx.wav,516,1290.0,1295.0,5,1795.885,32000,dataset\segments\Psittacula_krameri\XC1090602-PerruhesBx_segment_0516.wav,train
XC1090602-PerruhesBx_segment_0517.wav,XC1090602-PerruhesBx,Rose-ringed Parakeet,Psittacula krameri,XC1090602-PerruhesBx.wav,517,1292.5,1297.5,5,1795.885,32000,dataset\segments\Psittacula_krameri\XC1090602-PerruhesBx_segment_0517.wav,train
XC1090602-PerruhesBx_segment_0518.wav,XC1090602-PerruhesBx,Rose-ringed Parakeet,Psittacula krameri,XC1090602-PerruhesBx.wav,518,1295.0,1300.0,5,1795.885,32000,dataset\segments\Psittacula_krameri\XC1090602-PerruhesBx_segment_0518.wav,train
XC1090602-PerruhesBx_segment_0519.wav,XC1090602-PerruhesBx,Rose-ringed Parakeet,Psittacula krameri,XC1090602-PerruhesBx.wav,519,1297.5,1302.5,5,1795.885,32000,dataset\segments\Psittacula_krameri\XC1090602-PerruhesBx_segment_0519.wav,train
XC1090602-PerruhesBx_segment_0520.wav,XC1090602-PerruhesBx,Rose-ringed Parakeet,Psittacula krameri,XC1090602-PerruhesBx.wav,520,1300.0,1305.0,5,1795.885,32000,dataset\segments\Psittacula_krameri\XC1090602-PerruhesBx_segment_0520.wav,train
XC1090602-PerruhesBx_segment_0521.wav,XC1090602-PerruhesBx,Rose-ringed Parakeet,Psittacula krameri,XC1090602-PerruhesBx.wav,521,1302.5,1307.5,5,1795.885,32000,dataset\segments\Psittacula_krameri\XC1090602-PerruhesBx_segment_0521.wav,train
XC1090602-PerruhesBx_segment_0522.wav,XC1090602-PerruhesBx,Rose-ringed Parakeet,Psittacula krameri,XC1090602-PerruhesBx.wav,522,1305.0,1310.0,5,1795.885,32000,dataset\segments\Psittacula_krameri\XC1090602-PerruhesBx_segment_0522.wav,train
XC1090602-PerruhesBx_segment_0523.wav,XC1090602-PerruhesBx,Rose-ringed Parakeet,Psittacula krameri,XC1090602-PerruhesBx.wav,523,1307.5,1312.5,5,1795.885,32000,dataset\segments\Psittacula_krameri\XC1090602-PerruhesBx_segment_0523.wav,train
XC1090602-PerruhesBx_segment_0524.wav,XC1090602-PerruhesBx,Rose-ringed Parakeet,Psittacula krameri,XC1090602-PerruhesBx.wav,524,1310.0,1315.0,5,1795.885,32000,dataset\segments\Psittacula_krameri\XC1090602-PerruhesBx_segment_0524.wav,train
XC1090602-PerruhesBx_segment_0525.wav,XC1090602-PerruhesBx,Rose-ringed Parakeet,Psittacula krameri,XC1090602-PerruhesBx.wav,525,1312.5,1317.5,5,1795.885,32000,dataset\segments\Psittacula_krameri\XC1090602-PerruhesBx_segment_0525.wav,train
XC1090602-PerruhesBx_segment_0526.wav,XC1090602-PerruhesBx,Rose-ringed Parakeet,Psittacula krameri,XC1090602-PerruhesBx.wav,526,1315.0,1320.0,5,1795.885,32000,dataset\segments\Psittacula_krameri\XC1090602-PerruhesBx_segment_0526.wav,train
XC1090602-PerruhesBx_segment_0527.wav,XC1090602-PerruhesBx,Rose-ringed Parakeet,Psittacula krameri,XC1090602-PerruhesBx.wav,527,1317.5,1322.5,5,1795.885,32000,dataset\segments\Psittacula_krameri\XC1090602-PerruhesBx_segment_0527.wav,train
XC1090602-PerruhesBx_segment_0528.wav,XC1090602-PerruhesBx,Rose-ringed Parakeet,Psittacula krameri,XC1090602-PerruhesBx.wav,528,1320.0,1325.0,5,1795.885,32000,dataset\segments\Psittacula_krameri\XC1090602-PerruhesBx_segment_0528.wav,train
XC1090602-PerruhesBx_segment_0529.wav,XC1090602-PerruhesBx,Rose-ringed Parakeet,Psittacula krameri,XC1090602-PerruhesBx.wav,529,1322.5,1327.5,5,1795.885,32000,dataset\segments\Psittacula_krameri\XC1090602-PerruhesBx_segment_0529.wav,train
XC1090602-PerruhesBx_segment_0530.wav,XC1090602-PerruhesBx,Rose-ringed Parakeet,Psittacula krameri,XC1090602-PerruhesBx.wav,530,1325.0,1330.0,5,1795.885,32000,dataset\segments\Psittacula_krameri\XC1090602-PerruhesBx_segment_0530.wav,train
XC1090602-PerruhesBx_segment_0531.wav,XC1090602-PerruhesBx,Rose-ringed Parakeet,Psittacula krameri,XC1090602-PerruhesBx.wav,531,1327.5,1332.5,5,1795.885,32000,dataset\segments\Psittacula_krameri\XC1090602-PerruhesBx_segment_0531.wav,train
XC1090602-PerruhesBx_segment_0532.wav,XC1090602-PerruhesBx,Rose-ringed Parakeet,Psittacula krameri,XC1090602-PerruhesBx.wav,532,1330.0,1335.0,5,1795.885,32000,dataset\segments\Psittacula_krameri\XC1090602-PerruhesBx_segment_0532.wav,train
XC1090602-PerruhesBx_segment_0533.wav,XC1090602-PerruhesBx,Rose-ringed Parakeet,Psittacula krameri,XC1090602-PerruhesBx.wav,533,1332.5,1337.5,5,1795.885,32000,dataset\segments\Psittacula_krameri\XC1090602-PerruhesBx_segment_0533.wav,train
XC1090602-PerruhesBx_segment_0534.wav,XC1090602-PerruhesBx,Rose-ringed Parakeet,Psittacula krameri,XC1090602-PerruhesBx.wav,534,1335.0,1340.0,5,1795.885,32000,dataset\segments\Psittacula_krameri\XC1090602-PerruhesBx_segment_0534.wav,train
XC1090602-PerruhesBx_segment_0535.wav,XC1090602-PerruhesBx,Rose-ringed Parakeet,Psittacula krameri,XC1090602-PerruhesBx.wav,535,1337.5,1342.5,5,1795.885,32000,dataset\segments\Psittacula_krameri\XC1090602-PerruhesBx_segment_0535.wav,train
XC1090602-PerruhesBx_segment_0536.wav,XC1090602-PerruhesBx,Rose-ringed Parakeet,Psittacula krameri,XC1090602-PerruhesBx.wav,536,1340.0,1345.0,5,1795.885,32000,dataset\segments\Psittacula_krameri\XC1090602-PerruhesBx_segment_0536.wav,train
XC1090602-PerruhesBx_segment_0537.wav,XC1090602-PerruhesBx,Rose-ringed Parakeet,Psittacula krameri,XC1090602-PerruhesBx.wav,537,1342.5,1347.5,5,1795.885,32000,dataset\segments\Psittacula_krameri\XC1090602-PerruhesBx_segment_0537.wav,train
XC1090602-PerruhesBx_segment_0538.wav,XC1090602-PerruhesBx,Rose-ringed Parakeet,Psittacula krameri,XC1090602-PerruhesBx.wav,538,1345.0,1350.0,5,1795.885,32000,dataset\segments\Psittacula_krameri\XC1090602-PerruhesBx_segment_0538.wav,train
XC1090602-PerruhesBx_segment_0539.wav,XC1090602-PerruhesBx,Rose-ringed Parakeet,Psittacula krameri,XC1090602-PerruhesBx.wav,539,1347.5,1352.5,5,1795.885,32000,dataset\segments\Psittacula_krameri\XC1090602-PerruhesBx_segment_0539.wav,train
XC1090602-PerruhesBx_segment_0540.wav,XC1090602-PerruhesBx,Rose-ringed Parakeet,Psittacula krameri,XC1090602-PerruhesBx.wav,540,1350.0,1355.0,5,1795.885,32000,dataset\segments\Psittacula_krameri\XC1090602-PerruhesBx_segment_0540.wav,train
XC1090602-PerruhesBx_segment_0541.wav,XC1090602-PerruhesBx,Rose-ringed Parakeet,Psittacula krameri,XC1090602-PerruhesBx.wav,541,1352.5,1357.5,5,1795.885,32000,dataset\segments\Psittacula_krameri\XC1090602-PerruhesBx_segment_0541.wav,train
XC1090602-PerruhesBx_segment_0542.wav,XC1090602-PerruhesBx,Rose-ringed Parakeet,Psittacula krameri,XC1090602-PerruhesBx.wav,542,1355.0,1360.0,5,1795.885,32000,dataset\segments\Psittacula_krameri\XC1090602-PerruhesBx_segment_0542.wav,train
XC1090602-PerruhesBx_segment_0543.wav,XC1090602-PerruhesBx,Rose-ringed Parakeet,Psittacula krameri,XC1090602-PerruhesBx.wav,543,1357.5,1362.5,5,1795.885,32000,dataset\segments\Psittacula_krameri\XC1090602-PerruhesBx_segment_0543.wav,train
XC1090602-PerruhesBx_segment_0544.wav,XC1090602-PerruhesBx,Rose-ringed Parakeet,Psittacula krameri,XC1090602-PerruhesBx.wav,544,1360.0,1365.0,5,1795.885,32000,dataset\segments\Psittacula_krameri\XC1090602-PerruhesBx_segment_0544.wav,train
XC1090602-PerruhesBx_segment_0545.wav,XC1090602-PerruhesBx,Rose-ringed Parakeet,Psittacula krameri,XC1090602-PerruhesBx.wav,545,1362.5,1367.5,5,1795.885,32000,dataset\segments\Psittacula_krameri\XC1090602-PerruhesBx_segment_0545.wav,train
XC1090602-PerruhesBx_segment_0546.wav,XC1090602-PerruhesBx,Rose-ringed Parakeet,Psittacula krameri,XC1090602-PerruhesBx.wav,546,1365.0,1370.0,5,1795.885,32000,dataset\segments\Psittacula_krameri\XC1090602-PerruhesBx_segment_0546.wav,train
XC1090602-PerruhesBx_segment_0547.wav,XC1090602-PerruhesBx,Rose-ringed Parakeet,Psittacula krameri,XC1090602-PerruhesBx.wav,547,1367.5,1372.5,5,1795.885,32000,dataset\segments\Psittacula_krameri\XC1090602-PerruhesBx_segment_0547.wav,train
XC1090602-PerruhesBx_segment_0548.wav,XC1090602-PerruhesBx,Rose-ringed Parakeet,Psittacula krameri,XC1090602-PerruhesBx.wav,548,1370.0,1375.0,5,1795.885,32000,dataset\segments\Psittacula_krameri\XC1090602-PerruhesBx_segment_0548.wav,train
XC1090602-PerruhesBx_segment_0549.wav,XC1090602-PerruhesBx,Rose-ringed Parakeet,Psittacula krameri,XC1090602-PerruhesBx.wav,549,1372.5,1377.5,5,1795.885,32000,dataset\segments\Psittacula_krameri\XC1090602-PerruhesBx_segment_0549.wav,train
XC1090602-PerruhesBx_segment_0550.wav,XC1090602-PerruhesBx,Rose-ringed Parakeet,Psittacula krameri,XC1090602-PerruhesBx.wav,550,1375.0,1380.0,5,1795.885,32000,dataset\segments\Psittacula_krameri\XC1090602-PerruhesBx_segment_0550.wav,train
XC1090602-PerruhesBx_segment_0551.wav,XC1090602-PerruhesBx,Rose-ringed Parakeet,Psittacula krameri,XC1090602-PerruhesBx.wav,551,1377.5,1382.5,5,1795.885,32000,dataset\segments\Psittacula_krameri\XC1090602-PerruhesBx_segment_0551.wav,train
XC1090602-PerruhesBx_segment_0552.wav,XC1090602-PerruhesBx,Rose-ringed Parakeet,Psittacula krameri,XC1090602-PerruhesBx.wav,552,1380.0,1385.0,5,1795.885,32000,dataset\segments\Psittacula_krameri\XC1090602-PerruhesBx_segment_0552.wav,train
XC1090602-PerruhesBx_segment_0553.wav,XC1090602-PerruhesBx,Rose-ringed Parakeet,Psittacula krameri,XC1090602-PerruhesBx.wav,553,1382.5,1387.5,5,1795.885,32000,dataset\segments\Psittacula_krameri\XC1090602-PerruhesBx_segment_0553.wav,train
XC1090602-PerruhesBx_segment_0554.wav,XC1090602-PerruhesBx,Rose-ringed Parakeet,Psittacula krameri,XC1090602-PerruhesBx.wav,554,1385.0,1390.0,5,1795.885,32000,dataset\segments\Psittacula_krameri\XC1090602-PerruhesBx_segment_0554.wav,train
XC1090602-PerruhesBx_segment_0555.wav,XC1090602-PerruhesBx,Rose-ringed Parakeet,Psittacula krameri,XC1090602-PerruhesBx.wav,555,1387.5,1392.5,5,1795.885,32000,dataset\segments\Psittacula_krameri\XC1090602-PerruhesBx_segment_0555.wav,train
XC1090602-PerruhesBx_segment_0556.wav,XC1090602-PerruhesBx,Rose-ringed Parakeet,Psittacula krameri,XC1090602-PerruhesBx.wav,556,1390.0,1395.0,5,1795.885,32000,dataset\segments\Psittacula_krameri\XC1090602-PerruhesBx_segment_0556.wav,train
XC1090602-PerruhesBx_segment_0557.wav,XC1090602-PerruhesBx,Rose-ringed Parakeet,Psittacula krameri,XC1090602-PerruhesBx.wav,557,1392.5,1397.5,5,1795.885,32000,dataset\segments\Psittacula_krameri\XC1090602-PerruhesBx_segment_0557.wav,train
XC1090602-PerruhesBx_segment_0558.wav,XC1090602-PerruhesBx,Rose-ringed Parakeet,Psittacula krameri,XC1090602-PerruhesBx.wav,558,1395.0,1400.0,5,1795.885,32000,dataset\segments\Psittacula_krameri\XC1090602-PerruhesBx_segment_0558.wav,train
XC1090602-PerruhesBx_segment_0559.wav,XC1090602-PerruhesBx,Rose-ringed Parakeet,Psittacula krameri,XC1090602-PerruhesBx.wav,559,1397.5,1402.5,5,1795.885,32000,dataset\segments\Psittacula_krameri\XC1090602-PerruhesBx_segment_0559.wav,train
XC1090602-PerruhesBx_segment_0560.wav,XC1090602-PerruhesBx,Rose-ringed Parakeet,Psittacula krameri,XC1090602-PerruhesBx.wav,560,1400.0,1405.0,5,1795.885,32000,dataset\segments\Psittacula_krameri\XC1090602-PerruhesBx_segment_0560.wav,train
XC1090602-PerruhesBx_segment_0561.wav,XC1090602-PerruhesBx,Rose-ringed Parakeet,Psittacula krameri,XC1090602-PerruhesBx.wav,561,1402.5,1407.5,5,1795.885,32000,dataset\segments\Psittacula_krameri\XC1090602-PerruhesBx_segment_0561.wav,train
XC1090602-PerruhesBx_segment_0562.wav,XC1090602-PerruhesBx,Rose-ringed Parakeet,Psittacula krameri,XC1090602-PerruhesBx.wav,562,1405.0,1410.0,5,1795.885,32000,dataset\segments\Psittacula_krameri\XC1090602-PerruhesBx_segment_0562.wav,train
XC1090602-PerruhesBx_segment_0563.wav,XC1090602-PerruhesBx,Rose-ringed Parakeet,Psittacula krameri,XC1090602-PerruhesBx.wav,563,1407.5,1412.5,5,1795.885,32000,dataset\segments\Psittacula_krameri\XC1090602-PerruhesBx_segment_0563.wav,train
XC1090602-PerruhesBx_segment_0564.wav,XC1090602-PerruhesBx,Rose-ringed Parakeet,Psittacula krameri,XC1090602-PerruhesBx.wav,564,1410.0,1415.0,5,1795.885,32000,dataset\segments\Psittacula_krameri\XC1090602-PerruhesBx_segment_0564.wav,train
XC1090602-PerruhesBx_segment_0565.wav,XC1090602-PerruhesBx,Rose-ringed Parakeet,Psittacula krameri,XC1090602-PerruhesBx.wav,565,1412.5,1417.5,5,1795.885,32000,dataset\segments\Psittacula_krameri\XC1090602-PerruhesBx_segment_0565.wav,train
XC1090602-PerruhesBx_segment_0566.wav,XC1090602-PerruhesBx,Rose-ringed Parakeet,Psittacula krameri,XC1090602-PerruhesBx.wav,566,1415.0,1420.0,5,1795.885,32000,dataset\segments\Psittacula_krameri\XC1090602-PerruhesBx_segment_0566.wav,train
XC1090602-PerruhesBx_segment_0567.wav,XC1090602-PerruhesBx,Rose-ringed Parakeet,Psittacula krameri,XC1090602-PerruhesBx.wav,567,1417.5,1422.5,5,1795.885,32000,dataset\segments\Psittacula_krameri\XC1090602-PerruhesBx_segment_0567.wav,train
XC1090602-PerruhesBx_segment_0568.wav,XC1090602-PerruhesBx,Rose-ringed Parakeet,Psittacula krameri,XC1090602-PerruhesBx.wav,568,1420.0,1425.0,5,1795.885,32000,dataset\segments\Psittacula_krameri\XC1090602-PerruhesBx_segment_0568.wav,train
XC1090602-PerruhesBx_segment_0569.wav,XC1090602-PerruhesBx,Rose-ringed Parakeet,Psittacula krameri,XC1090602-PerruhesBx.wav,569,1422.5,1427.5,5,1795.885,32000,dataset\segments\Psittacula_krameri\XC1090602-PerruhesBx_segment_0569.wav,train
XC1090602-PerruhesBx_segment_0570.wav,XC1090602-PerruhesBx,Rose-ringed Parakeet,Psittacula krameri,XC1090602-PerruhesBx.wav,570,1425.0,1430.0,5,1795.885,32000,dataset\segments\Psittacula_krameri\XC1090602-PerruhesBx_segment_0570.wav,train
XC1090602-PerruhesBx_segment_0571.wav,XC1090602-PerruhesBx,Rose-ringed Parakeet,Psittacula krameri,XC1090602-PerruhesBx.wav,571,1427.5,1432.5,5,1795.885,32000,dataset\segments\Psittacula_krameri\XC1090602-PerruhesBx_segment_0571.wav,train
XC1090602-PerruhesBx_segment_0572.wav,XC1090602-PerruhesBx,Rose-ringed Parakeet,Psittacula krameri,XC1090602-PerruhesBx.wav,572,1430.0,1435.0,5,1795.885,32000,dataset\segments\Psittacula_krameri\XC1090602-PerruhesBx_segment_0572.wav,train
XC1090602-PerruhesBx_segment_0573.wav,XC1090602-PerruhesBx,Rose-ringed Parakeet,Psittacula krameri,XC1090602-PerruhesBx.wav,573,1432.5,1437.5,5,1795.885,32000,dataset\segments\Psittacula_krameri\XC1090602-PerruhesBx_segment_0573.wav,train
XC1090602-PerruhesBx_segment_0574.wav,XC1090602-PerruhesBx,Rose-ringed Parakeet,Psittacula krameri,XC1090602-PerruhesBx.wav,574,1435.0,1440.0,5,1795.885,32000,dataset\segments\Psittacula_krameri\XC1090602-PerruhesBx_segment_0574.wav,train
XC1090602-PerruhesBx_segment_0575.wav,XC1090602-PerruhesBx,Rose-ringed Parakeet,Psittacula krameri,XC1090602-PerruhesBx.wav,575,1437.5,1442.5,5,1795.885,32000,dataset\segments\Psittacula_krameri\XC1090602-PerruhesBx_segment_0575.wav,train
XC1090602-PerruhesBx_segment_0576.wav,XC1090602-PerruhesBx,Rose-ringed Parakeet,Psittacula krameri,XC1090602-PerruhesBx.wav,576,1440.0,1445.0,5,1795.885,32000,dataset\segments\Psittacula_krameri\XC1090602-PerruhesBx_segment_0576.wav,train
XC1090602-PerruhesBx_segment_0577.wav,XC1090602-PerruhesBx,Rose-ringed Parakeet,Psittacula krameri,XC1090602-PerruhesBx.wav,577,1442.5,1447.5,5,1795.885,32000,dataset\segments\Psittacula_krameri\XC1090602-PerruhesBx_segment_0577.wav,train
XC1090602-PerruhesBx_segment_0578.wav,XC1090602-PerruhesBx,Rose-ringed Parakeet,Psittacula krameri,XC1090602-PerruhesBx.wav,578,1445.0,1450.0,5,1795.885,32000,dataset\segments\Psittacula_krameri\XC1090602-PerruhesBx_segment_0578.wav,train
XC1090602-PerruhesBx_segment_0579.wav,XC1090602-PerruhesBx,Rose-ringed Parakeet,Psittacula krameri,XC1090602-PerruhesBx.wav,579,1447.5,1452.5,5,1795.885,32000,dataset\segments\Psittacula_krameri\XC1090602-PerruhesBx_segment_0579.wav,train
XC1090602-PerruhesBx_segment_0580.wav,XC1090602-PerruhesBx,Rose-ringed Parakeet,Psittacula krameri,XC1090602-PerruhesBx.wav,580,1450.0,1455.0,5,1795.885,32000,dataset\segments\Psittacula_krameri\XC1090602-PerruhesBx_segment_0580.wav,train
XC1090602-PerruhesBx_segment_0581.wav,XC1090602-PerruhesBx,Rose-ringed Parakeet,Psittacula krameri,XC1090602-PerruhesBx.wav,581,1452.5,1457.5,5,1795.885,32000,dataset\segments\Psittacula_krameri\XC1090602-PerruhesBx_segment_0581.wav,train
XC1090602-PerruhesBx_segment_0582.wav,XC1090602-PerruhesBx,Rose-ringed Parakeet,Psittacula krameri,XC1090602-PerruhesBx.wav,582,1455.0,1460.0,5,1795.885,32000,dataset\segments\Psittacula_krameri\XC1090602-PerruhesBx_segment_0582.wav,train
XC1090602-PerruhesBx_segment_0583.wav,XC1090602-PerruhesBx,Rose-ringed Parakeet,Psittacula krameri,XC1090602-PerruhesBx.wav,583,1457.5,1462.5,5,1795.885,32000,dataset\segments\Psittacula_krameri\XC1090602-PerruhesBx_segment_0583.wav,train
XC1090602-PerruhesBx_segment_0584.wav,XC1090602-PerruhesBx,Rose-ringed Parakeet,Psittacula krameri,XC1090602-PerruhesBx.wav,584,1460.0,1465.0,5,1795.885,32000,dataset\segments\Psittacula_krameri\XC1090602-PerruhesBx_segment_0584.wav,train
XC1090602-PerruhesBx_segment_0585.wav,XC1090602-PerruhesBx,Rose-ringed Parakeet,Psittacula krameri,XC1090602-PerruhesBx.wav,585,1462.5,1467.5,5,1795.885,32000,dataset\segments\Psittacula_krameri\XC1090602-PerruhesBx_segment_0585.wav,train
XC1090602-PerruhesBx_segment_0586.wav,XC1090602-PerruhesBx,Rose-ringed Parakeet,Psittacula krameri,XC1090602-PerruhesBx.wav,586,1465.0,1470.0,5,1795.885,32000,dataset\segments\Psittacula_krameri\XC1090602-PerruhesBx_segment_0586.wav,train
XC1090602-PerruhesBx_segment_0587.wav,XC1090602-PerruhesBx,Rose-ringed Parakeet,Psittacula krameri,XC1090602-PerruhesBx.wav,587,1467.5,1472.5,5,1795.885,32000,dataset\segments\Psittacula_krameri\XC1090602-PerruhesBx_segment_0587.wav,train
XC1090602-PerruhesBx_segment_0588.wav,XC1090602-PerruhesBx,Rose-ringed Parakeet,Psittacula krameri,XC1090602-PerruhesBx.wav,588,1470.0,1475.0,5,1795.885,32000,dataset\segments\Psittacula_krameri\XC1090602-PerruhesBx_segment_0588.wav,train
XC1090602-PerruhesBx_segment_0589.wav,XC1090602-PerruhesBx,Rose-ringed Parakeet,Psittacula krameri,XC1090602-PerruhesBx.wav,589,1472.5,1477.5,5,1795.885,32000,dataset\segments\Psittacula_krameri\XC1090602-PerruhesBx_segment_0589.wav,train
XC1090602-PerruhesBx_segment_0590.wav,XC1090602-PerruhesBx,Rose-ringed Parakeet,Psittacula krameri,XC1090602-PerruhesBx.wav,590,1475.0,1480.0,5,1795.885,32000,dataset\segments\Psittacula_krameri\XC1090602-PerruhesBx_segment_0590.wav,train
XC1090602-PerruhesBx_segment_0591.wav,XC1090602-PerruhesBx,Rose-ringed Parakeet,Psittacula krameri,XC1090602-PerruhesBx.wav,591,1477.5,1482.5,5,1795.885,32000,dataset\segments\Psittacula_krameri\XC1090602-PerruhesBx_segment_0591.wav,train
XC1090602-PerruhesBx_segment_0592.wav,XC1090602-PerruhesBx,Rose-ringed Parakeet,Psittacula krameri,XC1090602-PerruhesBx.wav,592,1480.0,1485.0,5,1795.885,32000,dataset\segments\Psittacula_krameri\XC1090602-PerruhesBx_segment_0592.wav,train
XC1090602-PerruhesBx_segment_0593.wav,XC1090602-PerruhesBx,Rose-ringed Parakeet,Psittacula krameri,XC1090602-PerruhesBx.wav,593,1482.5,1487.5,5,1795.885,32000,dataset\segments\Psittacula_krameri\XC1090602-PerruhesBx_segment_0593.wav,train
XC1090602-PerruhesBx_segment_0594.wav,XC1090602-PerruhesBx,Rose-ringed Parakeet,Psittacula krameri,XC1090602-PerruhesBx.wav,594,1485.0,1490.0,5,1795.885,32000,dataset\segments\Psittacula_krameri\XC1090602-PerruhesBx_segment_0594.wav,train
XC1090602-PerruhesBx_segment_0595.wav,XC1090602-PerruhesBx,Rose-ringed Parakeet,Psittacula krameri,XC1090602-PerruhesBx.wav,595,1487.5,1492.5,5,1795.885,32000,dataset\segments\Psittacula_krameri\XC1090602-PerruhesBx_segment_0595.wav,train
XC1090602-PerruhesBx_segment_0596.wav,XC1090602-PerruhesBx,Rose-ringed Parakeet,Psittacula krameri,XC1090602-PerruhesBx.wav,596,1490.0,1495.0,5,1795.885,32000,dataset\segments\Psittacula_krameri\XC1090602-PerruhesBx_segment_0596.wav,train
XC1090602-PerruhesBx_segment_0597.wav,XC1090602-PerruhesBx,Rose-ringed Parakeet,Psittacula krameri,XC1090602-PerruhesBx.wav,597,1492.5,1497.5,5,1795.885,32000,dataset\segments\Psittacula_krameri\XC1090602-PerruhesBx_segment_0597.wav,train
XC1090602-PerruhesBx_segment_0598.wav,XC1090602-PerruhesBx,Rose-ringed Parakeet,Psittacula krameri,XC1090602-PerruhesBx.wav,598,1495.0,1500.0,5,1795.885,32000,dataset\segments\Psittacula_krameri\XC1090602-PerruhesBx_segment_0598.wav,train
XC1090602-PerruhesBx_segment_0599.wav,XC1090602-PerruhesBx,Rose-ringed Parakeet,Psittacula krameri,XC1090602-PerruhesBx.wav,599,1497.5,1502.5,5,1795.885,32000,dataset\segments\Psittacula_krameri\XC1090602-PerruhesBx_segment_0599.wav,train
XC1090602-PerruhesBx_segment_0600.wav,XC1090602-PerruhesBx,Rose-ringed Parakeet,Psittacula krameri,XC1090602-PerruhesBx.wav,600,1500.0,1505.0,5,1795.885,32000,dataset\segments\Psittacula_krameri\XC1090602-PerruhesBx_segment_0600.wav,train
XC1090602-PerruhesBx_segment_0601.wav,XC1090602-PerruhesBx,Rose-ringed Parakeet,Psittacula krameri,XC1090602-PerruhesBx.wav,601,1502.5,1507.5,5,1795.885,32000,dataset\segments\Psittacula_krameri\XC1090602-PerruhesBx_segment_0601.wav,train
XC1090602-PerruhesBx_segment_0602.wav,XC1090602-PerruhesBx,Rose-ringed Parakeet,Psittacula krameri,XC1090602-PerruhesBx.wav,602,1505.0,1510.0,5,1795.885,32000,dataset\segments\Psittacula_krameri\XC1090602-PerruhesBx_segment_0602.wav,train
XC1090602-PerruhesBx_segment_0603.wav,XC1090602-PerruhesBx,Rose-ringed Parakeet,Psittacula krameri,XC1090602-PerruhesBx.wav,603,1507.5,1512.5,5,1795.885,32000,dataset\segments\Psittacula_krameri\XC1090602-PerruhesBx_segment_0603.wav,train
XC1090602-PerruhesBx_segment_0604.wav,XC1090602-PerruhesBx,Rose-ringed Parakeet,Psittacula krameri,XC1090602-PerruhesBx.wav,604,1510.0,1515.0,5,1795.885,32000,dataset\segments\Psittacula_krameri\XC1090602-PerruhesBx_segment_0604.wav,train
XC1090602-PerruhesBx_segment_0605.wav,XC1090602-PerruhesBx,Rose-ringed Parakeet,Psittacula krameri,XC1090602-PerruhesBx.wav,605,1512.5,1517.5,5,1795.885,32000,dataset\segments\Psittacula_krameri\XC1090602-PerruhesBx_segment_0605.wav,train
XC1090602-PerruhesBx_segment_0606.wav,XC1090602-PerruhesBx,Rose-ringed Parakeet,Psittacula krameri,XC1090602-PerruhesBx.wav,606,1515.0,1520.0,5,1795.885,32000,dataset\segments\Psittacula_krameri\XC1090602-PerruhesBx_segment_0606.wav,train
XC1090602-PerruhesBx_segment_0607.wav,XC1090602-PerruhesBx,Rose-ringed Parakeet,Psittacula krameri,XC1090602-PerruhesBx.wav,607,1517.5,1522.5,5,1795.885,32000,dataset\segments\Psittacula_krameri\XC1090602-PerruhesBx_segment_0607.wav,train
XC1090602-PerruhesBx_segment_0608.wav,XC1090602-PerruhesBx,Rose-ringed Parakeet,Psittacula krameri,XC1090602-PerruhesBx.wav,608,1520.0,1525.0,5,1795.885,32000,dataset\segments\Psittacula_krameri\XC1090602-PerruhesBx_segment_0608.wav,train
XC1090602-PerruhesBx_segment_0609.wav,XC1090602-PerruhesBx,Rose-ringed Parakeet,Psittacula krameri,XC1090602-PerruhesBx.wav,609,1522.5,1527.5,5,1795.885,32000,dataset\segments\Psittacula_krameri\XC1090602-PerruhesBx_segment_0609.wav,train
XC1090602-PerruhesBx_segment_0610.wav,XC1090602-PerruhesBx,Rose-ringed Parakeet,Psittacula krameri,XC1090602-PerruhesBx.wav,610,1525.0,1530.0,5,1795.885,32000,dataset\segments\Psittacula_krameri\XC1090602-PerruhesBx_segment_0610.wav,train
XC1090602-PerruhesBx_segment_0611.wav,XC1090602-PerruhesBx,Rose-ringed Parakeet,Psittacula krameri,XC1090602-PerruhesBx.wav,611,1527.5,1532.5,5,1795.885,32000,dataset\segments\Psittacula_krameri\XC1090602-PerruhesBx_segment_0611.wav,train
XC1090602-PerruhesBx_segment_0612.wav,XC1090602-PerruhesBx,Rose-ringed Parakeet,Psittacula krameri,XC1090602-PerruhesBx.wav,612,1530.0,1535.0,5,1795.885,32000,dataset\segments\Psittacula_krameri\XC1090602-PerruhesBx_segment_0612.wav,train
XC1090602-PerruhesBx_segment_0613.wav,XC1090602-PerruhesBx,Rose-ringed Parakeet,Psittacula krameri,XC1090602-PerruhesBx.wav,613,1532.5,1537.5,5,1795.885,32000,dataset\segments\Psittacula_krameri\XC1090602-PerruhesBx_segment_0613.wav,train
XC1090602-PerruhesBx_segment_0614.wav,XC1090602-PerruhesBx,Rose-ringed Parakeet,Psittacula krameri,XC1090602-PerruhesBx.wav,614,1535.0,1540.0,5,1795.885,32000,dataset\segments\Psittacula_krameri\XC1090602-PerruhesBx_segment_0614.wav,train
XC1090602-PerruhesBx_segment_0615.wav,XC1090602-PerruhesBx,Rose-ringed Parakeet,Psittacula krameri,XC1090602-PerruhesBx.wav,615,1537.5,1542.5,5,1795.885,32000,dataset\segments\Psittacula_krameri\XC1090602-PerruhesBx_segment_0615.wav,train
XC1090602-PerruhesBx_segment_0616.wav,XC1090602-PerruhesBx,Rose-ringed Parakeet,Psittacula krameri,XC1090602-PerruhesBx.wav,616,1540.0,1545.0,5,1795.885,32000,dataset\segments\Psittacula_krameri\XC1090602-PerruhesBx_segment_0616.wav,train
XC1090602-PerruhesBx_segment_0617.wav,XC1090602-PerruhesBx,Rose-ringed Parakeet,Psittacula krameri,XC1090602-PerruhesBx.wav,617,1542.5,1547.5,5,1795.885,32000,dataset\segments\Psittacula_krameri\XC1090602-PerruhesBx_segment_0617.wav,train
XC1090602-PerruhesBx_segment_0618.wav,XC1090602-PerruhesBx,Rose-ringed Parakeet,Psittacula krameri,XC1090602-PerruhesBx.wav,618,1545.0,1550.0,5,1795.885,32000,dataset\segments\Psittacula_krameri\XC1090602-PerruhesBx_segment_0618.wav,train
XC1090602-PerruhesBx_segment_0619.wav,XC1090602-PerruhesBx,Rose-ringed Parakeet,Psittacula krameri,XC1090602-PerruhesBx.wav,619,1547.5,1552.5,5,1795.885,32000,dataset\segments\Psittacula_krameri\XC1090602-PerruhesBx_segment_0619.wav,train
XC1090602-PerruhesBx_segment_0620.wav,XC1090602-PerruhesBx,Rose-ringed Parakeet,Psittacula krameri,XC1090602-PerruhesBx.wav,620,1550.0,1555.0,5,1795.885,32000,dataset\segments\Psittacula_krameri\XC1090602-PerruhesBx_segment_0620.wav,train
XC1090602-PerruhesBx_segment_0621.wav,XC1090602-PerruhesBx,Rose-ringed Parakeet,Psittacula krameri,XC1090602-PerruhesBx.wav,621,1552.5,1557.5,5,1795.885,32000,dataset\segments\Psittacula_krameri\XC1090602-PerruhesBx_segment_0621.wav,train
XC1090602-PerruhesBx_segment_0622.wav,XC1090602-PerruhesBx,Rose-ringed Parakeet,Psittacula krameri,XC1090602-PerruhesBx.wav,622,1555.0,1560.0,5,1795.885,32000,dataset\segments\Psittacula_krameri\XC1090602-PerruhesBx_segment_0622.wav,train
XC1090602-PerruhesBx_segment_0623.wav,XC1090602-PerruhesBx,Rose-ringed Parakeet,Psittacula krameri,XC1090602-PerruhesBx.wav,623,1557.5,1562.5,5,1795.885,32000,dataset\segments\Psittacula_krameri\XC1090602-PerruhesBx_segment_0623.wav,train
XC1090602-PerruhesBx_segment_0624.wav,XC1090602-PerruhesBx,Rose-ringed Parakeet,Psittacula krameri,XC1090602-PerruhesBx.wav,624,1560.0,1565.0,5,1795.885,32000,dataset\segments\Psittacula_krameri\XC1090602-PerruhesBx_segment_0624.wav,train
XC1090602-PerruhesBx_segment_0625.wav,XC1090602-PerruhesBx,Rose-ringed Parakeet,Psittacula krameri,XC1090602-PerruhesBx.wav,625,1562.5,1567.5,5,1795.885,32000,dataset\segments\Psittacula_krameri\XC1090602-PerruhesBx_segment_0625.wav,train
XC1090602-PerruhesBx_segment_0626.wav,XC1090602-PerruhesBx,Rose-ringed Parakeet,Psittacula krameri,XC1090602-PerruhesBx.wav,626,1565.0,1570.0,5,1795.885,32000,dataset\segments\Psittacula_krameri\XC1090602-PerruhesBx_segment_0626.wav,train
XC1090602-PerruhesBx_segment_0627.wav,XC1090602-PerruhesBx,Rose-ringed Parakeet,Psittacula krameri,XC1090602-PerruhesBx.wav,627,1567.5,1572.5,5,1795.885,32000,dataset\segments\Psittacula_krameri\XC1090602-PerruhesBx_segment_0627.wav,train
XC1090602-PerruhesBx_segment_0628.wav,XC1090602-PerruhesBx,Rose-ringed Parakeet,Psittacula krameri,XC1090602-PerruhesBx.wav,628,1570.0,1575.0,5,1795.885,32000,dataset\segments\Psittacula_krameri\XC1090602-PerruhesBx_segment_0628.wav,train
XC1090602-PerruhesBx_segment_0629.wav,XC1090602-PerruhesBx,Rose-ringed Parakeet,Psittacula krameri,XC1090602-PerruhesBx.wav,629,1572.5,1577.5,5,1795.885,32000,dataset\segments\Psittacula_krameri\XC1090602-PerruhesBx_segment_0629.wav,train
XC1090602-PerruhesBx_segment_0630.wav,XC1090602-PerruhesBx,Rose-ringed Parakeet,Psittacula krameri,XC1090602-PerruhesBx.wav,630,1575.0,1580.0,5,1795.885,32000,dataset\segments\Psittacula_krameri\XC1090602-PerruhesBx_segment_0630.wav,train
XC1090602-PerruhesBx_segment_0631.wav,XC1090602-PerruhesBx,Rose-ringed Parakeet,Psittacula krameri,XC1090602-PerruhesBx.wav,631,1577.5,1582.5,5,1795.885,32000,dataset\segments\Psittacula_krameri\XC1090602-PerruhesBx_segment_0631.wav,train
XC1090602-PerruhesBx_segment_0632.wav,XC1090602-PerruhesBx,Rose-ringed Parakeet,Psittacula krameri,XC1090602-PerruhesBx.wav,632,1580.0,1585.0,5,1795.885,32000,dataset\segments\Psittacula_krameri\XC1090602-PerruhesBx_segment_0632.wav,train
XC1090602-PerruhesBx_segment_0633.wav,XC1090602-PerruhesBx,Rose-ringed Parakeet,Psittacula krameri,XC1090602-PerruhesBx.wav,633,1582.5,1587.5,5,1795.885,32000,dataset\segments\Psittacula_krameri\XC1090602-PerruhesBx_segment_0633.wav,train
XC1090602-PerruhesBx_segment_0634.wav,XC1090602-PerruhesBx,Rose-ringed Parakeet,Psittacula krameri,XC1090602-PerruhesBx.wav,634,1585.0,1590.0,5,1795.885,32000,dataset\segments\Psittacula_krameri\XC1090602-PerruhesBx_segment_0634.wav,train
XC1090602-PerruhesBx_segment_0635.wav,XC1090602-PerruhesBx,Rose-ringed Parakeet,Psittacula krameri,XC1090602-PerruhesBx.wav,635,1587.5,1592.5,5,1795.885,32000,dataset\segments\Psittacula_krameri\XC1090602-PerruhesBx_segment_0635.wav,train
XC1090602-PerruhesBx_segment_0636.wav,XC1090602-PerruhesBx,Rose-ringed Parakeet,Psittacula krameri,XC1090602-PerruhesBx.wav,636,1590.0,1595.0,5,1795.885,32000,dataset\segments\Psittacula_krameri\XC1090602-PerruhesBx_segment_0636.wav,train
XC1090602-PerruhesBx_segment_0637.wav,XC1090602-PerruhesBx,Rose-ringed Parakeet,Psittacula krameri,XC1090602-PerruhesBx.wav,637,1592.5,1597.5,5,1795.885,32000,dataset\segments\Psittacula_krameri\XC1090602-PerruhesBx_segment_0637.wav,train
XC1090602-PerruhesBx_segment_0638.wav,XC1090602-PerruhesBx,Rose-ringed Parakeet,Psittacula krameri,XC1090602-PerruhesBx.wav,638,1595.0,1600.0,5,1795.885,32000,dataset\segments\Psittacula_krameri\XC1090602-PerruhesBx_segment_0638.wav,train
XC1090602-PerruhesBx_segment_0639.wav,XC1090602-PerruhesBx,Rose-ringed Parakeet,Psittacula krameri,XC1090602-PerruhesBx.wav,639,1597.5,1602.5,5,1795.885,32000,dataset\segments\Psittacula_krameri\XC1090602-PerruhesBx_segment_0639.wav,train
XC1090602-PerruhesBx_segment_0640.wav,XC1090602-PerruhesBx,Rose-ringed Parakeet,Psittacula krameri,XC1090602-PerruhesBx.wav,640,1600.0,1605.0,5,1795.885,32000,dataset\segments\Psittacula_krameri\XC1090602-PerruhesBx_segment_0640.wav,train
XC1090602-PerruhesBx_segment_0641.wav,XC1090602-PerruhesBx,Rose-ringed Parakeet,Psittacula krameri,XC1090602-PerruhesBx.wav,641,1602.5,1607.5,5,1795.885,32000,dataset\segments\Psittacula_krameri\XC1090602-PerruhesBx_segment_0641.wav,train
XC1090602-PerruhesBx_segment_0642.wav,XC1090602-PerruhesBx,Rose-ringed Parakeet,Psittacula krameri,XC1090602-PerruhesBx.wav,642,1605.0,1610.0,5,1795.885,32000,dataset\segments\Psittacula_krameri\XC1090602-PerruhesBx_segment_0642.wav,train
XC1090602-PerruhesBx_segment_0643.wav,XC1090602-PerruhesBx,Rose-ringed Parakeet,Psittacula krameri,XC1090602-PerruhesBx.wav,643,1607.5,1612.5,5,1795.885,32000,dataset\segments\Psittacula_krameri\XC1090602-PerruhesBx_segment_0643.wav,train
XC1090602-PerruhesBx_segment_0644.wav,XC1090602-PerruhesBx,Rose-ringed Parakeet,Psittacula krameri,XC1090602-PerruhesBx.wav,644,1610.0,1615.0,5,1795.885,32000,dataset\segments\Psittacula_krameri\XC1090602-PerruhesBx_segment_0644.wav,train
XC1090602-PerruhesBx_segment_0645.wav,XC1090602-PerruhesBx,Rose-ringed Parakeet,Psittacula krameri,XC1090602-PerruhesBx.wav,645,1612.5,1617.5,5,1795.885,32000,dataset\segments\Psittacula_krameri\XC1090602-PerruhesBx_segment_0645.wav,train
XC1090602-PerruhesBx_segment_0646.wav,XC1090602-PerruhesBx,Rose-ringed Parakeet,Psittacula krameri,XC1090602-PerruhesBx.wav,646,1615.0,1620.0,5,1795.885,32000,dataset\segments\Psittacula_krameri\XC1090602-PerruhesBx_segment_0646.wav,train
XC1090602-PerruhesBx_segment_0647.wav,XC1090602-PerruhesBx,Rose-ringed Parakeet,Psittacula krameri,XC1090602-PerruhesBx.wav,647,1617.5,1622.5,5,1795.885,32000,dataset\segments\Psittacula_krameri\XC1090602-PerruhesBx_segment_0647.wav,train
XC1090602-PerruhesBx_segment_0648.wav,XC1090602-PerruhesBx,Rose-ringed Parakeet,Psittacula krameri,XC1090602-PerruhesBx.wav,648,1620.0,1625.0,5,1795.885,32000,dataset\segments\Psittacula_krameri\XC1090602-PerruhesBx_segment_0648.wav,train
XC1090602-PerruhesBx_segment_0649.wav,XC1090602-PerruhesBx,Rose-ringed Parakeet,Psittacula krameri,XC1090602-PerruhesBx.wav,649,1622.5,1627.5,5,1795.885,32000,dataset\segments\Psittacula_krameri\XC1090602-PerruhesBx_segment_0649.wav,train
XC1090602-PerruhesBx_segment_0650.wav,XC1090602-PerruhesBx,Rose-ringed Parakeet,Psittacula krameri,XC1090602-PerruhesBx.wav,650,1625.0,1630.0,5,1795.885,32000,dataset\segments\Psittacula_krameri\XC1090602-PerruhesBx_segment_0650.wav,train
XC1090602-PerruhesBx_segment_0651.wav,XC1090602-PerruhesBx,Rose-ringed Parakeet,Psittacula krameri,XC1090602-PerruhesBx.wav,651,1627.5,1632.5,5,1795.885,32000,dataset\segments\Psittacula_krameri\XC1090602-PerruhesBx_segment_0651.wav,train
XC1090602-PerruhesBx_segment_0652.wav,XC1090602-PerruhesBx,Rose-ringed Parakeet,Psittacula krameri,XC1090602-PerruhesBx.wav,652,1630.0,1635.0,5,1795.885,32000,dataset\segments\Psittacula_krameri\XC1090602-PerruhesBx_segment_0652.wav,train
XC1090602-PerruhesBx_segment_0653.wav,XC1090602-PerruhesBx,Rose-ringed Parakeet,Psittacula krameri,XC1090602-PerruhesBx.wav,653,1632.5,1637.5,5,1795.885,32000,dataset\segments\Psittacula_krameri\XC1090602-PerruhesBx_segment_0653.wav,train
XC1090602-PerruhesBx_segment_0654.wav,XC1090602-PerruhesBx,Rose-ringed Parakeet,Psittacula krameri,XC1090602-PerruhesBx.wav,654,1635.0,1640.0,5,1795.885,32000,dataset\segments\Psittacula_krameri\XC1090602-PerruhesBx_segment_0654.wav,train
XC1090602-PerruhesBx_segment_0655.wav,XC1090602-PerruhesBx,Rose-ringed Parakeet,Psittacula krameri,XC1090602-PerruhesBx.wav,655,1637.5,1642.5,5,1795.885,32000,dataset\segments\Psittacula_krameri\XC1090602-PerruhesBx_segment_0655.wav,train
XC1090602-PerruhesBx_segment_0656.wav,XC1090602-PerruhesBx,Rose-ringed Parakeet,Psittacula krameri,XC1090602-PerruhesBx.wav,656,1640.0,1645.0,5,1795.885,32000,dataset\segments\Psittacula_krameri\XC1090602-PerruhesBx_segment_0656.wav,train
XC1090602-PerruhesBx_segment_0657.wav,XC1090602-PerruhesBx,Rose-ringed Parakeet,Psittacula krameri,XC1090602-PerruhesBx.wav,657,1642.5,1647.5,5,1795.885,32000,dataset\segments\Psittacula_krameri\XC1090602-PerruhesBx_segment_0657.wav,train
XC1090602-PerruhesBx_segment_0658.wav,XC1090602-PerruhesBx,Rose-ringed Parakeet,Psittacula krameri,XC1090602-PerruhesBx.wav,658,1645.0,1650.0,5,1795.885,32000,dataset\segments\Psittacula_krameri\XC1090602-PerruhesBx_segment_0658.wav,train
XC1090602-PerruhesBx_segment_0659.wav,XC1090602-PerruhesBx,Rose-ringed Parakeet,Psittacula krameri,XC1090602-PerruhesBx.wav,659,1647.5,1652.5,5,1795.885,32000,dataset\segments\Psittacula_krameri\XC1090602-PerruhesBx_segment_0659.wav,train
XC1090602-PerruhesBx_segment_0660.wav,XC1090602-PerruhesBx,Rose-ringed Parakeet,Psittacula krameri,XC1090602-PerruhesBx.wav,660,1650.0,1655.0,5,1795.885,32000,dataset\segments\Psittacula_krameri\XC1090602-PerruhesBx_segment_0660.wav,train
XC1090602-PerruhesBx_segment_0661.wav,XC1090602-PerruhesBx,Rose-ringed Parakeet,Psittacula krameri,XC1090602-PerruhesBx.wav,661,1652.5,1657.5,5,1795.885,32000,dataset\segments\Psittacula_krameri\XC1090602-PerruhesBx_segment_0661.wav,train
XC1090602-PerruhesBx_segment_0662.wav,XC1090602-PerruhesBx,Rose-ringed Parakeet,Psittacula krameri,XC1090602-PerruhesBx.wav,662,1655.0,1660.0,5,1795.885,32000,dataset\segments\Psittacula_krameri\XC1090602-PerruhesBx_segment_0662.wav,train
XC1090602-PerruhesBx_segment_0663.wav,XC1090602-PerruhesBx,Rose-ringed Parakeet,Psittacula krameri,XC1090602-PerruhesBx.wav,663,1657.5,1662.5,5,1795.885,32000,dataset\segments\Psittacula_krameri\XC1090602-PerruhesBx_segment_0663.wav,train
XC1090602-PerruhesBx_segment_0664.wav,XC1090602-PerruhesBx,Rose-ringed Parakeet,Psittacula krameri,XC1090602-PerruhesBx.wav,664,1660.0,1665.0,5,1795.885,32000,dataset\segments\Psittacula_krameri\XC1090602-PerruhesBx_segment_0664.wav,train
XC1090602-PerruhesBx_segment_0665.wav,XC1090602-PerruhesBx,Rose-ringed Parakeet,Psittacula krameri,XC1090602-PerruhesBx.wav,665,1662.5,1667.5,5,1795.885,32000,dataset\segments\Psittacula_krameri\XC1090602-PerruhesBx_segment_0665.wav,train
XC1090602-PerruhesBx_segment_0666.wav,XC1090602-PerruhesBx,Rose-ringed Parakeet,Psittacula krameri,XC1090602-PerruhesBx.wav,666,1665.0,1670.0,5,1795.885,32000,dataset\segments\Psittacula_krameri\XC1090602-PerruhesBx_segment_0666.wav,train
XC1090602-PerruhesBx_segment_0667.wav,XC1090602-PerruhesBx,Rose-ringed Parakeet,Psittacula krameri,XC1090602-PerruhesBx.wav,667,1667.5,1672.5,5,1795.885,32000,dataset\segments\Psittacula_krameri\XC1090602-PerruhesBx_segment_0667.wav,train
XC1090602-PerruhesBx_segment_0668.wav,XC1090602-PerruhesBx,Rose-ringed Parakeet,Psittacula krameri,XC1090602-PerruhesBx.wav,668,1670.0,1675.0,5,1795.885,32000,dataset\segments\Psittacula_krameri\XC1090602-PerruhesBx_segment_0668.wav,train
XC1090602-PerruhesBx_segment_0669.wav,XC1090602-PerruhesBx,Rose-ringed Parakeet,Psittacula krameri,XC1090602-PerruhesBx.wav,669,1672.5,1677.5,5,1795.885,32000,dataset\segments\Psittacula_krameri\XC1090602-PerruhesBx_segment_0669.wav,train
XC1090602-PerruhesBx_segment_0670.wav,XC1090602-PerruhesBx,Rose-ringed Parakeet,Psittacula krameri,XC1090602-PerruhesBx.wav,670,1675.0,1680.0,5,1795.885,32000,dataset\segments\Psittacula_krameri\XC1090602-PerruhesBx_segment_0670.wav,train
XC1090602-PerruhesBx_segment_0671.wav,XC1090602-PerruhesBx,Rose-ringed Parakeet,Psittacula krameri,XC1090602-PerruhesBx.wav,671,1677.5,1682.5,5,1795.885,32000,dataset\segments\Psittacula_krameri\XC1090602-PerruhesBx_segment_0671.wav,train
XC1090602-PerruhesBx_segment_0672.wav,XC1090602-PerruhesBx,Rose-ringed Parakeet,Psittacula krameri,XC1090602-PerruhesBx.wav,672,1680.0,1685.0,5,1795.885,32000,dataset\segments\Psittacula_krameri\XC1090602-PerruhesBx_segment_0672.wav,train
XC1090602-PerruhesBx_segment_0673.wav,XC1090602-PerruhesBx,Rose-ringed Parakeet,Psittacula krameri,XC1090602-PerruhesBx.wav,673,1682.5,1687.5,5,1795.885,32000,dataset\segments\Psittacula_krameri\XC1090602-PerruhesBx_segment_0673.wav,train
XC1090602-PerruhesBx_segment_0674.wav,XC1090602-PerruhesBx,Rose-ringed Parakeet,Psittacula krameri,XC1090602-PerruhesBx.wav,674,1685.0,1690.0,5,1795.885,32000,dataset\segments\Psittacula_krameri\XC1090602-PerruhesBx_segment_0674.wav,train
XC1090602-PerruhesBx_segment_0675.wav,XC1090602-PerruhesBx,Rose-ringed Parakeet,Psittacula krameri,XC1090602-PerruhesBx.wav,675,1687.5,1692.5,5,1795.885,32000,dataset\segments\Psittacula_krameri\XC1090602-PerruhesBx_segment_0675.wav,train
XC1090602-PerruhesBx_segment_0676.wav,XC1090602-PerruhesBx,Rose-ringed Parakeet,Psittacula krameri,XC1090602-PerruhesBx.wav,676,1690.0,1695.0,5,1795.885,32000,dataset\segments\Psittacula_krameri\XC1090602-PerruhesBx_segment_0676.wav,train
XC1090602-PerruhesBx_segment_0677.wav,XC1090602-PerruhesBx,Rose-ringed Parakeet,Psittacula krameri,XC1090602-PerruhesBx.wav,677,1692.5,1697.5,5,1795.885,32000,dataset\segments\Psittacula_krameri\XC1090602-PerruhesBx_segment_0677.wav,train
XC1090602-PerruhesBx_segment_0678.wav,XC1090602-PerruhesBx,Rose-ringed Parakeet,Psittacula krameri,XC1090602-PerruhesBx.wav,678,1695.0,1700.0,5,1795.885,32000,dataset\segments\Psittacula_krameri\XC1090602-PerruhesBx_segment_0678.wav,train
XC1090602-PerruhesBx_segment_0679.wav,XC1090602-PerruhesBx,Rose-ringed Parakeet,Psittacula krameri,XC1090602-PerruhesBx.wav,679,1697.5,1702.5,5,1795.885,32000,dataset\segments\Psittacula_krameri\XC1090602-PerruhesBx_segment_0679.wav,train
XC1090602-PerruhesBx_segment_0680.wav,XC1090602-PerruhesBx,Rose-ringed Parakeet,Psittacula krameri,XC1090602-PerruhesBx.wav,680,1700.0,1705.0,5,1795.885,32000,dataset\segments\Psittacula_krameri\XC1090602-PerruhesBx_segment_0680.wav,train
XC1090602-PerruhesBx_segment_0681.wav,XC1090602-PerruhesBx,Rose-ringed Parakeet,Psittacula krameri,XC1090602-PerruhesBx.wav,681,1702.5,1707.5,5,1795.885,32000,dataset\segments\Psittacula_krameri\XC1090602-PerruhesBx_segment_0681.wav,train
XC1090602-PerruhesBx_segment_0682.wav,XC1090602-PerruhesBx,Rose-ringed Parakeet,Psittacula krameri,XC1090602-PerruhesBx.wav,682,1705.0,1710.0,5,1795.885,32000,dataset\segments\Psittacula_krameri\XC1090602-PerruhesBx_segment_0682.wav,train
XC1090602-PerruhesBx_segment_0683.wav,XC1090602-PerruhesBx,Rose-ringed Parakeet,Psittacula krameri,XC1090602-PerruhesBx.wav,683,1707.5,1712.5,5,1795.885,32000,dataset\segments\Psittacula_krameri\XC1090602-PerruhesBx_segment_0683.wav,train
XC1090602-PerruhesBx_segment_0684.wav,XC1090602-PerruhesBx,Rose-ringed Parakeet,Psittacula krameri,XC1090602-PerruhesBx.wav,684,1710.0,1715.0,5,1795.885,32000,dataset\segments\Psittacula_krameri\XC1090602-PerruhesBx_segment_0684.wav,train
XC1090602-PerruhesBx_segment_0685.wav,XC1090602-PerruhesBx,Rose-ringed Parakeet,Psittacula krameri,XC1090602-PerruhesBx.wav,685,1712.5,1717.5,5,1795.885,32000,dataset\segments\Psittacula_krameri\XC1090602-PerruhesBx_segment_0685.wav,train
XC1090602-PerruhesBx_segment_0686.wav,XC1090602-PerruhesBx,Rose-ringed Parakeet,Psittacula krameri,XC1090602-PerruhesBx.wav,686,1715.0,1720.0,5,1795.885,32000,dataset\segments\Psittacula_krameri\XC1090602-PerruhesBx_segment_0686.wav,train
XC1090602-PerruhesBx_segment_0687.wav,XC1090602-PerruhesBx,Rose-ringed Parakeet,Psittacula krameri,XC1090602-PerruhesBx.wav,687,1717.5,1722.5,5,1795.885,32000,dataset\segments\Psittacula_krameri\XC1090602-PerruhesBx_segment_0687.wav,train
XC1090602-PerruhesBx_segment_0688.wav,XC1090602-PerruhesBx,Rose-ringed Parakeet,Psittacula krameri,XC1090602-PerruhesBx.wav,688,1720.0,1725.0,5,1795.885,32000,dataset\segments\Psittacula_krameri\XC1090602-PerruhesBx_segment_0688.wav,train
XC1090602-PerruhesBx_segment_0689.wav,XC1090602-PerruhesBx,Rose-ringed Parakeet,Psittacula krameri,XC1090602-PerruhesBx.wav,689,1722.5,1727.5,5,1795.885,32000,dataset\segments\Psittacula_krameri\XC1090602-PerruhesBx_segment_0689.wav,train
XC1090602-PerruhesBx_segment_0690.wav,XC1090602-PerruhesBx,Rose-ringed Parakeet,Psittacula krameri,XC1090602-PerruhesBx.wav,690,1725.0,1730.0,5,1795.885,32000,dataset\segments\Psittacula_krameri\XC1090602-PerruhesBx_segment_0690.wav,train
XC1090602-PerruhesBx_segment_0691.wav,XC1090602-PerruhesBx,Rose-ringed Parakeet,Psittacula krameri,XC1090602-PerruhesBx.wav,691,1727.5,1732.5,5,1795.885,32000,dataset\segments\Psittacula_krameri\XC1090602-PerruhesBx_segment_0691.wav,train
XC1090602-PerruhesBx_segment_0692.wav,XC1090602-PerruhesBx,Rose-ringed Parakeet,Psittacula krameri,XC1090602-PerruhesBx.wav,692,1730.0,1735.0,5,1795.885,32000,dataset\segments\Psittacula_krameri\XC1090602-PerruhesBx_segment_0692.wav,train
XC1090602-PerruhesBx_segment_0693.wav,XC1090602-PerruhesBx,Rose-ringed Parakeet,Psittacula krameri,XC1090602-PerruhesBx.wav,693,1732.5,1737.5,5,1795.885,32000,dataset\segments\Psittacula_krameri\XC1090602-PerruhesBx_segment_0693.wav,train
XC1090602-PerruhesBx_segment_0694.wav,XC1090602-PerruhesBx,Rose-ringed Parakeet,Psittacula krameri,XC1090602-PerruhesBx.wav,694,1735.0,1740.0,5,1795.885,32000,dataset\segments\Psittacula_krameri\XC1090602-PerruhesBx_segment_0694.wav,train
XC1090602-PerruhesBx_segment_0695.wav,XC1090602-PerruhesBx,Rose-ringed Parakeet,Psittacula krameri,XC1090602-PerruhesBx.wav,695,1737.5,1742.5,5,1795.885,32000,dataset\segments\Psittacula_krameri\XC1090602-PerruhesBx_segment_0695.wav,train
XC1090602-PerruhesBx_segment_0696.wav,XC1090602-PerruhesBx,Rose-ringed Parakeet,Psittacula krameri,XC1090602-PerruhesBx.wav,696,1740.0,1745.0,5,1795.885,32000,dataset\segments\Psittacula_krameri\XC1090602-PerruhesBx_segment_0696.wav,train
XC1090602-PerruhesBx_segment_0697.wav,XC1090602-PerruhesBx,Rose-ringed Parakeet,Psittacula krameri,XC1090602-PerruhesBx.wav,697,1742.5,1747.5,5,1795.885,32000,dataset\segments\Psittacula_krameri\XC1090602-PerruhesBx_segment_0697.wav,train
XC1090602-PerruhesBx_segment_0698.wav,XC1090602-PerruhesBx,Rose-ringed Parakeet,Psittacula krameri,XC1090602-PerruhesBx.wav,698,1745.0,1750.0,5,1795.885,32000,dataset\segments\Psittacula_krameri\XC1090602-PerruhesBx_segment_0698.wav,train
XC1090602-PerruhesBx_segment_0699.wav,XC1090602-PerruhesBx,Rose-ringed Parakeet,Psittacula krameri,XC1090602-PerruhesBx.wav,699,1747.5,1752.5,5,1795.885,32000,dataset\segments\Psittacula_krameri\XC1090602-PerruhesBx_segment_0699.wav,train
XC1090602-PerruhesBx_segment_0700.wav,XC1090602-PerruhesBx,Rose-ringed Parakeet,Psittacula krameri,XC1090602-PerruhesBx.wav,700,1750.0,1755.0,5,1795.885,32000,dataset\segments\Psittacula_krameri\XC1090602-PerruhesBx_segment_0700.wav,train
XC1090602-PerruhesBx_segment_0701.wav,XC1090602-PerruhesBx,Rose-ringed Parakeet,Psittacula krameri,XC1090602-PerruhesBx.wav,701,1752.5,1757.5,5,1795.885,32000,dataset\segments\Psittacula_krameri\XC1090602-PerruhesBx_segment_0701.wav,train
XC1090602-PerruhesBx_segment_0702.wav,XC1090602-PerruhesBx,Rose-ringed Parakeet,Psittacula krameri,XC1090602-PerruhesBx.wav,702,1755.0,1760.0,5,1795.885,32000,dataset\segments\Psittacula_krameri\XC1090602-PerruhesBx_segment_0702.wav,train
XC1090602-PerruhesBx_segment_0703.wav,XC1090602-PerruhesBx,Rose-ringed Parakeet,Psittacula krameri,XC1090602-PerruhesBx.wav,703,1757.5,1762.5,5,1795.885,32000,dataset\segments\Psittacula_krameri\XC1090602-PerruhesBx_segment_0703.wav,train
XC1090602-PerruhesBx_segment_0704.wav,XC1090602-PerruhesBx,Rose-ringed Parakeet,Psittacula krameri,XC1090602-PerruhesBx.wav,704,1760.0,1765.0,5,1795.885,32000,dataset\segments\Psittacula_krameri\XC1090602-PerruhesBx_segment_0704.wav,train
XC1090602-PerruhesBx_segment_0705.wav,XC1090602-PerruhesBx,Rose-ringed Parakeet,Psittacula krameri,XC1090602-PerruhesBx.wav,705,1762.5,1767.5,5,1795.885,32000,dataset\segments\Psittacula_krameri\XC1090602-PerruhesBx_segment_0705.wav,train
XC1090602-PerruhesBx_segment_0706.wav,XC1090602-PerruhesBx,Rose-ringed Parakeet,Psittacula krameri,XC1090602-PerruhesBx.wav,706,1765.0,1770.0,5,1795.885,32000,dataset\segments\Psittacula_krameri\XC1090602-PerruhesBx_segment_0706.wav,train
XC1090602-PerruhesBx_segment_0707.wav,XC1090602-PerruhesBx,Rose-ringed Parakeet,Psittacula krameri,XC1090602-PerruhesBx.wav,707,1767.5,1772.5,5,1795.885,32000,dataset\segments\Psittacula_krameri\XC1090602-PerruhesBx_segment_0707.wav,train
XC1090602-PerruhesBx_segment_0708.wav,XC1090602-PerruhesBx,Rose-ringed Parakeet,Psittacula krameri,XC1090602-PerruhesBx.wav,708,1770.0,1775.0,5,1795.885,32000,dataset\segments\Psittacula_krameri\XC1090602-PerruhesBx_segment_0708.wav,train
XC1090602-PerruhesBx_segment_0709.wav,XC1090602-PerruhesBx,Rose-ringed Parakeet,Psittacula krameri,XC1090602-PerruhesBx.wav,709,1772.5,1777.5,5,1795.885,32000,dataset\segments\Psittacula_krameri\XC1090602-PerruhesBx_segment_0709.wav,train
XC1090602-PerruhesBx_segment_0710.wav,XC1090602-PerruhesBx,Rose-ringed Parakeet,Psittacula krameri,XC1090602-PerruhesBx.wav,710,1775.0,1780.0,5,1795.885,32000,dataset\segments\Psittacula_krameri\XC1090602-PerruhesBx_segment_0710.wav,train
XC1090602-PerruhesBx_segment_0711.wav,XC1090602-PerruhesBx,Rose-ringed Parakeet,Psittacula krameri,XC1090602-PerruhesBx.wav,711,1777.5,1782.5,5,1795.885,32000,dataset\segments\Psittacula_krameri\XC1090602-PerruhesBx_segment_0711.wav,train
XC1090602-PerruhesBx_segment_0712.wav,XC1090602-PerruhesBx,Rose-ringed Parakeet,Psittacula krameri,XC1090602-PerruhesBx.wav,712,1780.0,1785.0,5,1795.885,32000,dataset\segments\Psittacula_krameri\XC1090602-PerruhesBx_segment_0712.wav,train
XC1090602-PerruhesBx_segment_0713.wav,XC1090602-PerruhesBx,Rose-ringed Parakeet,Psittacula krameri,XC1090602-PerruhesBx.wav,713,1782.5,1787.5,5,1795.885,32000,dataset\segments\Psittacula_krameri\XC1090602-PerruhesBx_segment_0713.wav,train
XC1090602-PerruhesBx_segment_0714.wav,XC1090602-PerruhesBx,Rose-ringed Parakeet,Psittacula krameri,XC1090602-PerruhesBx.wav,714,1785.0,1790.0,5,1795.885,32000,dataset\segments\Psittacula_krameri\XC1090602-PerruhesBx_segment_0714.wav,train
XC1090602-PerruhesBx_segment_0715.wav,XC1090602-PerruhesBx,Rose-ringed Parakeet,Psittacula krameri,XC1090602-PerruhesBx.wav,715,1787.5,1792.5,5,1795.885,32000,dataset\segments\Psittacula_krameri\XC1090602-PerruhesBx_segment_0715.wav,train
XC1090602-PerruhesBx_segment_0716.wav,XC1090602-PerruhesBx,Rose-ringed Parakeet,Psittacula krameri,XC1090602-PerruhesBx.wav,716,1790.0,1795.0,5,1795.885,32000,dataset\segments\Psittacula_krameri\XC1090602-PerruhesBx_segment_0716.wav,train
XC1095786-PSIKRA-2024-09-22-07-49-PUO-c-A_segment_0000.wav,XC1095786-PSIKRA-2024-09-22-07-49-PUO-c-A,Rose-ringed Parakeet,Psittacula krameri,XC1095786-PSIKRA-2024-09-22-07-49-PUO-c-A.wav,0,0.0,5.0,5,40.033,32000,dataset\segments\Psittacula_krameri\XC1095786-PSIKRA-2024-09-22-07-49-PUO-c-A_segment_0000.wav,train
XC1095786-PSIKRA-2024-09-22-07-49-PUO-c-A_segment_0001.wav,XC1095786-PSIKRA-2024-09-22-07-49-PUO-c-A,Rose-ringed Parakeet,Psittacula krameri,XC1095786-PSIKRA-2024-09-22-07-49-PUO-c-A.wav,1,2.5,7.5,5,40.033,32000,dataset\segments\Psittacula_krameri\XC1095786-PSIKRA-2024-09-22-07-49-PUO-c-A_segment_0001.wav,train
XC1095786-PSIKRA-2024-09-22-07-49-PUO-c-A_segment_0002.wav,XC1095786-PSIKRA-2024-09-22-07-49-PUO-c-A,Rose-ringed Parakeet,Psittacula krameri,XC1095786-PSIKRA-2024-09-22-07-49-PUO-c-A.wav,2,5.0,10.0,5,40.033,32000,dataset\segments\Psittacula_krameri\XC1095786-PSIKRA-2024-09-22-07-49-PUO-c-A_segment_0002.wav,train
XC1095786-PSIKRA-2024-09-22-07-49-PUO-c-A_segment_0003.wav,XC1095786-PSIKRA-2024-09-22-07-49-PUO-c-A,Rose-ringed Parakeet,Psittacula krameri,XC1095786-PSIKRA-2024-09-22-07-49-PUO-c-A.wav,3,7.5,12.5,5,40.033,32000,dataset\segments\Psittacula_krameri\XC1095786-PSIKRA-2024-09-22-07-49-PUO-c-A_segment_0003.wav,train
XC1095786-PSIKRA-2024-09-22-07-49-PUO-c-A_segment_0004.wav,XC1095786-PSIKRA-2024-09-22-07-49-PUO-c-A,Rose-ringed Parakeet,Psittacula krameri,XC1095786-PSIKRA-2024-09-22-07-49-PUO-c-A.wav,4,10.0,15.0,5,40.033,32000,dataset\segments\Psittacula_krameri\XC1095786-PSIKRA-2024-09-22-07-49-PUO-c-A_segment_0004.wav,train
XC1095786-PSIKRA-2024-09-22-07-49-PUO-c-A_segment_0005.wav,XC1095786-PSIKRA-2024-09-22-07-49-PUO-c-A,Rose-ringed Parakeet,Psittacula krameri,XC1095786-PSIKRA-2024-09-22-07-49-PUO-c-A.wav,5,12.5,17.5,5,40.033,32000,dataset\segments\Psittacula_krameri\XC1095786-PSIKRA-2024-09-22-07-49-PUO-c-A_segment_0005.wav,train
XC1095786-PSIKRA-2024-09-22-07-49-PUO-c-A_segment_0006.wav,XC1095786-PSIKRA-2024-09-22-07-49-PUO-c-A,Rose-ringed Parakeet,Psittacula krameri,XC1095786-PSIKRA-2024-09-22-07-49-PUO-c-A.wav,6,15.0,20.0,5,40.033,32000,dataset\segments\Psittacula_krameri\XC1095786-PSIKRA-2024-09-22-07-49-PUO-c-A_segment_0006.wav,train
XC1095786-PSIKRA-2024-09-22-07-49-PUO-c-A_segment_0007.wav,XC1095786-PSIKRA-2024-09-22-07-49-PUO-c-A,Rose-ringed Parakeet,Psittacula krameri,XC1095786-PSIKRA-2024-09-22-07-49-PUO-c-A.wav,7,17.5,22.5,5,40.033,32000,dataset\segments\Psittacula_krameri\XC1095786-PSIKRA-2024-09-22-07-49-PUO-c-A_segment_0007.wav,train
XC1095786-PSIKRA-2024-09-22-07-49-PUO-c-A_segment_0008.wav,XC1095786-PSIKRA-2024-09-22-07-49-PUO-c-A,Rose-ringed Parakeet,Psittacula krameri,XC1095786-PSIKRA-2024-09-22-07-49-PUO-c-A.wav,8,20.0,25.0,5,40.033,32000,dataset\segments\Psittacula_krameri\XC1095786-PSIKRA-2024-09-22-07-49-PUO-c-A_segment_0008.wav,train
XC1095786-PSIKRA-2024-09-22-07-49-PUO-c-A_segment_0009.wav,XC1095786-PSIKRA-2024-09-22-07-49-PUO-c-A,Rose-ringed Parakeet,Psittacula krameri,XC1095786-PSIKRA-2024-09-22-07-49-PUO-c-A.wav,9,22.5,27.5,5,40.033,32000,dataset\segments\Psittacula_krameri\XC1095786-PSIKRA-2024-09-22-07-49-PUO-c-A_segment_0009.wav,train
XC1095786-PSIKRA-2024-09-22-07-49-PUO-c-A_segment_0010.wav,XC1095786-PSIKRA-2024-09-22-07-49-PUO-c-A,Rose-ringed Parakeet,Psittacula krameri,XC1095786-PSIKRA-2024-09-22-07-49-PUO-c-A.wav,10,25.0,30.0,5,40.033,32000,dataset\segments\Psittacula_krameri\XC1095786-PSIKRA-2024-09-22-07-49-PUO-c-A_segment_0010.wav,train
XC1095786-PSIKRA-2024-09-22-07-49-PUO-c-A_segment_0011.wav,XC1095786-PSIKRA-2024-09-22-07-49-PUO-c-A,Rose-ringed Parakeet,Psittacula krameri,XC1095786-PSIKRA-2024-09-22-07-49-PUO-c-A.wav,11,27.5,32.5,5,40.033,32000,dataset\segments\Psittacula_krameri\XC1095786-PSIKRA-2024-09-22-07-49-PUO-c-A_segment_0011.wav,train
XC1095786-PSIKRA-2024-09-22-07-49-PUO-c-A_segment_0012.wav,XC1095786-PSIKRA-2024-09-22-07-49-PUO-c-A,Rose-ringed Parakeet,Psittacula krameri,XC1095786-PSIKRA-2024-09-22-07-49-PUO-c-A.wav,12,30.0,35.0,5,40.033,32000,dataset\segments\Psittacula_krameri\XC1095786-PSIKRA-2024-09-22-07-49-PUO-c-A_segment_0012.wav,train
XC1095786-PSIKRA-2024-09-22-07-49-PUO-c-A_segment_0013.wav,XC1095786-PSIKRA-2024-09-22-07-49-PUO-c-A,Rose-ringed Parakeet,Psittacula krameri,XC1095786-PSIKRA-2024-09-22-07-49-PUO-c-A.wav,13,32.5,37.5,5,40.033,32000,dataset\segments\Psittacula_krameri\XC1095786-PSIKRA-2024-09-22-07-49-PUO-c-A_segment_0013.wav,train
XC1095786-PSIKRA-2024-09-22-07-49-PUO-c-A_segment_0014.wav,XC1095786-PSIKRA-2024-09-22-07-49-PUO-c-A,Rose-ringed Parakeet,Psittacula krameri,XC1095786-PSIKRA-2024-09-22-07-49-PUO-c-A.wav,14,35.0,40.0,5,40.033,32000,dataset\segments\Psittacula_krameri\XC1095786-PSIKRA-2024-09-22-07-49-PUO-c-A_segment_0014.wav,train
XC1096610-rose-ringed-parakeet-tissa-jarv-260228_1911_segment_0000.wav,XC1096610-rose-ringed-parakeet-tissa-jarv-260228_1911,Rose-ringed Parakeet,Psittacula krameri,XC1096610-rose-ringed-parakeet-tissa-jarv-260228_1911.wav,0,0.0,5.0,5,5.769,32000,dataset\segments\Psittacula_krameri\XC1096610-rose-ringed-parakeet-tissa-jarv-260228_1911_segment_0000.wav,train
"XC1105525-Rose-ringed-Parakeet-call-very-good-2026-04-25-Big-Wood,-London,-England_SoundDevices702_Telinga9_1152_edited_segment_0000.wav","XC1105525-Rose-ringed-Parakeet-call-very-good-2026-04-25-Big-Wood,-London,-England_SoundDevices702_Telinga9_1152_edited",Rose-ringed Parakeet,Psittacula krameri,"XC1105525-Rose-ringed-Parakeet-call-very-good-2026-04-25-Big-Wood,-London,-England_SoundDevices702_Telinga9_1152_edited.wav",0,0.0,5.0,5,7.669,32000,"dataset\segments\Psittacula_krameri\XC1105525-Rose-ringed-Parakeet-call-very-good-2026-04-25-Big-Wood,-London,-England_SoundDevices702_Telinga9_1152_edited_segment_0000.wav",train
"XC1105525-Rose-ringed-Parakeet-call-very-good-2026-04-25-Big-Wood,-London,-England_SoundDevices702_Telinga9_1152_edited_segment_0001.wav","XC1105525-Rose-ringed-Parakeet-call-very-good-2026-04-25-Big-Wood,-London,-England_SoundDevices702_Telinga9_1152_edited",Rose-ringed Parakeet,Psittacula krameri,"XC1105525-Rose-ringed-Parakeet-call-very-good-2026-04-25-Big-Wood,-London,-England_SoundDevices702_Telinga9_1152_edited.wav",1,2.5,7.5,5,7.669,32000,"dataset\segments\Psittacula_krameri\XC1105525-Rose-ringed-Parakeet-call-very-good-2026-04-25-Big-Wood,-London,-England_SoundDevices702_Telinga9_1152_edited_segment_0001.wav",train
XC1142621-250608_8296-Halsbandparkiet_segment_0000.wav,XC1142621-250608_8296-Halsbandparkiet,Rose-ringed Parakeet,Psittacula krameri,XC1142621-250608_8296-Halsbandparkiet.wav,0,0.0,5.0,5,19.729,32000,dataset\segments\Psittacula_krameri\XC1142621-250608_8296-Halsbandparkiet_segment_0000.wav,train
XC1142621-250608_8296-Halsbandparkiet_segment_0001.wav,XC1142621-250608_8296-Halsbandparkiet,Rose-ringed Parakeet,Psittacula krameri,XC1142621-250608_8296-Halsbandparkiet.wav,1,2.5,7.5,5,19.729,32000,dataset\segments\Psittacula_krameri\XC1142621-250608_8296-Halsbandparkiet_segment_0001.wav,train
XC1142621-250608_8296-Halsbandparkiet_segment_0002.wav,XC1142621-250608_8296-Halsbandparkiet,Rose-ringed Parakeet,Psittacula krameri,XC1142621-250608_8296-Halsbandparkiet.wav,2,5.0,10.0,5,19.729,32000,dataset\segments\Psittacula_krameri\XC1142621-250608_8296-Halsbandparkiet_segment_0002.wav,train
XC1142621-250608_8296-Halsbandparkiet_segment_0003.wav,XC1142621-250608_8296-Halsbandparkiet,Rose-ringed Parakeet,Psittacula krameri,XC1142621-250608_8296-Halsbandparkiet.wav,3,7.5,12.5,5,19.729,32000,dataset\segments\Psittacula_krameri\XC1142621-250608_8296-Halsbandparkiet_segment_0003.wav,train
XC1142621-250608_8296-Halsbandparkiet_segment_0004.wav,XC1142621-250608_8296-Halsbandparkiet,Rose-ringed Parakeet,Psittacula krameri,XC1142621-250608_8296-Halsbandparkiet.wav,4,10.0,15.0,5,19.729,32000,dataset\segments\Psittacula_krameri\XC1142621-250608_8296-Halsbandparkiet_segment_0004.wav,train
XC1142621-250608_8296-Halsbandparkiet_segment_0005.wav,XC1142621-250608_8296-Halsbandparkiet,Rose-ringed Parakeet,Psittacula krameri,XC1142621-250608_8296-Halsbandparkiet.wav,5,12.5,17.5,5,19.729,32000,dataset\segments\Psittacula_krameri\XC1142621-250608_8296-Halsbandparkiet_segment_0005.wav,train
XC1153127-Parakeets-5-1-26-home_segment_0000.wav,XC1153127-Parakeets-5-1-26-home,Rose-ringed Parakeet,Psittacula krameri,XC1153127-Parakeets-5-1-26-home.wav,0,0.0,5.0,5,15.766,32000,dataset\segments\Psittacula_krameri\XC1153127-Parakeets-5-1-26-home_segment_0000.wav,train
XC1153127-Parakeets-5-1-26-home_segment_0001.wav,XC1153127-Parakeets-5-1-26-home,Rose-ringed Parakeet,Psittacula krameri,XC1153127-Parakeets-5-1-26-home.wav,1,2.5,7.5,5,15.766,32000,dataset\segments\Psittacula_krameri\XC1153127-Parakeets-5-1-26-home_segment_0001.wav,train
XC1153127-Parakeets-5-1-26-home_segment_0002.wav,XC1153127-Parakeets-5-1-26-home,Rose-ringed Parakeet,Psittacula krameri,XC1153127-Parakeets-5-1-26-home.wav,2,5.0,10.0,5,15.766,32000,dataset\segments\Psittacula_krameri\XC1153127-Parakeets-5-1-26-home_segment_0002.wav,train
XC1153127-Parakeets-5-1-26-home_segment_0003.wav,XC1153127-Parakeets-5-1-26-home,Rose-ringed Parakeet,Psittacula krameri,XC1153127-Parakeets-5-1-26-home.wav,3,7.5,12.5,5,15.766,32000,dataset\segments\Psittacula_krameri\XC1153127-Parakeets-5-1-26-home_segment_0003.wav,train
XC1153127-Parakeets-5-1-26-home_segment_0004.wav,XC1153127-Parakeets-5-1-26-home,Rose-ringed Parakeet,Psittacula krameri,XC1153127-Parakeets-5-1-26-home.wav,4,10.0,15.0,5,15.766,32000,dataset\segments\Psittacula_krameri\XC1153127-Parakeets-5-1-26-home_segment_0004.wav,train
XC1004128-250531_0471_segment_0000.wav,XC1004128-250531_0471,Indian Peafowl,Pavo cristatus,XC1004128-250531_0471.wav,0,0.0,5.0,5,7.519,32000,dataset\segments\Pavo_cristatus\XC1004128-250531_0471_segment_0000.wav,train
XC1004128-250531_0471_segment_0001.wav,XC1004128-250531_0471,Indian Peafowl,Pavo cristatus,XC1004128-250531_0471.wav,1,2.5,7.5,5,7.519,32000,dataset\segments\Pavo_cristatus\XC1004128-250531_0471_segment_0001.wav,train
XC1015857-Peacock-singing-very-good-2016-04-30-Holland-Park_1029_segment_0000.wav,XC1015857-Peacock-singing-very-good-2016-04-30-Holland-Park_1029,Indian Peafowl,Pavo cristatus,XC1015857-Peacock-singing-very-good-2016-04-30-Holland-Park_1029.wav,0,0.0,5.0,5,8.71,32000,dataset\segments\Pavo_cristatus\XC1015857-Peacock-singing-very-good-2016-04-30-Holland-Park_1029_segment_0000.wav,train
XC1015857-Peacock-singing-very-good-2016-04-30-Holland-Park_1029_segment_0001.wav,XC1015857-Peacock-singing-very-good-2016-04-30-Holland-Park_1029,Indian Peafowl,Pavo cristatus,XC1015857-Peacock-singing-very-good-2016-04-30-Holland-Park_1029.wav,1,2.5,7.5,5,8.71,32000,dataset\segments\Pavo_cristatus\XC1015857-Peacock-singing-very-good-2016-04-30-Holland-Park_1029_segment_0001.wav,train
XC1075085-20260101_CPT_AKaramitsos_XA60_A014C063_260101OG_SLE_250HP_-3dB_IPeafowl_segment_0000.wav,XC1075085-20260101_CPT_AKaramitsos_XA60_A014C063_260101OG_SLE_250HP_-3dB_IPeafowl,Indian Peafowl,Pavo cristatus,XC1075085-20260101_CPT_AKaramitsos_XA60_A014C063_260101OG_SLE_250HP_-3dB_IPeafowl.wav,0,0.0,5.0,5,40.6,32000,dataset\segments\Pavo_cristatus\XC1075085-20260101_CPT_AKaramitsos_XA60_A014C063_260101OG_SLE_250HP_-3dB_IPeafowl_segment_0000.wav,train
XC1075085-20260101_CPT_AKaramitsos_XA60_A014C063_260101OG_SLE_250HP_-3dB_IPeafowl_segment_0001.wav,XC1075085-20260101_CPT_AKaramitsos_XA60_A014C063_260101OG_SLE_250HP_-3dB_IPeafowl,Indian Peafowl,Pavo cristatus,XC1075085-20260101_CPT_AKaramitsos_XA60_A014C063_260101OG_SLE_250HP_-3dB_IPeafowl.wav,1,2.5,7.5,5,40.6,32000,dataset\segments\Pavo_cristatus\XC1075085-20260101_CPT_AKaramitsos_XA60_A014C063_260101OG_SLE_250HP_-3dB_IPeafowl_segment_0001.wav,train
XC1075085-20260101_CPT_AKaramitsos_XA60_A014C063_260101OG_SLE_250HP_-3dB_IPeafowl_segment_0002.wav,XC1075085-20260101_CPT_AKaramitsos_XA60_A014C063_260101OG_SLE_250HP_-3dB_IPeafowl,Indian Peafowl,Pavo cristatus,XC1075085-20260101_CPT_AKaramitsos_XA60_A014C063_260101OG_SLE_250HP_-3dB_IPeafowl.wav,2,5.0,10.0,5,40.6,32000,dataset\segments\Pavo_cristatus\XC1075085-20260101_CPT_AKaramitsos_XA60_A014C063_260101OG_SLE_250HP_-3dB_IPeafowl_segment_0002.wav,train
XC1075085-20260101_CPT_AKaramitsos_XA60_A014C063_260101OG_SLE_250HP_-3dB_IPeafowl_segment_0003.wav,XC1075085-20260101_CPT_AKaramitsos_XA60_A014C063_260101OG_SLE_250HP_-3dB_IPeafowl,Indian Peafowl,Pavo cristatus,XC1075085-20260101_CPT_AKaramitsos_XA60_A014C063_260101OG_SLE_250HP_-3dB_IPeafowl.wav,3,7.5,12.5,5,40.6,32000,dataset\segments\Pavo_cristatus\XC1075085-20260101_CPT_AKaramitsos_XA60_A014C063_260101OG_SLE_250HP_-3dB_IPeafowl_segment_0003.wav,train
XC1075085-20260101_CPT_AKaramitsos_XA60_A014C063_260101OG_SLE_250HP_-3dB_IPeafowl_segment_0004.wav,XC1075085-20260101_CPT_AKaramitsos_XA60_A014C063_260101OG_SLE_250HP_-3dB_IPeafowl,Indian Peafowl,Pavo cristatus,XC1075085-20260101_CPT_AKaramitsos_XA60_A014C063_260101OG_SLE_250HP_-3dB_IPeafowl.wav,4,10.0,15.0,5,40.6,32000,dataset\segments\Pavo_cristatus\XC1075085-20260101_CPT_AKaramitsos_XA60_A014C063_260101OG_SLE_250HP_-3dB_IPeafowl_segment_0004.wav,train
XC1075085-20260101_CPT_AKaramitsos_XA60_A014C063_260101OG_SLE_250HP_-3dB_IPeafowl_segment_0005.wav,XC1075085-20260101_CPT_AKaramitsos_XA60_A014C063_260101OG_SLE_250HP_-3dB_IPeafowl,Indian Peafowl,Pavo cristatus,XC1075085-20260101_CPT_AKaramitsos_XA60_A014C063_260101OG_SLE_250HP_-3dB_IPeafowl.wav,5,12.5,17.5,5,40.6,32000,dataset\segments\Pavo_cristatus\XC1075085-20260101_CPT_AKaramitsos_XA60_A014C063_260101OG_SLE_250HP_-3dB_IPeafowl_segment_0005.wav,train
XC1075085-20260101_CPT_AKaramitsos_XA60_A014C063_260101OG_SLE_250HP_-3dB_IPeafowl_segment_0006.wav,XC1075085-20260101_CPT_AKaramitsos_XA60_A014C063_260101OG_SLE_250HP_-3dB_IPeafowl,Indian Peafowl,Pavo cristatus,XC1075085-20260101_CPT_AKaramitsos_XA60_A014C063_260101OG_SLE_250HP_-3dB_IPeafowl.wav,6,15.0,20.0,5,40.6,32000,dataset\segments\Pavo_cristatus\XC1075085-20260101_CPT_AKaramitsos_XA60_A014C063_260101OG_SLE_250HP_-3dB_IPeafowl_segment_0006.wav,train
XC1075085-20260101_CPT_AKaramitsos_XA60_A014C063_260101OG_SLE_250HP_-3dB_IPeafowl_segment_0007.wav,XC1075085-20260101_CPT_AKaramitsos_XA60_A014C063_260101OG_SLE_250HP_-3dB_IPeafowl,Indian Peafowl,Pavo cristatus,XC1075085-20260101_CPT_AKaramitsos_XA60_A014C063_260101OG_SLE_250HP_-3dB_IPeafowl.wav,7,17.5,22.5,5,40.6,32000,dataset\segments\Pavo_cristatus\XC1075085-20260101_CPT_AKaramitsos_XA60_A014C063_260101OG_SLE_250HP_-3dB_IPeafowl_segment_0007.wav,train
XC1075085-20260101_CPT_AKaramitsos_XA60_A014C063_260101OG_SLE_250HP_-3dB_IPeafowl_segment_0008.wav,XC1075085-20260101_CPT_AKaramitsos_XA60_A014C063_260101OG_SLE_250HP_-3dB_IPeafowl,Indian Peafowl,Pavo cristatus,XC1075085-20260101_CPT_AKaramitsos_XA60_A014C063_260101OG_SLE_250HP_-3dB_IPeafowl.wav,8,20.0,25.0,5,40.6,32000,dataset\segments\Pavo_cristatus\XC1075085-20260101_CPT_AKaramitsos_XA60_A014C063_260101OG_SLE_250HP_-3dB_IPeafowl_segment_0008.wav,train
XC1075085-20260101_CPT_AKaramitsos_XA60_A014C063_260101OG_SLE_250HP_-3dB_IPeafowl_segment_0009.wav,XC1075085-20260101_CPT_AKaramitsos_XA60_A014C063_260101OG_SLE_250HP_-3dB_IPeafowl,Indian Peafowl,Pavo cristatus,XC1075085-20260101_CPT_AKaramitsos_XA60_A014C063_260101OG_SLE_250HP_-3dB_IPeafowl.wav,9,22.5,27.5,5,40.6,32000,dataset\segments\Pavo_cristatus\XC1075085-20260101_CPT_AKaramitsos_XA60_A014C063_260101OG_SLE_250HP_-3dB_IPeafowl_segment_0009.wav,train
XC1075085-20260101_CPT_AKaramitsos_XA60_A014C063_260101OG_SLE_250HP_-3dB_IPeafowl_segment_0010.wav,XC1075085-20260101_CPT_AKaramitsos_XA60_A014C063_260101OG_SLE_250HP_-3dB_IPeafowl,Indian Peafowl,Pavo cristatus,XC1075085-20260101_CPT_AKaramitsos_XA60_A014C063_260101OG_SLE_250HP_-3dB_IPeafowl.wav,10,25.0,30.0,5,40.6,32000,dataset\segments\Pavo_cristatus\XC1075085-20260101_CPT_AKaramitsos_XA60_A014C063_260101OG_SLE_250HP_-3dB_IPeafowl_segment_0010.wav,train
XC1075085-20260101_CPT_AKaramitsos_XA60_A014C063_260101OG_SLE_250HP_-3dB_IPeafowl_segment_0011.wav,XC1075085-20260101_CPT_AKaramitsos_XA60_A014C063_260101OG_SLE_250HP_-3dB_IPeafowl,Indian Peafowl,Pavo cristatus,XC1075085-20260101_CPT_AKaramitsos_XA60_A014C063_260101OG_SLE_250HP_-3dB_IPeafowl.wav,11,27.5,32.5,5,40.6,32000,dataset\segments\Pavo_cristatus\XC1075085-20260101_CPT_AKaramitsos_XA60_A014C063_260101OG_SLE_250HP_-3dB_IPeafowl_segment_0011.wav,train
XC1075085-20260101_CPT_AKaramitsos_XA60_A014C063_260101OG_SLE_250HP_-3dB_IPeafowl_segment_0012.wav,XC1075085-20260101_CPT_AKaramitsos_XA60_A014C063_260101OG_SLE_250HP_-3dB_IPeafowl,Indian Peafowl,Pavo cristatus,XC1075085-20260101_CPT_AKaramitsos_XA60_A014C063_260101OG_SLE_250HP_-3dB_IPeafowl.wav,12,30.0,35.0,5,40.6,32000,dataset\segments\Pavo_cristatus\XC1075085-20260101_CPT_AKaramitsos_XA60_A014C063_260101OG_SLE_250HP_-3dB_IPeafowl_segment_0012.wav,train
XC1075085-20260101_CPT_AKaramitsos_XA60_A014C063_260101OG_SLE_250HP_-3dB_IPeafowl_segment_0013.wav,XC1075085-20260101_CPT_AKaramitsos_XA60_A014C063_260101OG_SLE_250HP_-3dB_IPeafowl,Indian Peafowl,Pavo cristatus,XC1075085-20260101_CPT_AKaramitsos_XA60_A014C063_260101OG_SLE_250HP_-3dB_IPeafowl.wav,13,32.5,37.5,5,40.6,32000,dataset\segments\Pavo_cristatus\XC1075085-20260101_CPT_AKaramitsos_XA60_A014C063_260101OG_SLE_250HP_-3dB_IPeafowl_segment_0013.wav,train
XC1075085-20260101_CPT_AKaramitsos_XA60_A014C063_260101OG_SLE_250HP_-3dB_IPeafowl_segment_0014.wav,XC1075085-20260101_CPT_AKaramitsos_XA60_A014C063_260101OG_SLE_250HP_-3dB_IPeafowl,Indian Peafowl,Pavo cristatus,XC1075085-20260101_CPT_AKaramitsos_XA60_A014C063_260101OG_SLE_250HP_-3dB_IPeafowl.wav,14,35.0,40.0,5,40.6,32000,dataset\segments\Pavo_cristatus\XC1075085-20260101_CPT_AKaramitsos_XA60_A014C063_260101OG_SLE_250HP_-3dB_IPeafowl_segment_0014.wav,train
XC1085991-Blue-Peafowl_Sultanpur1_segment_0000.wav,XC1085991-Blue-Peafowl_Sultanpur1,Indian Peafowl,Pavo cristatus,XC1085991-Blue-Peafowl_Sultanpur1.wav,0,0.0,5.0,5,10.606,32000,dataset\segments\Pavo_cristatus\XC1085991-Blue-Peafowl_Sultanpur1_segment_0000.wav,train
XC1085991-Blue-Peafowl_Sultanpur1_segment_0001.wav,XC1085991-Blue-Peafowl_Sultanpur1,Indian Peafowl,Pavo cristatus,XC1085991-Blue-Peafowl_Sultanpur1.wav,1,2.5,7.5,5,10.606,32000,dataset\segments\Pavo_cristatus\XC1085991-Blue-Peafowl_Sultanpur1_segment_0001.wav,train
XC1085991-Blue-Peafowl_Sultanpur1_segment_0002.wav,XC1085991-Blue-Peafowl_Sultanpur1,Indian Peafowl,Pavo cristatus,XC1085991-Blue-Peafowl_Sultanpur1.wav,2,5.0,10.0,5,10.606,32000,dataset\segments\Pavo_cristatus\XC1085991-Blue-Peafowl_Sultanpur1_segment_0002.wav,train
XC1096393-indian-peafowl-sigirya-templ-260223_1809_segment_0000.wav,XC1096393-indian-peafowl-sigirya-templ-260223_1809,Indian Peafowl,Pavo cristatus,XC1096393-indian-peafowl-sigirya-templ-260223_1809.wav,0,0.0,5.0,5,9.345,32000,dataset\segments\Pavo_cristatus\XC1096393-indian-peafowl-sigirya-templ-260223_1809_segment_0000.wav,train
XC1096393-indian-peafowl-sigirya-templ-260223_1809_segment_0001.wav,XC1096393-indian-peafowl-sigirya-templ-260223_1809,Indian Peafowl,Pavo cristatus,XC1096393-indian-peafowl-sigirya-templ-260223_1809.wav,1,2.5,7.5,5,9.345,32000,dataset\segments\Pavo_cristatus\XC1096393-indian-peafowl-sigirya-templ-260223_1809_segment_0001.wav,train
XC1096424-indian-peafowl-sigirya-hotell-260223_1789_segment_0000.wav,XC1096424-indian-peafowl-sigirya-hotell-260223_1789,Indian Peafowl,Pavo cristatus,XC1096424-indian-peafowl-sigirya-hotell-260223_1789.wav,0,0.0,5.0,5,6.341,32000,dataset\segments\Pavo_cristatus\XC1096424-indian-peafowl-sigirya-hotell-260223_1789_segment_0000.wav,train
XC1166423-20260307_DV_AKaramitsos_XA60_A017C211_260307RI_SLE_250HP_-3dB_comb_peafowl_segment_0000.wav,XC1166423-20260307_DV_AKaramitsos_XA60_A017C211_260307RI_SLE_250HP_-3dB_comb_peafowl,Indian Peafowl,Pavo cristatus,XC1166423-20260307_DV_AKaramitsos_XA60_A017C211_260307RI_SLE_250HP_-3dB_comb_peafowl.wav,0,0.0,5.0,5,19.981,32000,dataset\segments\Pavo_cristatus\XC1166423-20260307_DV_AKaramitsos_XA60_A017C211_260307RI_SLE_250HP_-3dB_comb_peafowl_segment_0000.wav,train
XC1166423-20260307_DV_AKaramitsos_XA60_A017C211_260307RI_SLE_250HP_-3dB_comb_peafowl_segment_0001.wav,XC1166423-20260307_DV_AKaramitsos_XA60_A017C211_260307RI_SLE_250HP_-3dB_comb_peafowl,Indian Peafowl,Pavo cristatus,XC1166423-20260307_DV_AKaramitsos_XA60_A017C211_260307RI_SLE_250HP_-3dB_comb_peafowl.wav,1,2.5,7.5,5,19.981,32000,dataset\segments\Pavo_cristatus\XC1166423-20260307_DV_AKaramitsos_XA60_A017C211_260307RI_SLE_250HP_-3dB_comb_peafowl_segment_0001.wav,train
XC1166423-20260307_DV_AKaramitsos_XA60_A017C211_260307RI_SLE_250HP_-3dB_comb_peafowl_segment_0002.wav,XC1166423-20260307_DV_AKaramitsos_XA60_A017C211_260307RI_SLE_250HP_-3dB_comb_peafowl,Indian Peafowl,Pavo cristatus,XC1166423-20260307_DV_AKaramitsos_XA60_A017C211_260307RI_SLE_250HP_-3dB_comb_peafowl.wav,2,5.0,10.0,5,19.981,32000,dataset\segments\Pavo_cristatus\XC1166423-20260307_DV_AKaramitsos_XA60_A017C211_260307RI_SLE_250HP_-3dB_comb_peafowl_segment_0002.wav,train
XC1166423-20260307_DV_AKaramitsos_XA60_A017C211_260307RI_SLE_250HP_-3dB_comb_peafowl_segment_0003.wav,XC1166423-20260307_DV_AKaramitsos_XA60_A017C211_260307RI_SLE_250HP_-3dB_comb_peafowl,Indian Peafowl,Pavo cristatus,XC1166423-20260307_DV_AKaramitsos_XA60_A017C211_260307RI_SLE_250HP_-3dB_comb_peafowl.wav,3,7.5,12.5,5,19.981,32000,dataset\segments\Pavo_cristatus\XC1166423-20260307_DV_AKaramitsos_XA60_A017C211_260307RI_SLE_250HP_-3dB_comb_peafowl_segment_0003.wav,train
XC1166423-20260307_DV_AKaramitsos_XA60_A017C211_260307RI_SLE_250HP_-3dB_comb_peafowl_segment_0004.wav,XC1166423-20260307_DV_AKaramitsos_XA60_A017C211_260307RI_SLE_250HP_-3dB_comb_peafowl,Indian Peafowl,Pavo cristatus,XC1166423-20260307_DV_AKaramitsos_XA60_A017C211_260307RI_SLE_250HP_-3dB_comb_peafowl.wav,4,10.0,15.0,5,19.981,32000,dataset\segments\Pavo_cristatus\XC1166423-20260307_DV_AKaramitsos_XA60_A017C211_260307RI_SLE_250HP_-3dB_comb_peafowl_segment_0004.wav,train
XC1166423-20260307_DV_AKaramitsos_XA60_A017C211_260307RI_SLE_250HP_-3dB_comb_peafowl_segment_0005.wav,XC1166423-20260307_DV_AKaramitsos_XA60_A017C211_260307RI_SLE_250HP_-3dB_comb_peafowl,Indian Peafowl,Pavo cristatus,XC1166423-20260307_DV_AKaramitsos_XA60_A017C211_260307RI_SLE_250HP_-3dB_comb_peafowl.wav,5,12.5,17.5,5,19.981,32000,dataset\segments\Pavo_cristatus\XC1166423-20260307_DV_AKaramitsos_XA60_A017C211_260307RI_SLE_250HP_-3dB_comb_peafowl_segment_0005.wav,train
XC952162-230321_004_Tr1-Pavo-cristatus+Streptopelia-decaocto-Bhalara-Village-Agra-Uttar-Pradesh_segment_0000.wav,XC952162-230321_004_Tr1-Pavo-cristatus+Streptopelia-decaocto-Bhalara-Village-Agra-Uttar-Pradesh,Indian Peafowl,Pavo cristatus,XC952162-230321_004_Tr1-Pavo-cristatus+Streptopelia-decaocto-Bhalara-Village-Agra-Uttar-Pradesh.wav,0,0.0,5.0,5,53.0,32000,dataset\segments\Pavo_cristatus\XC952162-230321_004_Tr1-Pavo-cristatus+Streptopelia-decaocto-Bhalara-Village-Agra-Uttar-Pradesh_segment_0000.wav,train
XC952162-230321_004_Tr1-Pavo-cristatus+Streptopelia-decaocto-Bhalara-Village-Agra-Uttar-Pradesh_segment_0001.wav,XC952162-230321_004_Tr1-Pavo-cristatus+Streptopelia-decaocto-Bhalara-Village-Agra-Uttar-Pradesh,Indian Peafowl,Pavo cristatus,XC952162-230321_004_Tr1-Pavo-cristatus+Streptopelia-decaocto-Bhalara-Village-Agra-Uttar-Pradesh.wav,1,2.5,7.5,5,53.0,32000,dataset\segments\Pavo_cristatus\XC952162-230321_004_Tr1-Pavo-cristatus+Streptopelia-decaocto-Bhalara-Village-Agra-Uttar-Pradesh_segment_0001.wav,train
XC952162-230321_004_Tr1-Pavo-cristatus+Streptopelia-decaocto-Bhalara-Village-Agra-Uttar-Pradesh_segment_0002.wav,XC952162-230321_004_Tr1-Pavo-cristatus+Streptopelia-decaocto-Bhalara-Village-Agra-Uttar-Pradesh,Indian Peafowl,Pavo cristatus,XC952162-230321_004_Tr1-Pavo-cristatus+Streptopelia-decaocto-Bhalara-Village-Agra-Uttar-Pradesh.wav,2,5.0,10.0,5,53.0,32000,dataset\segments\Pavo_cristatus\XC952162-230321_004_Tr1-Pavo-cristatus+Streptopelia-decaocto-Bhalara-Village-Agra-Uttar-Pradesh_segment_0002.wav,train
XC952162-230321_004_Tr1-Pavo-cristatus+Streptopelia-decaocto-Bhalara-Village-Agra-Uttar-Pradesh_segment_0003.wav,XC952162-230321_004_Tr1-Pavo-cristatus+Streptopelia-decaocto-Bhalara-Village-Agra-Uttar-Pradesh,Indian Peafowl,Pavo cristatus,XC952162-230321_004_Tr1-Pavo-cristatus+Streptopelia-decaocto-Bhalara-Village-Agra-Uttar-Pradesh.wav,3,7.5,12.5,5,53.0,32000,dataset\segments\Pavo_cristatus\XC952162-230321_004_Tr1-Pavo-cristatus+Streptopelia-decaocto-Bhalara-Village-Agra-Uttar-Pradesh_segment_0003.wav,train
XC952162-230321_004_Tr1-Pavo-cristatus+Streptopelia-decaocto-Bhalara-Village-Agra-Uttar-Pradesh_segment_0004.wav,XC952162-230321_004_Tr1-Pavo-cristatus+Streptopelia-decaocto-Bhalara-Village-Agra-Uttar-Pradesh,Indian Peafowl,Pavo cristatus,XC952162-230321_004_Tr1-Pavo-cristatus+Streptopelia-decaocto-Bhalara-Village-Agra-Uttar-Pradesh.wav,4,10.0,15.0,5,53.0,32000,dataset\segments\Pavo_cristatus\XC952162-230321_004_Tr1-Pavo-cristatus+Streptopelia-decaocto-Bhalara-Village-Agra-Uttar-Pradesh_segment_0004.wav,train
XC952162-230321_004_Tr1-Pavo-cristatus+Streptopelia-decaocto-Bhalara-Village-Agra-Uttar-Pradesh_segment_0005.wav,XC952162-230321_004_Tr1-Pavo-cristatus+Streptopelia-decaocto-Bhalara-Village-Agra-Uttar-Pradesh,Indian Peafowl,Pavo cristatus,XC952162-230321_004_Tr1-Pavo-cristatus+Streptopelia-decaocto-Bhalara-Village-Agra-Uttar-Pradesh.wav,5,12.5,17.5,5,53.0,32000,dataset\segments\Pavo_cristatus\XC952162-230321_004_Tr1-Pavo-cristatus+Streptopelia-decaocto-Bhalara-Village-Agra-Uttar-Pradesh_segment_0005.wav,train
XC952162-230321_004_Tr1-Pavo-cristatus+Streptopelia-decaocto-Bhalara-Village-Agra-Uttar-Pradesh_segment_0006.wav,XC952162-230321_004_Tr1-Pavo-cristatus+Streptopelia-decaocto-Bhalara-Village-Agra-Uttar-Pradesh,Indian Peafowl,Pavo cristatus,XC952162-230321_004_Tr1-Pavo-cristatus+Streptopelia-decaocto-Bhalara-Village-Agra-Uttar-Pradesh.wav,6,15.0,20.0,5,53.0,32000,dataset\segments\Pavo_cristatus\XC952162-230321_004_Tr1-Pavo-cristatus+Streptopelia-decaocto-Bhalara-Village-Agra-Uttar-Pradesh_segment_0006.wav,train
XC952162-230321_004_Tr1-Pavo-cristatus+Streptopelia-decaocto-Bhalara-Village-Agra-Uttar-Pradesh_segment_0007.wav,XC952162-230321_004_Tr1-Pavo-cristatus+Streptopelia-decaocto-Bhalara-Village-Agra-Uttar-Pradesh,Indian Peafowl,Pavo cristatus,XC952162-230321_004_Tr1-Pavo-cristatus+Streptopelia-decaocto-Bhalara-Village-Agra-Uttar-Pradesh.wav,7,17.5,22.5,5,53.0,32000,dataset\segments\Pavo_cristatus\XC952162-230321_004_Tr1-Pavo-cristatus+Streptopelia-decaocto-Bhalara-Village-Agra-Uttar-Pradesh_segment_0007.wav,train
XC952162-230321_004_Tr1-Pavo-cristatus+Streptopelia-decaocto-Bhalara-Village-Agra-Uttar-Pradesh_segment_0008.wav,XC952162-230321_004_Tr1-Pavo-cristatus+Streptopelia-decaocto-Bhalara-Village-Agra-Uttar-Pradesh,Indian Peafowl,Pavo cristatus,XC952162-230321_004_Tr1-Pavo-cristatus+Streptopelia-decaocto-Bhalara-Village-Agra-Uttar-Pradesh.wav,8,20.0,25.0,5,53.0,32000,dataset\segments\Pavo_cristatus\XC952162-230321_004_Tr1-Pavo-cristatus+Streptopelia-decaocto-Bhalara-Village-Agra-Uttar-Pradesh_segment_0008.wav,train
XC952162-230321_004_Tr1-Pavo-cristatus+Streptopelia-decaocto-Bhalara-Village-Agra-Uttar-Pradesh_segment_0009.wav,XC952162-230321_004_Tr1-Pavo-cristatus+Streptopelia-decaocto-Bhalara-Village-Agra-Uttar-Pradesh,Indian Peafowl,Pavo cristatus,XC952162-230321_004_Tr1-Pavo-cristatus+Streptopelia-decaocto-Bhalara-Village-Agra-Uttar-Pradesh.wav,9,22.5,27.5,5,53.0,32000,dataset\segments\Pavo_cristatus\XC952162-230321_004_Tr1-Pavo-cristatus+Streptopelia-decaocto-Bhalara-Village-Agra-Uttar-Pradesh_segment_0009.wav,train
XC952162-230321_004_Tr1-Pavo-cristatus+Streptopelia-decaocto-Bhalara-Village-Agra-Uttar-Pradesh_segment_0010.wav,XC952162-230321_004_Tr1-Pavo-cristatus+Streptopelia-decaocto-Bhalara-Village-Agra-Uttar-Pradesh,Indian Peafowl,Pavo cristatus,XC952162-230321_004_Tr1-Pavo-cristatus+Streptopelia-decaocto-Bhalara-Village-Agra-Uttar-Pradesh.wav,10,25.0,30.0,5,53.0,32000,dataset\segments\Pavo_cristatus\XC952162-230321_004_Tr1-Pavo-cristatus+Streptopelia-decaocto-Bhalara-Village-Agra-Uttar-Pradesh_segment_0010.wav,train
XC952162-230321_004_Tr1-Pavo-cristatus+Streptopelia-decaocto-Bhalara-Village-Agra-Uttar-Pradesh_segment_0011.wav,XC952162-230321_004_Tr1-Pavo-cristatus+Streptopelia-decaocto-Bhalara-Village-Agra-Uttar-Pradesh,Indian Peafowl,Pavo cristatus,XC952162-230321_004_Tr1-Pavo-cristatus+Streptopelia-decaocto-Bhalara-Village-Agra-Uttar-Pradesh.wav,11,27.5,32.5,5,53.0,32000,dataset\segments\Pavo_cristatus\XC952162-230321_004_Tr1-Pavo-cristatus+Streptopelia-decaocto-Bhalara-Village-Agra-Uttar-Pradesh_segment_0011.wav,train
XC952162-230321_004_Tr1-Pavo-cristatus+Streptopelia-decaocto-Bhalara-Village-Agra-Uttar-Pradesh_segment_0012.wav,XC952162-230321_004_Tr1-Pavo-cristatus+Streptopelia-decaocto-Bhalara-Village-Agra-Uttar-Pradesh,Indian Peafowl,Pavo cristatus,XC952162-230321_004_Tr1-Pavo-cristatus+Streptopelia-decaocto-Bhalara-Village-Agra-Uttar-Pradesh.wav,12,30.0,35.0,5,53.0,32000,dataset\segments\Pavo_cristatus\XC952162-230321_004_Tr1-Pavo-cristatus+Streptopelia-decaocto-Bhalara-Village-Agra-Uttar-Pradesh_segment_0012.wav,train
XC952162-230321_004_Tr1-Pavo-cristatus+Streptopelia-decaocto-Bhalara-Village-Agra-Uttar-Pradesh_segment_0013.wav,XC952162-230321_004_Tr1-Pavo-cristatus+Streptopelia-decaocto-Bhalara-Village-Agra-Uttar-Pradesh,Indian Peafowl,Pavo cristatus,XC952162-230321_004_Tr1-Pavo-cristatus+Streptopelia-decaocto-Bhalara-Village-Agra-Uttar-Pradesh.wav,13,32.5,37.5,5,53.0,32000,dataset\segments\Pavo_cristatus\XC952162-230321_004_Tr1-Pavo-cristatus+Streptopelia-decaocto-Bhalara-Village-Agra-Uttar-Pradesh_segment_0013.wav,train
XC952162-230321_004_Tr1-Pavo-cristatus+Streptopelia-decaocto-Bhalara-Village-Agra-Uttar-Pradesh_segment_0014.wav,XC952162-230321_004_Tr1-Pavo-cristatus+Streptopelia-decaocto-Bhalara-Village-Agra-Uttar-Pradesh,Indian Peafowl,Pavo cristatus,XC952162-230321_004_Tr1-Pavo-cristatus+Streptopelia-decaocto-Bhalara-Village-Agra-Uttar-Pradesh.wav,14,35.0,40.0,5,53.0,32000,dataset\segments\Pavo_cristatus\XC952162-230321_004_Tr1-Pavo-cristatus+Streptopelia-decaocto-Bhalara-Village-Agra-Uttar-Pradesh_segment_0014.wav,train
XC952162-230321_004_Tr1-Pavo-cristatus+Streptopelia-decaocto-Bhalara-Village-Agra-Uttar-Pradesh_segment_0015.wav,XC952162-230321_004_Tr1-Pavo-cristatus+Streptopelia-decaocto-Bhalara-Village-Agra-Uttar-Pradesh,Indian Peafowl,Pavo cristatus,XC952162-230321_004_Tr1-Pavo-cristatus+Streptopelia-decaocto-Bhalara-Village-Agra-Uttar-Pradesh.wav,15,37.5,42.5,5,53.0,32000,dataset\segments\Pavo_cristatus\XC952162-230321_004_Tr1-Pavo-cristatus+Streptopelia-decaocto-Bhalara-Village-Agra-Uttar-Pradesh_segment_0015.wav,train
XC952162-230321_004_Tr1-Pavo-cristatus+Streptopelia-decaocto-Bhalara-Village-Agra-Uttar-Pradesh_segment_0016.wav,XC952162-230321_004_Tr1-Pavo-cristatus+Streptopelia-decaocto-Bhalara-Village-Agra-Uttar-Pradesh,Indian Peafowl,Pavo cristatus,XC952162-230321_004_Tr1-Pavo-cristatus+Streptopelia-decaocto-Bhalara-Village-Agra-Uttar-Pradesh.wav,16,40.0,45.0,5,53.0,32000,dataset\segments\Pavo_cristatus\XC952162-230321_004_Tr1-Pavo-cristatus+Streptopelia-decaocto-Bhalara-Village-Agra-Uttar-Pradesh_segment_0016.wav,train
XC952162-230321_004_Tr1-Pavo-cristatus+Streptopelia-decaocto-Bhalara-Village-Agra-Uttar-Pradesh_segment_0017.wav,XC952162-230321_004_Tr1-Pavo-cristatus+Streptopelia-decaocto-Bhalara-Village-Agra-Uttar-Pradesh,Indian Peafowl,Pavo cristatus,XC952162-230321_004_Tr1-Pavo-cristatus+Streptopelia-decaocto-Bhalara-Village-Agra-Uttar-Pradesh.wav,17,42.5,47.5,5,53.0,32000,dataset\segments\Pavo_cristatus\XC952162-230321_004_Tr1-Pavo-cristatus+Streptopelia-decaocto-Bhalara-Village-Agra-Uttar-Pradesh_segment_0017.wav,train
XC952162-230321_004_Tr1-Pavo-cristatus+Streptopelia-decaocto-Bhalara-Village-Agra-Uttar-Pradesh_segment_0018.wav,XC952162-230321_004_Tr1-Pavo-cristatus+Streptopelia-decaocto-Bhalara-Village-Agra-Uttar-Pradesh,Indian Peafowl,Pavo cristatus,XC952162-230321_004_Tr1-Pavo-cristatus+Streptopelia-decaocto-Bhalara-Village-Agra-Uttar-Pradesh.wav,18,45.0,50.0,5,53.0,32000,dataset\segments\Pavo_cristatus\XC952162-230321_004_Tr1-Pavo-cristatus+Streptopelia-decaocto-Bhalara-Village-Agra-Uttar-Pradesh_segment_0018.wav,train
XC952162-230321_004_Tr1-Pavo-cristatus+Streptopelia-decaocto-Bhalara-Village-Agra-Uttar-Pradesh_segment_0019.wav,XC952162-230321_004_Tr1-Pavo-cristatus+Streptopelia-decaocto-Bhalara-Village-Agra-Uttar-Pradesh,Indian Peafowl,Pavo cristatus,XC952162-230321_004_Tr1-Pavo-cristatus+Streptopelia-decaocto-Bhalara-Village-Agra-Uttar-Pradesh.wav,19,47.5,52.5,5,53.0,32000,dataset\segments\Pavo_cristatus\XC952162-230321_004_Tr1-Pavo-cristatus+Streptopelia-decaocto-Bhalara-Village-Agra-Uttar-Pradesh_segment_0019.wav,train
XC952163-240205_010_Tr1-Pavo-cristatus-Bhalara-Village-Agra-UP_segment_0000.wav,XC952163-240205_010_Tr1-Pavo-cristatus-Bhalara-Village-Agra-UP,Indian Peafowl,Pavo cristatus,XC952163-240205_010_Tr1-Pavo-cristatus-Bhalara-Village-Agra-UP.wav,0,0.0,5.0,5,92.0,32000,dataset\segments\Pavo_cristatus\XC952163-240205_010_Tr1-Pavo-cristatus-Bhalara-Village-Agra-UP_segment_0000.wav,train
XC952163-240205_010_Tr1-Pavo-cristatus-Bhalara-Village-Agra-UP_segment_0001.wav,XC952163-240205_010_Tr1-Pavo-cristatus-Bhalara-Village-Agra-UP,Indian Peafowl,Pavo cristatus,XC952163-240205_010_Tr1-Pavo-cristatus-Bhalara-Village-Agra-UP.wav,1,2.5,7.5,5,92.0,32000,dataset\segments\Pavo_cristatus\XC952163-240205_010_Tr1-Pavo-cristatus-Bhalara-Village-Agra-UP_segment_0001.wav,train
XC952163-240205_010_Tr1-Pavo-cristatus-Bhalara-Village-Agra-UP_segment_0002.wav,XC952163-240205_010_Tr1-Pavo-cristatus-Bhalara-Village-Agra-UP,Indian Peafowl,Pavo cristatus,XC952163-240205_010_Tr1-Pavo-cristatus-Bhalara-Village-Agra-UP.wav,2,5.0,10.0,5,92.0,32000,dataset\segments\Pavo_cristatus\XC952163-240205_010_Tr1-Pavo-cristatus-Bhalara-Village-Agra-UP_segment_0002.wav,train
XC952163-240205_010_Tr1-Pavo-cristatus-Bhalara-Village-Agra-UP_segment_0003.wav,XC952163-240205_010_Tr1-Pavo-cristatus-Bhalara-Village-Agra-UP,Indian Peafowl,Pavo cristatus,XC952163-240205_010_Tr1-Pavo-cristatus-Bhalara-Village-Agra-UP.wav,3,7.5,12.5,5,92.0,32000,dataset\segments\Pavo_cristatus\XC952163-240205_010_Tr1-Pavo-cristatus-Bhalara-Village-Agra-UP_segment_0003.wav,train
XC952163-240205_010_Tr1-Pavo-cristatus-Bhalara-Village-Agra-UP_segment_0004.wav,XC952163-240205_010_Tr1-Pavo-cristatus-Bhalara-Village-Agra-UP,Indian Peafowl,Pavo cristatus,XC952163-240205_010_Tr1-Pavo-cristatus-Bhalara-Village-Agra-UP.wav,4,10.0,15.0,5,92.0,32000,dataset\segments\Pavo_cristatus\XC952163-240205_010_Tr1-Pavo-cristatus-Bhalara-Village-Agra-UP_segment_0004.wav,train
XC952163-240205_010_Tr1-Pavo-cristatus-Bhalara-Village-Agra-UP_segment_0005.wav,XC952163-240205_010_Tr1-Pavo-cristatus-Bhalara-Village-Agra-UP,Indian Peafowl,Pavo cristatus,XC952163-240205_010_Tr1-Pavo-cristatus-Bhalara-Village-Agra-UP.wav,5,12.5,17.5,5,92.0,32000,dataset\segments\Pavo_cristatus\XC952163-240205_010_Tr1-Pavo-cristatus-Bhalara-Village-Agra-UP_segment_0005.wav,train
XC952163-240205_010_Tr1-Pavo-cristatus-Bhalara-Village-Agra-UP_segment_0006.wav,XC952163-240205_010_Tr1-Pavo-cristatus-Bhalara-Village-Agra-UP,Indian Peafowl,Pavo cristatus,XC952163-240205_010_Tr1-Pavo-cristatus-Bhalara-Village-Agra-UP.wav,6,15.0,20.0,5,92.0,32000,dataset\segments\Pavo_cristatus\XC952163-240205_010_Tr1-Pavo-cristatus-Bhalara-Village-Agra-UP_segment_0006.wav,train
XC952163-240205_010_Tr1-Pavo-cristatus-Bhalara-Village-Agra-UP_segment_0007.wav,XC952163-240205_010_Tr1-Pavo-cristatus-Bhalara-Village-Agra-UP,Indian Peafowl,Pavo cristatus,XC952163-240205_010_Tr1-Pavo-cristatus-Bhalara-Village-Agra-UP.wav,7,17.5,22.5,5,92.0,32000,dataset\segments\Pavo_cristatus\XC952163-240205_010_Tr1-Pavo-cristatus-Bhalara-Village-Agra-UP_segment_0007.wav,train
XC952163-240205_010_Tr1-Pavo-cristatus-Bhalara-Village-Agra-UP_segment_0008.wav,XC952163-240205_010_Tr1-Pavo-cristatus-Bhalara-Village-Agra-UP,Indian Peafowl,Pavo cristatus,XC952163-240205_010_Tr1-Pavo-cristatus-Bhalara-Village-Agra-UP.wav,8,20.0,25.0,5,92.0,32000,dataset\segments\Pavo_cristatus\XC952163-240205_010_Tr1-Pavo-cristatus-Bhalara-Village-Agra-UP_segment_0008.wav,train
XC952163-240205_010_Tr1-Pavo-cristatus-Bhalara-Village-Agra-UP_segment_0009.wav,XC952163-240205_010_Tr1-Pavo-cristatus-Bhalara-Village-Agra-UP,Indian Peafowl,Pavo cristatus,XC952163-240205_010_Tr1-Pavo-cristatus-Bhalara-Village-Agra-UP.wav,9,22.5,27.5,5,92.0,32000,dataset\segments\Pavo_cristatus\XC952163-240205_010_Tr1-Pavo-cristatus-Bhalara-Village-Agra-UP_segment_0009.wav,train
XC952163-240205_010_Tr1-Pavo-cristatus-Bhalara-Village-Agra-UP_segment_0010.wav,XC952163-240205_010_Tr1-Pavo-cristatus-Bhalara-Village-Agra-UP,Indian Peafowl,Pavo cristatus,XC952163-240205_010_Tr1-Pavo-cristatus-Bhalara-Village-Agra-UP.wav,10,25.0,30.0,5,92.0,32000,dataset\segments\Pavo_cristatus\XC952163-240205_010_Tr1-Pavo-cristatus-Bhalara-Village-Agra-UP_segment_0010.wav,train
XC952163-240205_010_Tr1-Pavo-cristatus-Bhalara-Village-Agra-UP_segment_0011.wav,XC952163-240205_010_Tr1-Pavo-cristatus-Bhalara-Village-Agra-UP,Indian Peafowl,Pavo cristatus,XC952163-240205_010_Tr1-Pavo-cristatus-Bhalara-Village-Agra-UP.wav,11,27.5,32.5,5,92.0,32000,dataset\segments\Pavo_cristatus\XC952163-240205_010_Tr1-Pavo-cristatus-Bhalara-Village-Agra-UP_segment_0011.wav,train
XC952163-240205_010_Tr1-Pavo-cristatus-Bhalara-Village-Agra-UP_segment_0012.wav,XC952163-240205_010_Tr1-Pavo-cristatus-Bhalara-Village-Agra-UP,Indian Peafowl,Pavo cristatus,XC952163-240205_010_Tr1-Pavo-cristatus-Bhalara-Village-Agra-UP.wav,12,30.0,35.0,5,92.0,32000,dataset\segments\Pavo_cristatus\XC952163-240205_010_Tr1-Pavo-cristatus-Bhalara-Village-Agra-UP_segment_0012.wav,train
XC952163-240205_010_Tr1-Pavo-cristatus-Bhalara-Village-Agra-UP_segment_0013.wav,XC952163-240205_010_Tr1-Pavo-cristatus-Bhalara-Village-Agra-UP,Indian Peafowl,Pavo cristatus,XC952163-240205_010_Tr1-Pavo-cristatus-Bhalara-Village-Agra-UP.wav,13,32.5,37.5,5,92.0,32000,dataset\segments\Pavo_cristatus\XC952163-240205_010_Tr1-Pavo-cristatus-Bhalara-Village-Agra-UP_segment_0013.wav,train
XC952163-240205_010_Tr1-Pavo-cristatus-Bhalara-Village-Agra-UP_segment_0014.wav,XC952163-240205_010_Tr1-Pavo-cristatus-Bhalara-Village-Agra-UP,Indian Peafowl,Pavo cristatus,XC952163-240205_010_Tr1-Pavo-cristatus-Bhalara-Village-Agra-UP.wav,14,35.0,40.0,5,92.0,32000,dataset\segments\Pavo_cristatus\XC952163-240205_010_Tr1-Pavo-cristatus-Bhalara-Village-Agra-UP_segment_0014.wav,train
XC952163-240205_010_Tr1-Pavo-cristatus-Bhalara-Village-Agra-UP_segment_0015.wav,XC952163-240205_010_Tr1-Pavo-cristatus-Bhalara-Village-Agra-UP,Indian Peafowl,Pavo cristatus,XC952163-240205_010_Tr1-Pavo-cristatus-Bhalara-Village-Agra-UP.wav,15,37.5,42.5,5,92.0,32000,dataset\segments\Pavo_cristatus\XC952163-240205_010_Tr1-Pavo-cristatus-Bhalara-Village-Agra-UP_segment_0015.wav,train
XC952163-240205_010_Tr1-Pavo-cristatus-Bhalara-Village-Agra-UP_segment_0016.wav,XC952163-240205_010_Tr1-Pavo-cristatus-Bhalara-Village-Agra-UP,Indian Peafowl,Pavo cristatus,XC952163-240205_010_Tr1-Pavo-cristatus-Bhalara-Village-Agra-UP.wav,16,40.0,45.0,5,92.0,32000,dataset\segments\Pavo_cristatus\XC952163-240205_010_Tr1-Pavo-cristatus-Bhalara-Village-Agra-UP_segment_0016.wav,train
XC952163-240205_010_Tr1-Pavo-cristatus-Bhalara-Village-Agra-UP_segment_0017.wav,XC952163-240205_010_Tr1-Pavo-cristatus-Bhalara-Village-Agra-UP,Indian Peafowl,Pavo cristatus,XC952163-240205_010_Tr1-Pavo-cristatus-Bhalara-Village-Agra-UP.wav,17,42.5,47.5,5,92.0,32000,dataset\segments\Pavo_cristatus\XC952163-240205_010_Tr1-Pavo-cristatus-Bhalara-Village-Agra-UP_segment_0017.wav,train
XC952163-240205_010_Tr1-Pavo-cristatus-Bhalara-Village-Agra-UP_segment_0018.wav,XC952163-240205_010_Tr1-Pavo-cristatus-Bhalara-Village-Agra-UP,Indian Peafowl,Pavo cristatus,XC952163-240205_010_Tr1-Pavo-cristatus-Bhalara-Village-Agra-UP.wav,18,45.0,50.0,5,92.0,32000,dataset\segments\Pavo_cristatus\XC952163-240205_010_Tr1-Pavo-cristatus-Bhalara-Village-Agra-UP_segment_0018.wav,train
XC952163-240205_010_Tr1-Pavo-cristatus-Bhalara-Village-Agra-UP_segment_0019.wav,XC952163-240205_010_Tr1-Pavo-cristatus-Bhalara-Village-Agra-UP,Indian Peafowl,Pavo cristatus,XC952163-240205_010_Tr1-Pavo-cristatus-Bhalara-Village-Agra-UP.wav,19,47.5,52.5,5,92.0,32000,dataset\segments\Pavo_cristatus\XC952163-240205_010_Tr1-Pavo-cristatus-Bhalara-Village-Agra-UP_segment_0019.wav,train
XC952163-240205_010_Tr1-Pavo-cristatus-Bhalara-Village-Agra-UP_segment_0020.wav,XC952163-240205_010_Tr1-Pavo-cristatus-Bhalara-Village-Agra-UP,Indian Peafowl,Pavo cristatus,XC952163-240205_010_Tr1-Pavo-cristatus-Bhalara-Village-Agra-UP.wav,20,50.0,55.0,5,92.0,32000,dataset\segments\Pavo_cristatus\XC952163-240205_010_Tr1-Pavo-cristatus-Bhalara-Village-Agra-UP_segment_0020.wav,train
XC952163-240205_010_Tr1-Pavo-cristatus-Bhalara-Village-Agra-UP_segment_0021.wav,XC952163-240205_010_Tr1-Pavo-cristatus-Bhalara-Village-Agra-UP,Indian Peafowl,Pavo cristatus,XC952163-240205_010_Tr1-Pavo-cristatus-Bhalara-Village-Agra-UP.wav,21,52.5,57.5,5,92.0,32000,dataset\segments\Pavo_cristatus\XC952163-240205_010_Tr1-Pavo-cristatus-Bhalara-Village-Agra-UP_segment_0021.wav,train
XC952163-240205_010_Tr1-Pavo-cristatus-Bhalara-Village-Agra-UP_segment_0022.wav,XC952163-240205_010_Tr1-Pavo-cristatus-Bhalara-Village-Agra-UP,Indian Peafowl,Pavo cristatus,XC952163-240205_010_Tr1-Pavo-cristatus-Bhalara-Village-Agra-UP.wav,22,55.0,60.0,5,92.0,32000,dataset\segments\Pavo_cristatus\XC952163-240205_010_Tr1-Pavo-cristatus-Bhalara-Village-Agra-UP_segment_0022.wav,train
XC952163-240205_010_Tr1-Pavo-cristatus-Bhalara-Village-Agra-UP_segment_0023.wav,XC952163-240205_010_Tr1-Pavo-cristatus-Bhalara-Village-Agra-UP,Indian Peafowl,Pavo cristatus,XC952163-240205_010_Tr1-Pavo-cristatus-Bhalara-Village-Agra-UP.wav,23,57.5,62.5,5,92.0,32000,dataset\segments\Pavo_cristatus\XC952163-240205_010_Tr1-Pavo-cristatus-Bhalara-Village-Agra-UP_segment_0023.wav,train
XC952163-240205_010_Tr1-Pavo-cristatus-Bhalara-Village-Agra-UP_segment_0024.wav,XC952163-240205_010_Tr1-Pavo-cristatus-Bhalara-Village-Agra-UP,Indian Peafowl,Pavo cristatus,XC952163-240205_010_Tr1-Pavo-cristatus-Bhalara-Village-Agra-UP.wav,24,60.0,65.0,5,92.0,32000,dataset\segments\Pavo_cristatus\XC952163-240205_010_Tr1-Pavo-cristatus-Bhalara-Village-Agra-UP_segment_0024.wav,train
XC952163-240205_010_Tr1-Pavo-cristatus-Bhalara-Village-Agra-UP_segment_0025.wav,XC952163-240205_010_Tr1-Pavo-cristatus-Bhalara-Village-Agra-UP,Indian Peafowl,Pavo cristatus,XC952163-240205_010_Tr1-Pavo-cristatus-Bhalara-Village-Agra-UP.wav,25,62.5,67.5,5,92.0,32000,dataset\segments\Pavo_cristatus\XC952163-240205_010_Tr1-Pavo-cristatus-Bhalara-Village-Agra-UP_segment_0025.wav,train
XC952163-240205_010_Tr1-Pavo-cristatus-Bhalara-Village-Agra-UP_segment_0026.wav,XC952163-240205_010_Tr1-Pavo-cristatus-Bhalara-Village-Agra-UP,Indian Peafowl,Pavo cristatus,XC952163-240205_010_Tr1-Pavo-cristatus-Bhalara-Village-Agra-UP.wav,26,65.0,70.0,5,92.0,32000,dataset\segments\Pavo_cristatus\XC952163-240205_010_Tr1-Pavo-cristatus-Bhalara-Village-Agra-UP_segment_0026.wav,train
XC952163-240205_010_Tr1-Pavo-cristatus-Bhalara-Village-Agra-UP_segment_0027.wav,XC952163-240205_010_Tr1-Pavo-cristatus-Bhalara-Village-Agra-UP,Indian Peafowl,Pavo cristatus,XC952163-240205_010_Tr1-Pavo-cristatus-Bhalara-Village-Agra-UP.wav,27,67.5,72.5,5,92.0,32000,dataset\segments\Pavo_cristatus\XC952163-240205_010_Tr1-Pavo-cristatus-Bhalara-Village-Agra-UP_segment_0027.wav,train
XC952163-240205_010_Tr1-Pavo-cristatus-Bhalara-Village-Agra-UP_segment_0028.wav,XC952163-240205_010_Tr1-Pavo-cristatus-Bhalara-Village-Agra-UP,Indian Peafowl,Pavo cristatus,XC952163-240205_010_Tr1-Pavo-cristatus-Bhalara-Village-Agra-UP.wav,28,70.0,75.0,5,92.0,32000,dataset\segments\Pavo_cristatus\XC952163-240205_010_Tr1-Pavo-cristatus-Bhalara-Village-Agra-UP_segment_0028.wav,train
XC952163-240205_010_Tr1-Pavo-cristatus-Bhalara-Village-Agra-UP_segment_0029.wav,XC952163-240205_010_Tr1-Pavo-cristatus-Bhalara-Village-Agra-UP,Indian Peafowl,Pavo cristatus,XC952163-240205_010_Tr1-Pavo-cristatus-Bhalara-Village-Agra-UP.wav,29,72.5,77.5,5,92.0,32000,dataset\segments\Pavo_cristatus\XC952163-240205_010_Tr1-Pavo-cristatus-Bhalara-Village-Agra-UP_segment_0029.wav,train
XC952163-240205_010_Tr1-Pavo-cristatus-Bhalara-Village-Agra-UP_segment_0030.wav,XC952163-240205_010_Tr1-Pavo-cristatus-Bhalara-Village-Agra-UP,Indian Peafowl,Pavo cristatus,XC952163-240205_010_Tr1-Pavo-cristatus-Bhalara-Village-Agra-UP.wav,30,75.0,80.0,5,92.0,32000,dataset\segments\Pavo_cristatus\XC952163-240205_010_Tr1-Pavo-cristatus-Bhalara-Village-Agra-UP_segment_0030.wav,train
XC952163-240205_010_Tr1-Pavo-cristatus-Bhalara-Village-Agra-UP_segment_0031.wav,XC952163-240205_010_Tr1-Pavo-cristatus-Bhalara-Village-Agra-UP,Indian Peafowl,Pavo cristatus,XC952163-240205_010_Tr1-Pavo-cristatus-Bhalara-Village-Agra-UP.wav,31,77.5,82.5,5,92.0,32000,dataset\segments\Pavo_cristatus\XC952163-240205_010_Tr1-Pavo-cristatus-Bhalara-Village-Agra-UP_segment_0031.wav,train
XC952163-240205_010_Tr1-Pavo-cristatus-Bhalara-Village-Agra-UP_segment_0032.wav,XC952163-240205_010_Tr1-Pavo-cristatus-Bhalara-Village-Agra-UP,Indian Peafowl,Pavo cristatus,XC952163-240205_010_Tr1-Pavo-cristatus-Bhalara-Village-Agra-UP.wav,32,80.0,85.0,5,92.0,32000,dataset\segments\Pavo_cristatus\XC952163-240205_010_Tr1-Pavo-cristatus-Bhalara-Village-Agra-UP_segment_0032.wav,train
XC952163-240205_010_Tr1-Pavo-cristatus-Bhalara-Village-Agra-UP_segment_0033.wav,XC952163-240205_010_Tr1-Pavo-cristatus-Bhalara-Village-Agra-UP,Indian Peafowl,Pavo cristatus,XC952163-240205_010_Tr1-Pavo-cristatus-Bhalara-Village-Agra-UP.wav,33,82.5,87.5,5,92.0,32000,dataset\segments\Pavo_cristatus\XC952163-240205_010_Tr1-Pavo-cristatus-Bhalara-Village-Agra-UP_segment_0033.wav,train
XC952163-240205_010_Tr1-Pavo-cristatus-Bhalara-Village-Agra-UP_segment_0034.wav,XC952163-240205_010_Tr1-Pavo-cristatus-Bhalara-Village-Agra-UP,Indian Peafowl,Pavo cristatus,XC952163-240205_010_Tr1-Pavo-cristatus-Bhalara-Village-Agra-UP.wav,34,85.0,90.0,5,92.0,32000,dataset\segments\Pavo_cristatus\XC952163-240205_010_Tr1-Pavo-cristatus-Bhalara-Village-Agra-UP_segment_0034.wav,train
XC952177-240929_038_Tr1-Pavo-cristatus-SACON-Coimbatore-Tamilnadu_segment_0000.wav,XC952177-240929_038_Tr1-Pavo-cristatus-SACON-Coimbatore-Tamilnadu,Indian Peafowl,Pavo cristatus,XC952177-240929_038_Tr1-Pavo-cristatus-SACON-Coimbatore-Tamilnadu.wav,0,0.0,5.0,5,47.0,32000,dataset\segments\Pavo_cristatus\XC952177-240929_038_Tr1-Pavo-cristatus-SACON-Coimbatore-Tamilnadu_segment_0000.wav,train
XC952177-240929_038_Tr1-Pavo-cristatus-SACON-Coimbatore-Tamilnadu_segment_0001.wav,XC952177-240929_038_Tr1-Pavo-cristatus-SACON-Coimbatore-Tamilnadu,Indian Peafowl,Pavo cristatus,XC952177-240929_038_Tr1-Pavo-cristatus-SACON-Coimbatore-Tamilnadu.wav,1,2.5,7.5,5,47.0,32000,dataset\segments\Pavo_cristatus\XC952177-240929_038_Tr1-Pavo-cristatus-SACON-Coimbatore-Tamilnadu_segment_0001.wav,train
XC952177-240929_038_Tr1-Pavo-cristatus-SACON-Coimbatore-Tamilnadu_segment_0002.wav,XC952177-240929_038_Tr1-Pavo-cristatus-SACON-Coimbatore-Tamilnadu,Indian Peafowl,Pavo cristatus,XC952177-240929_038_Tr1-Pavo-cristatus-SACON-Coimbatore-Tamilnadu.wav,2,5.0,10.0,5,47.0,32000,dataset\segments\Pavo_cristatus\XC952177-240929_038_Tr1-Pavo-cristatus-SACON-Coimbatore-Tamilnadu_segment_0002.wav,train
XC952177-240929_038_Tr1-Pavo-cristatus-SACON-Coimbatore-Tamilnadu_segment_0003.wav,XC952177-240929_038_Tr1-Pavo-cristatus-SACON-Coimbatore-Tamilnadu,Indian Peafowl,Pavo cristatus,XC952177-240929_038_Tr1-Pavo-cristatus-SACON-Coimbatore-Tamilnadu.wav,3,7.5,12.5,5,47.0,32000,dataset\segments\Pavo_cristatus\XC952177-240929_038_Tr1-Pavo-cristatus-SACON-Coimbatore-Tamilnadu_segment_0003.wav,train
XC952177-240929_038_Tr1-Pavo-cristatus-SACON-Coimbatore-Tamilnadu_segment_0004.wav,XC952177-240929_038_Tr1-Pavo-cristatus-SACON-Coimbatore-Tamilnadu,Indian Peafowl,Pavo cristatus,XC952177-240929_038_Tr1-Pavo-cristatus-SACON-Coimbatore-Tamilnadu.wav,4,10.0,15.0,5,47.0,32000,dataset\segments\Pavo_cristatus\XC952177-240929_038_Tr1-Pavo-cristatus-SACON-Coimbatore-Tamilnadu_segment_0004.wav,train
XC952177-240929_038_Tr1-Pavo-cristatus-SACON-Coimbatore-Tamilnadu_segment_0005.wav,XC952177-240929_038_Tr1-Pavo-cristatus-SACON-Coimbatore-Tamilnadu,Indian Peafowl,Pavo cristatus,XC952177-240929_038_Tr1-Pavo-cristatus-SACON-Coimbatore-Tamilnadu.wav,5,12.5,17.5,5,47.0,32000,dataset\segments\Pavo_cristatus\XC952177-240929_038_Tr1-Pavo-cristatus-SACON-Coimbatore-Tamilnadu_segment_0005.wav,train
XC952177-240929_038_Tr1-Pavo-cristatus-SACON-Coimbatore-Tamilnadu_segment_0006.wav,XC952177-240929_038_Tr1-Pavo-cristatus-SACON-Coimbatore-Tamilnadu,Indian Peafowl,Pavo cristatus,XC952177-240929_038_Tr1-Pavo-cristatus-SACON-Coimbatore-Tamilnadu.wav,6,15.0,20.0,5,47.0,32000,dataset\segments\Pavo_cristatus\XC952177-240929_038_Tr1-Pavo-cristatus-SACON-Coimbatore-Tamilnadu_segment_0006.wav,train
XC952177-240929_038_Tr1-Pavo-cristatus-SACON-Coimbatore-Tamilnadu_segment_0007.wav,XC952177-240929_038_Tr1-Pavo-cristatus-SACON-Coimbatore-Tamilnadu,Indian Peafowl,Pavo cristatus,XC952177-240929_038_Tr1-Pavo-cristatus-SACON-Coimbatore-Tamilnadu.wav,7,17.5,22.5,5,47.0,32000,dataset\segments\Pavo_cristatus\XC952177-240929_038_Tr1-Pavo-cristatus-SACON-Coimbatore-Tamilnadu_segment_0007.wav,train
XC952177-240929_038_Tr1-Pavo-cristatus-SACON-Coimbatore-Tamilnadu_segment_0008.wav,XC952177-240929_038_Tr1-Pavo-cristatus-SACON-Coimbatore-Tamilnadu,Indian Peafowl,Pavo cristatus,XC952177-240929_038_Tr1-Pavo-cristatus-SACON-Coimbatore-Tamilnadu.wav,8,20.0,25.0,5,47.0,32000,dataset\segments\Pavo_cristatus\XC952177-240929_038_Tr1-Pavo-cristatus-SACON-Coimbatore-Tamilnadu_segment_0008.wav,train
XC952177-240929_038_Tr1-Pavo-cristatus-SACON-Coimbatore-Tamilnadu_segment_0009.wav,XC952177-240929_038_Tr1-Pavo-cristatus-SACON-Coimbatore-Tamilnadu,Indian Peafowl,Pavo cristatus,XC952177-240929_038_Tr1-Pavo-cristatus-SACON-Coimbatore-Tamilnadu.wav,9,22.5,27.5,5,47.0,32000,dataset\segments\Pavo_cristatus\XC952177-240929_038_Tr1-Pavo-cristatus-SACON-Coimbatore-Tamilnadu_segment_0009.wav,train
XC952177-240929_038_Tr1-Pavo-cristatus-SACON-Coimbatore-Tamilnadu_segment_0010.wav,XC952177-240929_038_Tr1-Pavo-cristatus-SACON-Coimbatore-Tamilnadu,Indian Peafowl,Pavo cristatus,XC952177-240929_038_Tr1-Pavo-cristatus-SACON-Coimbatore-Tamilnadu.wav,10,25.0,30.0,5,47.0,32000,dataset\segments\Pavo_cristatus\XC952177-240929_038_Tr1-Pavo-cristatus-SACON-Coimbatore-Tamilnadu_segment_0010.wav,train
XC952177-240929_038_Tr1-Pavo-cristatus-SACON-Coimbatore-Tamilnadu_segment_0011.wav,XC952177-240929_038_Tr1-Pavo-cristatus-SACON-Coimbatore-Tamilnadu,Indian Peafowl,Pavo cristatus,XC952177-240929_038_Tr1-Pavo-cristatus-SACON-Coimbatore-Tamilnadu.wav,11,27.5,32.5,5,47.0,32000,dataset\segments\Pavo_cristatus\XC952177-240929_038_Tr1-Pavo-cristatus-SACON-Coimbatore-Tamilnadu_segment_0011.wav,train
XC952177-240929_038_Tr1-Pavo-cristatus-SACON-Coimbatore-Tamilnadu_segment_0012.wav,XC952177-240929_038_Tr1-Pavo-cristatus-SACON-Coimbatore-Tamilnadu,Indian Peafowl,Pavo cristatus,XC952177-240929_038_Tr1-Pavo-cristatus-SACON-Coimbatore-Tamilnadu.wav,12,30.0,35.0,5,47.0,32000,dataset\segments\Pavo_cristatus\XC952177-240929_038_Tr1-Pavo-cristatus-SACON-Coimbatore-Tamilnadu_segment_0012.wav,train
XC952177-240929_038_Tr1-Pavo-cristatus-SACON-Coimbatore-Tamilnadu_segment_0013.wav,XC952177-240929_038_Tr1-Pavo-cristatus-SACON-Coimbatore-Tamilnadu,Indian Peafowl,Pavo cristatus,XC952177-240929_038_Tr1-Pavo-cristatus-SACON-Coimbatore-Tamilnadu.wav,13,32.5,37.5,5,47.0,32000,dataset\segments\Pavo_cristatus\XC952177-240929_038_Tr1-Pavo-cristatus-SACON-Coimbatore-Tamilnadu_segment_0013.wav,train
XC952177-240929_038_Tr1-Pavo-cristatus-SACON-Coimbatore-Tamilnadu_segment_0014.wav,XC952177-240929_038_Tr1-Pavo-cristatus-SACON-Coimbatore-Tamilnadu,Indian Peafowl,Pavo cristatus,XC952177-240929_038_Tr1-Pavo-cristatus-SACON-Coimbatore-Tamilnadu.wav,14,35.0,40.0,5,47.0,32000,dataset\segments\Pavo_cristatus\XC952177-240929_038_Tr1-Pavo-cristatus-SACON-Coimbatore-Tamilnadu_segment_0014.wav,train
XC952177-240929_038_Tr1-Pavo-cristatus-SACON-Coimbatore-Tamilnadu_segment_0015.wav,XC952177-240929_038_Tr1-Pavo-cristatus-SACON-Coimbatore-Tamilnadu,Indian Peafowl,Pavo cristatus,XC952177-240929_038_Tr1-Pavo-cristatus-SACON-Coimbatore-Tamilnadu.wav,15,37.5,42.5,5,47.0,32000,dataset\segments\Pavo_cristatus\XC952177-240929_038_Tr1-Pavo-cristatus-SACON-Coimbatore-Tamilnadu_segment_0015.wav,train
XC952177-240929_038_Tr1-Pavo-cristatus-SACON-Coimbatore-Tamilnadu_segment_0016.wav,XC952177-240929_038_Tr1-Pavo-cristatus-SACON-Coimbatore-Tamilnadu,Indian Peafowl,Pavo cristatus,XC952177-240929_038_Tr1-Pavo-cristatus-SACON-Coimbatore-Tamilnadu.wav,16,40.0,45.0,5,47.0,32000,dataset\segments\Pavo_cristatus\XC952177-240929_038_Tr1-Pavo-cristatus-SACON-Coimbatore-Tamilnadu_segment_0016.wav,train
XC952178-240929_041_Tr1-Pavo-cristatus-SACON-Coimbatore-Tamilnadu_segment_0000.wav,XC952178-240929_041_Tr1-Pavo-cristatus-SACON-Coimbatore-Tamilnadu,Indian Peafowl,Pavo cristatus,XC952178-240929_041_Tr1-Pavo-cristatus-SACON-Coimbatore-Tamilnadu.wav,0,0.0,5.0,5,26.0,32000,dataset\segments\Pavo_cristatus\XC952178-240929_041_Tr1-Pavo-cristatus-SACON-Coimbatore-Tamilnadu_segment_0000.wav,train
XC952178-240929_041_Tr1-Pavo-cristatus-SACON-Coimbatore-Tamilnadu_segment_0001.wav,XC952178-240929_041_Tr1-Pavo-cristatus-SACON-Coimbatore-Tamilnadu,Indian Peafowl,Pavo cristatus,XC952178-240929_041_Tr1-Pavo-cristatus-SACON-Coimbatore-Tamilnadu.wav,1,2.5,7.5,5,26.0,32000,dataset\segments\Pavo_cristatus\XC952178-240929_041_Tr1-Pavo-cristatus-SACON-Coimbatore-Tamilnadu_segment_0001.wav,train
XC952178-240929_041_Tr1-Pavo-cristatus-SACON-Coimbatore-Tamilnadu_segment_0002.wav,XC952178-240929_041_Tr1-Pavo-cristatus-SACON-Coimbatore-Tamilnadu,Indian Peafowl,Pavo cristatus,XC952178-240929_041_Tr1-Pavo-cristatus-SACON-Coimbatore-Tamilnadu.wav,2,5.0,10.0,5,26.0,32000,dataset\segments\Pavo_cristatus\XC952178-240929_041_Tr1-Pavo-cristatus-SACON-Coimbatore-Tamilnadu_segment_0002.wav,train
XC952178-240929_041_Tr1-Pavo-cristatus-SACON-Coimbatore-Tamilnadu_segment_0003.wav,XC952178-240929_041_Tr1-Pavo-cristatus-SACON-Coimbatore-Tamilnadu,Indian Peafowl,Pavo cristatus,XC952178-240929_041_Tr1-Pavo-cristatus-SACON-Coimbatore-Tamilnadu.wav,3,7.5,12.5,5,26.0,32000,dataset\segments\Pavo_cristatus\XC952178-240929_041_Tr1-Pavo-cristatus-SACON-Coimbatore-Tamilnadu_segment_0003.wav,train
XC952178-240929_041_Tr1-Pavo-cristatus-SACON-Coimbatore-Tamilnadu_segment_0004.wav,XC952178-240929_041_Tr1-Pavo-cristatus-SACON-Coimbatore-Tamilnadu,Indian Peafowl,Pavo cristatus,XC952178-240929_041_Tr1-Pavo-cristatus-SACON-Coimbatore-Tamilnadu.wav,4,10.0,15.0,5,26.0,32000,dataset\segments\Pavo_cristatus\XC952178-240929_041_Tr1-Pavo-cristatus-SACON-Coimbatore-Tamilnadu_segment_0004.wav,train
XC952178-240929_041_Tr1-Pavo-cristatus-SACON-Coimbatore-Tamilnadu_segment_0005.wav,XC952178-240929_041_Tr1-Pavo-cristatus-SACON-Coimbatore-Tamilnadu,Indian Peafowl,Pavo cristatus,XC952178-240929_041_Tr1-Pavo-cristatus-SACON-Coimbatore-Tamilnadu.wav,5,12.5,17.5,5,26.0,32000,dataset\segments\Pavo_cristatus\XC952178-240929_041_Tr1-Pavo-cristatus-SACON-Coimbatore-Tamilnadu_segment_0005.wav,train
XC952178-240929_041_Tr1-Pavo-cristatus-SACON-Coimbatore-Tamilnadu_segment_0006.wav,XC952178-240929_041_Tr1-Pavo-cristatus-SACON-Coimbatore-Tamilnadu,Indian Peafowl,Pavo cristatus,XC952178-240929_041_Tr1-Pavo-cristatus-SACON-Coimbatore-Tamilnadu.wav,6,15.0,20.0,5,26.0,32000,dataset\segments\Pavo_cristatus\XC952178-240929_041_Tr1-Pavo-cristatus-SACON-Coimbatore-Tamilnadu_segment_0006.wav,train
XC952178-240929_041_Tr1-Pavo-cristatus-SACON-Coimbatore-Tamilnadu_segment_0007.wav,XC952178-240929_041_Tr1-Pavo-cristatus-SACON-Coimbatore-Tamilnadu,Indian Peafowl,Pavo cristatus,XC952178-240929_041_Tr1-Pavo-cristatus-SACON-Coimbatore-Tamilnadu.wav,7,17.5,22.5,5,26.0,32000,dataset\segments\Pavo_cristatus\XC952178-240929_041_Tr1-Pavo-cristatus-SACON-Coimbatore-Tamilnadu_segment_0007.wav,train
XC952178-240929_041_Tr1-Pavo-cristatus-SACON-Coimbatore-Tamilnadu_segment_0008.wav,XC952178-240929_041_Tr1-Pavo-cristatus-SACON-Coimbatore-Tamilnadu,Indian Peafowl,Pavo cristatus,XC952178-240929_041_Tr1-Pavo-cristatus-SACON-Coimbatore-Tamilnadu.wav,8,20.0,25.0,5,26.0,32000,dataset\segments\Pavo_cristatus\XC952178-240929_041_Tr1-Pavo-cristatus-SACON-Coimbatore-Tamilnadu_segment_0008.wav,train
"XC979542-Indian-Peacock-call-very-good-2025-01-03-Jhalana-Safari-Park,-Jaipur,-Rasjasthan,-India_0003_004_segment_0000.wav","XC979542-Indian-Peacock-call-very-good-2025-01-03-Jhalana-Safari-Park,-Jaipur,-Rasjasthan,-India_0003_004",Indian Peafowl,Pavo cristatus,"XC979542-Indian-Peacock-call-very-good-2025-01-03-Jhalana-Safari-Park,-Jaipur,-Rasjasthan,-India_0003_004.wav",0,0.0,5.0,5,14.612,32000,"dataset\segments\Pavo_cristatus\XC979542-Indian-Peacock-call-very-good-2025-01-03-Jhalana-Safari-Park,-Jaipur,-Rasjasthan,-India_0003_004_segment_0000.wav",train
"XC979542-Indian-Peacock-call-very-good-2025-01-03-Jhalana-Safari-Park,-Jaipur,-Rasjasthan,-India_0003_004_segment_0001.wav","XC979542-Indian-Peacock-call-very-good-2025-01-03-Jhalana-Safari-Park,-Jaipur,-Rasjasthan,-India_0003_004",Indian Peafowl,Pavo cristatus,"XC979542-Indian-Peacock-call-very-good-2025-01-03-Jhalana-Safari-Park,-Jaipur,-Rasjasthan,-India_0003_004.wav",1,2.5,7.5,5,14.612,32000,"dataset\segments\Pavo_cristatus\XC979542-Indian-Peacock-call-very-good-2025-01-03-Jhalana-Safari-Park,-Jaipur,-Rasjasthan,-India_0003_004_segment_0001.wav",train
"XC979542-Indian-Peacock-call-very-good-2025-01-03-Jhalana-Safari-Park,-Jaipur,-Rasjasthan,-India_0003_004_segment_0002.wav","XC979542-Indian-Peacock-call-very-good-2025-01-03-Jhalana-Safari-Park,-Jaipur,-Rasjasthan,-India_0003_004",Indian Peafowl,Pavo cristatus,"XC979542-Indian-Peacock-call-very-good-2025-01-03-Jhalana-Safari-Park,-Jaipur,-Rasjasthan,-India_0003_004.wav",2,5.0,10.0,5,14.612,32000,"dataset\segments\Pavo_cristatus\XC979542-Indian-Peacock-call-very-good-2025-01-03-Jhalana-Safari-Park,-Jaipur,-Rasjasthan,-India_0003_004_segment_0002.wav",train
"XC979542-Indian-Peacock-call-very-good-2025-01-03-Jhalana-Safari-Park,-Jaipur,-Rasjasthan,-India_0003_004_segment_0003.wav","XC979542-Indian-Peacock-call-very-good-2025-01-03-Jhalana-Safari-Park,-Jaipur,-Rasjasthan,-India_0003_004",Indian Peafowl,Pavo cristatus,"XC979542-Indian-Peacock-call-very-good-2025-01-03-Jhalana-Safari-Park,-Jaipur,-Rasjasthan,-India_0003_004.wav",3,7.5,12.5,5,14.612,32000,"dataset\segments\Pavo_cristatus\XC979542-Indian-Peacock-call-very-good-2025-01-03-Jhalana-Safari-Park,-Jaipur,-Rasjasthan,-India_0003_004_segment_0003.wav",train
"XC1004361-Greater-Coucal-singing-very-good-2025-06-5-Benjakiti-Park,-Bangkok,-Thailand_281_edited_segment_0000.wav","XC1004361-Greater-Coucal-singing-very-good-2025-06-5-Benjakiti-Park,-Bangkok,-Thailand_281_edited",Greater Coucal,Centropus sinensis,"XC1004361-Greater-Coucal-singing-very-good-2025-06-5-Benjakiti-Park,-Bangkok,-Thailand_281_edited.wav",0,0.0,5.0,5,70.484,32000,"dataset\segments\Centropus_sinensis\XC1004361-Greater-Coucal-singing-very-good-2025-06-5-Benjakiti-Park,-Bangkok,-Thailand_281_edited_segment_0000.wav",train
"XC1004361-Greater-Coucal-singing-very-good-2025-06-5-Benjakiti-Park,-Bangkok,-Thailand_281_edited_segment_0001.wav","XC1004361-Greater-Coucal-singing-very-good-2025-06-5-Benjakiti-Park,-Bangkok,-Thailand_281_edited",Greater Coucal,Centropus sinensis,"XC1004361-Greater-Coucal-singing-very-good-2025-06-5-Benjakiti-Park,-Bangkok,-Thailand_281_edited.wav",1,2.5,7.5,5,70.484,32000,"dataset\segments\Centropus_sinensis\XC1004361-Greater-Coucal-singing-very-good-2025-06-5-Benjakiti-Park,-Bangkok,-Thailand_281_edited_segment_0001.wav",train
"XC1004361-Greater-Coucal-singing-very-good-2025-06-5-Benjakiti-Park,-Bangkok,-Thailand_281_edited_segment_0002.wav","XC1004361-Greater-Coucal-singing-very-good-2025-06-5-Benjakiti-Park,-Bangkok,-Thailand_281_edited",Greater Coucal,Centropus sinensis,"XC1004361-Greater-Coucal-singing-very-good-2025-06-5-Benjakiti-Park,-Bangkok,-Thailand_281_edited.wav",2,5.0,10.0,5,70.484,32000,"dataset\segments\Centropus_sinensis\XC1004361-Greater-Coucal-singing-very-good-2025-06-5-Benjakiti-Park,-Bangkok,-Thailand_281_edited_segment_0002.wav",train
"XC1004361-Greater-Coucal-singing-very-good-2025-06-5-Benjakiti-Park,-Bangkok,-Thailand_281_edited_segment_0003.wav","XC1004361-Greater-Coucal-singing-very-good-2025-06-5-Benjakiti-Park,-Bangkok,-Thailand_281_edited",Greater Coucal,Centropus sinensis,"XC1004361-Greater-Coucal-singing-very-good-2025-06-5-Benjakiti-Park,-Bangkok,-Thailand_281_edited.wav",3,7.5,12.5,5,70.484,32000,"dataset\segments\Centropus_sinensis\XC1004361-Greater-Coucal-singing-very-good-2025-06-5-Benjakiti-Park,-Bangkok,-Thailand_281_edited_segment_0003.wav",train
"XC1004361-Greater-Coucal-singing-very-good-2025-06-5-Benjakiti-Park,-Bangkok,-Thailand_281_edited_segment_0004.wav","XC1004361-Greater-Coucal-singing-very-good-2025-06-5-Benjakiti-Park,-Bangkok,-Thailand_281_edited",Greater Coucal,Centropus sinensis,"XC1004361-Greater-Coucal-singing-very-good-2025-06-5-Benjakiti-Park,-Bangkok,-Thailand_281_edited.wav",4,10.0,15.0,5,70.484,32000,"dataset\segments\Centropus_sinensis\XC1004361-Greater-Coucal-singing-very-good-2025-06-5-Benjakiti-Park,-Bangkok,-Thailand_281_edited_segment_0004.wav",train
"XC1004361-Greater-Coucal-singing-very-good-2025-06-5-Benjakiti-Park,-Bangkok,-Thailand_281_edited_segment_0005.wav","XC1004361-Greater-Coucal-singing-very-good-2025-06-5-Benjakiti-Park,-Bangkok,-Thailand_281_edited",Greater Coucal,Centropus sinensis,"XC1004361-Greater-Coucal-singing-very-good-2025-06-5-Benjakiti-Park,-Bangkok,-Thailand_281_edited.wav",5,12.5,17.5,5,70.484,32000,"dataset\segments\Centropus_sinensis\XC1004361-Greater-Coucal-singing-very-good-2025-06-5-Benjakiti-Park,-Bangkok,-Thailand_281_edited_segment_0005.wav",train
"XC1004361-Greater-Coucal-singing-very-good-2025-06-5-Benjakiti-Park,-Bangkok,-Thailand_281_edited_segment_0006.wav","XC1004361-Greater-Coucal-singing-very-good-2025-06-5-Benjakiti-Park,-Bangkok,-Thailand_281_edited",Greater Coucal,Centropus sinensis,"XC1004361-Greater-Coucal-singing-very-good-2025-06-5-Benjakiti-Park,-Bangkok,-Thailand_281_edited.wav",6,15.0,20.0,5,70.484,32000,"dataset\segments\Centropus_sinensis\XC1004361-Greater-Coucal-singing-very-good-2025-06-5-Benjakiti-Park,-Bangkok,-Thailand_281_edited_segment_0006.wav",train
"XC1004361-Greater-Coucal-singing-very-good-2025-06-5-Benjakiti-Park,-Bangkok,-Thailand_281_edited_segment_0007.wav","XC1004361-Greater-Coucal-singing-very-good-2025-06-5-Benjakiti-Park,-Bangkok,-Thailand_281_edited",Greater Coucal,Centropus sinensis,"XC1004361-Greater-Coucal-singing-very-good-2025-06-5-Benjakiti-Park,-Bangkok,-Thailand_281_edited.wav",7,17.5,22.5,5,70.484,32000,"dataset\segments\Centropus_sinensis\XC1004361-Greater-Coucal-singing-very-good-2025-06-5-Benjakiti-Park,-Bangkok,-Thailand_281_edited_segment_0007.wav",train
"XC1004361-Greater-Coucal-singing-very-good-2025-06-5-Benjakiti-Park,-Bangkok,-Thailand_281_edited_segment_0008.wav","XC1004361-Greater-Coucal-singing-very-good-2025-06-5-Benjakiti-Park,-Bangkok,-Thailand_281_edited",Greater Coucal,Centropus sinensis,"XC1004361-Greater-Coucal-singing-very-good-2025-06-5-Benjakiti-Park,-Bangkok,-Thailand_281_edited.wav",8,20.0,25.0,5,70.484,32000,"dataset\segments\Centropus_sinensis\XC1004361-Greater-Coucal-singing-very-good-2025-06-5-Benjakiti-Park,-Bangkok,-Thailand_281_edited_segment_0008.wav",train
"XC1004361-Greater-Coucal-singing-very-good-2025-06-5-Benjakiti-Park,-Bangkok,-Thailand_281_edited_segment_0009.wav","XC1004361-Greater-Coucal-singing-very-good-2025-06-5-Benjakiti-Park,-Bangkok,-Thailand_281_edited",Greater Coucal,Centropus sinensis,"XC1004361-Greater-Coucal-singing-very-good-2025-06-5-Benjakiti-Park,-Bangkok,-Thailand_281_edited.wav",9,22.5,27.5,5,70.484,32000,"dataset\segments\Centropus_sinensis\XC1004361-Greater-Coucal-singing-very-good-2025-06-5-Benjakiti-Park,-Bangkok,-Thailand_281_edited_segment_0009.wav",train
"XC1004361-Greater-Coucal-singing-very-good-2025-06-5-Benjakiti-Park,-Bangkok,-Thailand_281_edited_segment_0010.wav","XC1004361-Greater-Coucal-singing-very-good-2025-06-5-Benjakiti-Park,-Bangkok,-Thailand_281_edited",Greater Coucal,Centropus sinensis,"XC1004361-Greater-Coucal-singing-very-good-2025-06-5-Benjakiti-Park,-Bangkok,-Thailand_281_edited.wav",10,25.0,30.0,5,70.484,32000,"dataset\segments\Centropus_sinensis\XC1004361-Greater-Coucal-singing-very-good-2025-06-5-Benjakiti-Park,-Bangkok,-Thailand_281_edited_segment_0010.wav",train
"XC1004361-Greater-Coucal-singing-very-good-2025-06-5-Benjakiti-Park,-Bangkok,-Thailand_281_edited_segment_0011.wav","XC1004361-Greater-Coucal-singing-very-good-2025-06-5-Benjakiti-Park,-Bangkok,-Thailand_281_edited",Greater Coucal,Centropus sinensis,"XC1004361-Greater-Coucal-singing-very-good-2025-06-5-Benjakiti-Park,-Bangkok,-Thailand_281_edited.wav",11,27.5,32.5,5,70.484,32000,"dataset\segments\Centropus_sinensis\XC1004361-Greater-Coucal-singing-very-good-2025-06-5-Benjakiti-Park,-Bangkok,-Thailand_281_edited_segment_0011.wav",train
"XC1004361-Greater-Coucal-singing-very-good-2025-06-5-Benjakiti-Park,-Bangkok,-Thailand_281_edited_segment_0012.wav","XC1004361-Greater-Coucal-singing-very-good-2025-06-5-Benjakiti-Park,-Bangkok,-Thailand_281_edited",Greater Coucal,Centropus sinensis,"XC1004361-Greater-Coucal-singing-very-good-2025-06-5-Benjakiti-Park,-Bangkok,-Thailand_281_edited.wav",12,30.0,35.0,5,70.484,32000,"dataset\segments\Centropus_sinensis\XC1004361-Greater-Coucal-singing-very-good-2025-06-5-Benjakiti-Park,-Bangkok,-Thailand_281_edited_segment_0012.wav",train
"XC1004361-Greater-Coucal-singing-very-good-2025-06-5-Benjakiti-Park,-Bangkok,-Thailand_281_edited_segment_0013.wav","XC1004361-Greater-Coucal-singing-very-good-2025-06-5-Benjakiti-Park,-Bangkok,-Thailand_281_edited",Greater Coucal,Centropus sinensis,"XC1004361-Greater-Coucal-singing-very-good-2025-06-5-Benjakiti-Park,-Bangkok,-Thailand_281_edited.wav",13,32.5,37.5,5,70.484,32000,"dataset\segments\Centropus_sinensis\XC1004361-Greater-Coucal-singing-very-good-2025-06-5-Benjakiti-Park,-Bangkok,-Thailand_281_edited_segment_0013.wav",train
"XC1004361-Greater-Coucal-singing-very-good-2025-06-5-Benjakiti-Park,-Bangkok,-Thailand_281_edited_segment_0014.wav","XC1004361-Greater-Coucal-singing-very-good-2025-06-5-Benjakiti-Park,-Bangkok,-Thailand_281_edited",Greater Coucal,Centropus sinensis,"XC1004361-Greater-Coucal-singing-very-good-2025-06-5-Benjakiti-Park,-Bangkok,-Thailand_281_edited.wav",14,35.0,40.0,5,70.484,32000,"dataset\segments\Centropus_sinensis\XC1004361-Greater-Coucal-singing-very-good-2025-06-5-Benjakiti-Park,-Bangkok,-Thailand_281_edited_segment_0014.wav",train
"XC1004361-Greater-Coucal-singing-very-good-2025-06-5-Benjakiti-Park,-Bangkok,-Thailand_281_edited_segment_0015.wav","XC1004361-Greater-Coucal-singing-very-good-2025-06-5-Benjakiti-Park,-Bangkok,-Thailand_281_edited",Greater Coucal,Centropus sinensis,"XC1004361-Greater-Coucal-singing-very-good-2025-06-5-Benjakiti-Park,-Bangkok,-Thailand_281_edited.wav",15,37.5,42.5,5,70.484,32000,"dataset\segments\Centropus_sinensis\XC1004361-Greater-Coucal-singing-very-good-2025-06-5-Benjakiti-Park,-Bangkok,-Thailand_281_edited_segment_0015.wav",train
"XC1004361-Greater-Coucal-singing-very-good-2025-06-5-Benjakiti-Park,-Bangkok,-Thailand_281_edited_segment_0016.wav","XC1004361-Greater-Coucal-singing-very-good-2025-06-5-Benjakiti-Park,-Bangkok,-Thailand_281_edited",Greater Coucal,Centropus sinensis,"XC1004361-Greater-Coucal-singing-very-good-2025-06-5-Benjakiti-Park,-Bangkok,-Thailand_281_edited.wav",16,40.0,45.0,5,70.484,32000,"dataset\segments\Centropus_sinensis\XC1004361-Greater-Coucal-singing-very-good-2025-06-5-Benjakiti-Park,-Bangkok,-Thailand_281_edited_segment_0016.wav",train
"XC1004361-Greater-Coucal-singing-very-good-2025-06-5-Benjakiti-Park,-Bangkok,-Thailand_281_edited_segment_0017.wav","XC1004361-Greater-Coucal-singing-very-good-2025-06-5-Benjakiti-Park,-Bangkok,-Thailand_281_edited",Greater Coucal,Centropus sinensis,"XC1004361-Greater-Coucal-singing-very-good-2025-06-5-Benjakiti-Park,-Bangkok,-Thailand_281_edited.wav",17,42.5,47.5,5,70.484,32000,"dataset\segments\Centropus_sinensis\XC1004361-Greater-Coucal-singing-very-good-2025-06-5-Benjakiti-Park,-Bangkok,-Thailand_281_edited_segment_0017.wav",train
"XC1004361-Greater-Coucal-singing-very-good-2025-06-5-Benjakiti-Park,-Bangkok,-Thailand_281_edited_segment_0018.wav","XC1004361-Greater-Coucal-singing-very-good-2025-06-5-Benjakiti-Park,-Bangkok,-Thailand_281_edited",Greater Coucal,Centropus sinensis,"XC1004361-Greater-Coucal-singing-very-good-2025-06-5-Benjakiti-Park,-Bangkok,-Thailand_281_edited.wav",18,45.0,50.0,5,70.484,32000,"dataset\segments\Centropus_sinensis\XC1004361-Greater-Coucal-singing-very-good-2025-06-5-Benjakiti-Park,-Bangkok,-Thailand_281_edited_segment_0018.wav",train
"XC1004361-Greater-Coucal-singing-very-good-2025-06-5-Benjakiti-Park,-Bangkok,-Thailand_281_edited_segment_0019.wav","XC1004361-Greater-Coucal-singing-very-good-2025-06-5-Benjakiti-Park,-Bangkok,-Thailand_281_edited",Greater Coucal,Centropus sinensis,"XC1004361-Greater-Coucal-singing-very-good-2025-06-5-Benjakiti-Park,-Bangkok,-Thailand_281_edited.wav",19,47.5,52.5,5,70.484,32000,"dataset\segments\Centropus_sinensis\XC1004361-Greater-Coucal-singing-very-good-2025-06-5-Benjakiti-Park,-Bangkok,-Thailand_281_edited_segment_0019.wav",train
"XC1004361-Greater-Coucal-singing-very-good-2025-06-5-Benjakiti-Park,-Bangkok,-Thailand_281_edited_segment_0020.wav","XC1004361-Greater-Coucal-singing-very-good-2025-06-5-Benjakiti-Park,-Bangkok,-Thailand_281_edited",Greater Coucal,Centropus sinensis,"XC1004361-Greater-Coucal-singing-very-good-2025-06-5-Benjakiti-Park,-Bangkok,-Thailand_281_edited.wav",20,50.0,55.0,5,70.484,32000,"dataset\segments\Centropus_sinensis\XC1004361-Greater-Coucal-singing-very-good-2025-06-5-Benjakiti-Park,-Bangkok,-Thailand_281_edited_segment_0020.wav",train
"XC1004361-Greater-Coucal-singing-very-good-2025-06-5-Benjakiti-Park,-Bangkok,-Thailand_281_edited_segment_0021.wav","XC1004361-Greater-Coucal-singing-very-good-2025-06-5-Benjakiti-Park,-Bangkok,-Thailand_281_edited",Greater Coucal,Centropus sinensis,"XC1004361-Greater-Coucal-singing-very-good-2025-06-5-Benjakiti-Park,-Bangkok,-Thailand_281_edited.wav",21,52.5,57.5,5,70.484,32000,"dataset\segments\Centropus_sinensis\XC1004361-Greater-Coucal-singing-very-good-2025-06-5-Benjakiti-Park,-Bangkok,-Thailand_281_edited_segment_0021.wav",train
"XC1004361-Greater-Coucal-singing-very-good-2025-06-5-Benjakiti-Park,-Bangkok,-Thailand_281_edited_segment_0022.wav","XC1004361-Greater-Coucal-singing-very-good-2025-06-5-Benjakiti-Park,-Bangkok,-Thailand_281_edited",Greater Coucal,Centropus sinensis,"XC1004361-Greater-Coucal-singing-very-good-2025-06-5-Benjakiti-Park,-Bangkok,-Thailand_281_edited.wav",22,55.0,60.0,5,70.484,32000,"dataset\segments\Centropus_sinensis\XC1004361-Greater-Coucal-singing-very-good-2025-06-5-Benjakiti-Park,-Bangkok,-Thailand_281_edited_segment_0022.wav",train
"XC1004361-Greater-Coucal-singing-very-good-2025-06-5-Benjakiti-Park,-Bangkok,-Thailand_281_edited_segment_0023.wav","XC1004361-Greater-Coucal-singing-very-good-2025-06-5-Benjakiti-Park,-Bangkok,-Thailand_281_edited",Greater Coucal,Centropus sinensis,"XC1004361-Greater-Coucal-singing-very-good-2025-06-5-Benjakiti-Park,-Bangkok,-Thailand_281_edited.wav",23,57.5,62.5,5,70.484,32000,"dataset\segments\Centropus_sinensis\XC1004361-Greater-Coucal-singing-very-good-2025-06-5-Benjakiti-Park,-Bangkok,-Thailand_281_edited_segment_0023.wav",train
"XC1004361-Greater-Coucal-singing-very-good-2025-06-5-Benjakiti-Park,-Bangkok,-Thailand_281_edited_segment_0024.wav","XC1004361-Greater-Coucal-singing-very-good-2025-06-5-Benjakiti-Park,-Bangkok,-Thailand_281_edited",Greater Coucal,Centropus sinensis,"XC1004361-Greater-Coucal-singing-very-good-2025-06-5-Benjakiti-Park,-Bangkok,-Thailand_281_edited.wav",24,60.0,65.0,5,70.484,32000,"dataset\segments\Centropus_sinensis\XC1004361-Greater-Coucal-singing-very-good-2025-06-5-Benjakiti-Park,-Bangkok,-Thailand_281_edited_segment_0024.wav",train
"XC1004361-Greater-Coucal-singing-very-good-2025-06-5-Benjakiti-Park,-Bangkok,-Thailand_281_edited_segment_0025.wav","XC1004361-Greater-Coucal-singing-very-good-2025-06-5-Benjakiti-Park,-Bangkok,-Thailand_281_edited",Greater Coucal,Centropus sinensis,"XC1004361-Greater-Coucal-singing-very-good-2025-06-5-Benjakiti-Park,-Bangkok,-Thailand_281_edited.wav",25,62.5,67.5,5,70.484,32000,"dataset\segments\Centropus_sinensis\XC1004361-Greater-Coucal-singing-very-good-2025-06-5-Benjakiti-Park,-Bangkok,-Thailand_281_edited_segment_0025.wav",train
"XC1004361-Greater-Coucal-singing-very-good-2025-06-5-Benjakiti-Park,-Bangkok,-Thailand_281_edited_segment_0026.wav","XC1004361-Greater-Coucal-singing-very-good-2025-06-5-Benjakiti-Park,-Bangkok,-Thailand_281_edited",Greater Coucal,Centropus sinensis,"XC1004361-Greater-Coucal-singing-very-good-2025-06-5-Benjakiti-Park,-Bangkok,-Thailand_281_edited.wav",26,65.0,70.0,5,70.484,32000,"dataset\segments\Centropus_sinensis\XC1004361-Greater-Coucal-singing-very-good-2025-06-5-Benjakiti-Park,-Bangkok,-Thailand_281_edited_segment_0026.wav",train
XC1011992-Track-589_Greater-Coucal_segment_0000.wav,XC1011992-Track-589_Greater-Coucal,Greater Coucal,Centropus sinensis,XC1011992-Track-589_Greater-Coucal.wav,0,0.0,5.0,5,18.219,32000,dataset\segments\Centropus_sinensis\XC1011992-Track-589_Greater-Coucal_segment_0000.wav,train
XC1011992-Track-589_Greater-Coucal_segment_0001.wav,XC1011992-Track-589_Greater-Coucal,Greater Coucal,Centropus sinensis,XC1011992-Track-589_Greater-Coucal.wav,1,2.5,7.5,5,18.219,32000,dataset\segments\Centropus_sinensis\XC1011992-Track-589_Greater-Coucal_segment_0001.wav,train
XC1011992-Track-589_Greater-Coucal_segment_0002.wav,XC1011992-Track-589_Greater-Coucal,Greater Coucal,Centropus sinensis,XC1011992-Track-589_Greater-Coucal.wav,2,5.0,10.0,5,18.219,32000,dataset\segments\Centropus_sinensis\XC1011992-Track-589_Greater-Coucal_segment_0002.wav,train
XC1011992-Track-589_Greater-Coucal_segment_0003.wav,XC1011992-Track-589_Greater-Coucal,Greater Coucal,Centropus sinensis,XC1011992-Track-589_Greater-Coucal.wav,3,7.5,12.5,5,18.219,32000,dataset\segments\Centropus_sinensis\XC1011992-Track-589_Greater-Coucal_segment_0003.wav,train
XC1011992-Track-589_Greater-Coucal_segment_0004.wav,XC1011992-Track-589_Greater-Coucal,Greater Coucal,Centropus sinensis,XC1011992-Track-589_Greater-Coucal.wav,4,10.0,15.0,5,18.219,32000,dataset\segments\Centropus_sinensis\XC1011992-Track-589_Greater-Coucal_segment_0004.wav,train
XC1011992-Track-589_Greater-Coucal_segment_0005.wav,XC1011992-Track-589_Greater-Coucal,Greater Coucal,Centropus sinensis,XC1011992-Track-589_Greater-Coucal.wav,5,12.5,17.5,5,18.219,32000,dataset\segments\Centropus_sinensis\XC1011992-Track-589_Greater-Coucal_segment_0005.wav,train
XC1026108-Greater-Coucal_Merapoh_segment_0000.wav,XC1026108-Greater-Coucal_Merapoh,Greater Coucal,Centropus sinensis,XC1026108-Greater-Coucal_Merapoh.wav,0,0.0,5.0,5,73.005,32000,dataset\segments\Centropus_sinensis\XC1026108-Greater-Coucal_Merapoh_segment_0000.wav,train
XC1026108-Greater-Coucal_Merapoh_segment_0001.wav,XC1026108-Greater-Coucal_Merapoh,Greater Coucal,Centropus sinensis,XC1026108-Greater-Coucal_Merapoh.wav,1,2.5,7.5,5,73.005,32000,dataset\segments\Centropus_sinensis\XC1026108-Greater-Coucal_Merapoh_segment_0001.wav,train
XC1026108-Greater-Coucal_Merapoh_segment_0002.wav,XC1026108-Greater-Coucal_Merapoh,Greater Coucal,Centropus sinensis,XC1026108-Greater-Coucal_Merapoh.wav,2,5.0,10.0,5,73.005,32000,dataset\segments\Centropus_sinensis\XC1026108-Greater-Coucal_Merapoh_segment_0002.wav,train
XC1026108-Greater-Coucal_Merapoh_segment_0003.wav,XC1026108-Greater-Coucal_Merapoh,Greater Coucal,Centropus sinensis,XC1026108-Greater-Coucal_Merapoh.wav,3,7.5,12.5,5,73.005,32000,dataset\segments\Centropus_sinensis\XC1026108-Greater-Coucal_Merapoh_segment_0003.wav,train
XC1026108-Greater-Coucal_Merapoh_segment_0004.wav,XC1026108-Greater-Coucal_Merapoh,Greater Coucal,Centropus sinensis,XC1026108-Greater-Coucal_Merapoh.wav,4,10.0,15.0,5,73.005,32000,dataset\segments\Centropus_sinensis\XC1026108-Greater-Coucal_Merapoh_segment_0004.wav,train
XC1026108-Greater-Coucal_Merapoh_segment_0005.wav,XC1026108-Greater-Coucal_Merapoh,Greater Coucal,Centropus sinensis,XC1026108-Greater-Coucal_Merapoh.wav,5,12.5,17.5,5,73.005,32000,dataset\segments\Centropus_sinensis\XC1026108-Greater-Coucal_Merapoh_segment_0005.wav,train
XC1026108-Greater-Coucal_Merapoh_segment_0006.wav,XC1026108-Greater-Coucal_Merapoh,Greater Coucal,Centropus sinensis,XC1026108-Greater-Coucal_Merapoh.wav,6,15.0,20.0,5,73.005,32000,dataset\segments\Centropus_sinensis\XC1026108-Greater-Coucal_Merapoh_segment_0006.wav,train
XC1026108-Greater-Coucal_Merapoh_segment_0007.wav,XC1026108-Greater-Coucal_Merapoh,Greater Coucal,Centropus sinensis,XC1026108-Greater-Coucal_Merapoh.wav,7,17.5,22.5,5,73.005,32000,dataset\segments\Centropus_sinensis\XC1026108-Greater-Coucal_Merapoh_segment_0007.wav,train
XC1026108-Greater-Coucal_Merapoh_segment_0008.wav,XC1026108-Greater-Coucal_Merapoh,Greater Coucal,Centropus sinensis,XC1026108-Greater-Coucal_Merapoh.wav,8,20.0,25.0,5,73.005,32000,dataset\segments\Centropus_sinensis\XC1026108-Greater-Coucal_Merapoh_segment_0008.wav,train
XC1026108-Greater-Coucal_Merapoh_segment_0009.wav,XC1026108-Greater-Coucal_Merapoh,Greater Coucal,Centropus sinensis,XC1026108-Greater-Coucal_Merapoh.wav,9,22.5,27.5,5,73.005,32000,dataset\segments\Centropus_sinensis\XC1026108-Greater-Coucal_Merapoh_segment_0009.wav,train
XC1026108-Greater-Coucal_Merapoh_segment_0010.wav,XC1026108-Greater-Coucal_Merapoh,Greater Coucal,Centropus sinensis,XC1026108-Greater-Coucal_Merapoh.wav,10,25.0,30.0,5,73.005,32000,dataset\segments\Centropus_sinensis\XC1026108-Greater-Coucal_Merapoh_segment_0010.wav,train
XC1026108-Greater-Coucal_Merapoh_segment_0011.wav,XC1026108-Greater-Coucal_Merapoh,Greater Coucal,Centropus sinensis,XC1026108-Greater-Coucal_Merapoh.wav,11,27.5,32.5,5,73.005,32000,dataset\segments\Centropus_sinensis\XC1026108-Greater-Coucal_Merapoh_segment_0011.wav,train
XC1026108-Greater-Coucal_Merapoh_segment_0012.wav,XC1026108-Greater-Coucal_Merapoh,Greater Coucal,Centropus sinensis,XC1026108-Greater-Coucal_Merapoh.wav,12,30.0,35.0,5,73.005,32000,dataset\segments\Centropus_sinensis\XC1026108-Greater-Coucal_Merapoh_segment_0012.wav,train
XC1026108-Greater-Coucal_Merapoh_segment_0013.wav,XC1026108-Greater-Coucal_Merapoh,Greater Coucal,Centropus sinensis,XC1026108-Greater-Coucal_Merapoh.wav,13,32.5,37.5,5,73.005,32000,dataset\segments\Centropus_sinensis\XC1026108-Greater-Coucal_Merapoh_segment_0013.wav,train
XC1026108-Greater-Coucal_Merapoh_segment_0014.wav,XC1026108-Greater-Coucal_Merapoh,Greater Coucal,Centropus sinensis,XC1026108-Greater-Coucal_Merapoh.wav,14,35.0,40.0,5,73.005,32000,dataset\segments\Centropus_sinensis\XC1026108-Greater-Coucal_Merapoh_segment_0014.wav,train
XC1026108-Greater-Coucal_Merapoh_segment_0015.wav,XC1026108-Greater-Coucal_Merapoh,Greater Coucal,Centropus sinensis,XC1026108-Greater-Coucal_Merapoh.wav,15,37.5,42.5,5,73.005,32000,dataset\segments\Centropus_sinensis\XC1026108-Greater-Coucal_Merapoh_segment_0015.wav,train
XC1026108-Greater-Coucal_Merapoh_segment_0016.wav,XC1026108-Greater-Coucal_Merapoh,Greater Coucal,Centropus sinensis,XC1026108-Greater-Coucal_Merapoh.wav,16,40.0,45.0,5,73.005,32000,dataset\segments\Centropus_sinensis\XC1026108-Greater-Coucal_Merapoh_segment_0016.wav,train
XC1026108-Greater-Coucal_Merapoh_segment_0017.wav,XC1026108-Greater-Coucal_Merapoh,Greater Coucal,Centropus sinensis,XC1026108-Greater-Coucal_Merapoh.wav,17,42.5,47.5,5,73.005,32000,dataset\segments\Centropus_sinensis\XC1026108-Greater-Coucal_Merapoh_segment_0017.wav,train
XC1026108-Greater-Coucal_Merapoh_segment_0018.wav,XC1026108-Greater-Coucal_Merapoh,Greater Coucal,Centropus sinensis,XC1026108-Greater-Coucal_Merapoh.wav,18,45.0,50.0,5,73.005,32000,dataset\segments\Centropus_sinensis\XC1026108-Greater-Coucal_Merapoh_segment_0018.wav,train
XC1026108-Greater-Coucal_Merapoh_segment_0019.wav,XC1026108-Greater-Coucal_Merapoh,Greater Coucal,Centropus sinensis,XC1026108-Greater-Coucal_Merapoh.wav,19,47.5,52.5,5,73.005,32000,dataset\segments\Centropus_sinensis\XC1026108-Greater-Coucal_Merapoh_segment_0019.wav,train
XC1026108-Greater-Coucal_Merapoh_segment_0020.wav,XC1026108-Greater-Coucal_Merapoh,Greater Coucal,Centropus sinensis,XC1026108-Greater-Coucal_Merapoh.wav,20,50.0,55.0,5,73.005,32000,dataset\segments\Centropus_sinensis\XC1026108-Greater-Coucal_Merapoh_segment_0020.wav,train
XC1026108-Greater-Coucal_Merapoh_segment_0021.wav,XC1026108-Greater-Coucal_Merapoh,Greater Coucal,Centropus sinensis,XC1026108-Greater-Coucal_Merapoh.wav,21,52.5,57.5,5,73.005,32000,dataset\segments\Centropus_sinensis\XC1026108-Greater-Coucal_Merapoh_segment_0021.wav,train
XC1026108-Greater-Coucal_Merapoh_segment_0022.wav,XC1026108-Greater-Coucal_Merapoh,Greater Coucal,Centropus sinensis,XC1026108-Greater-Coucal_Merapoh.wav,22,55.0,60.0,5,73.005,32000,dataset\segments\Centropus_sinensis\XC1026108-Greater-Coucal_Merapoh_segment_0022.wav,train
XC1026108-Greater-Coucal_Merapoh_segment_0023.wav,XC1026108-Greater-Coucal_Merapoh,Greater Coucal,Centropus sinensis,XC1026108-Greater-Coucal_Merapoh.wav,23,57.5,62.5,5,73.005,32000,dataset\segments\Centropus_sinensis\XC1026108-Greater-Coucal_Merapoh_segment_0023.wav,train
XC1026108-Greater-Coucal_Merapoh_segment_0024.wav,XC1026108-Greater-Coucal_Merapoh,Greater Coucal,Centropus sinensis,XC1026108-Greater-Coucal_Merapoh.wav,24,60.0,65.0,5,73.005,32000,dataset\segments\Centropus_sinensis\XC1026108-Greater-Coucal_Merapoh_segment_0024.wav,train
XC1026108-Greater-Coucal_Merapoh_segment_0025.wav,XC1026108-Greater-Coucal_Merapoh,Greater Coucal,Centropus sinensis,XC1026108-Greater-Coucal_Merapoh.wav,25,62.5,67.5,5,73.005,32000,dataset\segments\Centropus_sinensis\XC1026108-Greater-Coucal_Merapoh_segment_0025.wav,train
XC1026108-Greater-Coucal_Merapoh_segment_0026.wav,XC1026108-Greater-Coucal_Merapoh,Greater Coucal,Centropus sinensis,XC1026108-Greater-Coucal_Merapoh.wav,26,65.0,70.0,5,73.005,32000,dataset\segments\Centropus_sinensis\XC1026108-Greater-Coucal_Merapoh_segment_0026.wav,train
XC1026108-Greater-Coucal_Merapoh_segment_0027.wav,XC1026108-Greater-Coucal_Merapoh,Greater Coucal,Centropus sinensis,XC1026108-Greater-Coucal_Merapoh.wav,27,67.5,72.5,5,73.005,32000,dataset\segments\Centropus_sinensis\XC1026108-Greater-Coucal_Merapoh_segment_0027.wav,train
XC1027879-Greater-Coucal_Merapoh_segment_0000.wav,XC1027879-Greater-Coucal_Merapoh,Greater Coucal,Centropus sinensis,XC1027879-Greater-Coucal_Merapoh.wav,0,0.0,5.0,5,36.299,32000,dataset\segments\Centropus_sinensis\XC1027879-Greater-Coucal_Merapoh_segment_0000.wav,train
XC1027879-Greater-Coucal_Merapoh_segment_0001.wav,XC1027879-Greater-Coucal_Merapoh,Greater Coucal,Centropus sinensis,XC1027879-Greater-Coucal_Merapoh.wav,1,2.5,7.5,5,36.299,32000,dataset\segments\Centropus_sinensis\XC1027879-Greater-Coucal_Merapoh_segment_0001.wav,train
XC1027879-Greater-Coucal_Merapoh_segment_0002.wav,XC1027879-Greater-Coucal_Merapoh,Greater Coucal,Centropus sinensis,XC1027879-Greater-Coucal_Merapoh.wav,2,5.0,10.0,5,36.299,32000,dataset\segments\Centropus_sinensis\XC1027879-Greater-Coucal_Merapoh_segment_0002.wav,train
XC1027879-Greater-Coucal_Merapoh_segment_0003.wav,XC1027879-Greater-Coucal_Merapoh,Greater Coucal,Centropus sinensis,XC1027879-Greater-Coucal_Merapoh.wav,3,7.5,12.5,5,36.299,32000,dataset\segments\Centropus_sinensis\XC1027879-Greater-Coucal_Merapoh_segment_0003.wav,train
XC1027879-Greater-Coucal_Merapoh_segment_0004.wav,XC1027879-Greater-Coucal_Merapoh,Greater Coucal,Centropus sinensis,XC1027879-Greater-Coucal_Merapoh.wav,4,10.0,15.0,5,36.299,32000,dataset\segments\Centropus_sinensis\XC1027879-Greater-Coucal_Merapoh_segment_0004.wav,train
XC1027879-Greater-Coucal_Merapoh_segment_0005.wav,XC1027879-Greater-Coucal_Merapoh,Greater Coucal,Centropus sinensis,XC1027879-Greater-Coucal_Merapoh.wav,5,12.5,17.5,5,36.299,32000,dataset\segments\Centropus_sinensis\XC1027879-Greater-Coucal_Merapoh_segment_0005.wav,train
XC1027879-Greater-Coucal_Merapoh_segment_0006.wav,XC1027879-Greater-Coucal_Merapoh,Greater Coucal,Centropus sinensis,XC1027879-Greater-Coucal_Merapoh.wav,6,15.0,20.0,5,36.299,32000,dataset\segments\Centropus_sinensis\XC1027879-Greater-Coucal_Merapoh_segment_0006.wav,train
XC1027879-Greater-Coucal_Merapoh_segment_0007.wav,XC1027879-Greater-Coucal_Merapoh,Greater Coucal,Centropus sinensis,XC1027879-Greater-Coucal_Merapoh.wav,7,17.5,22.5,5,36.299,32000,dataset\segments\Centropus_sinensis\XC1027879-Greater-Coucal_Merapoh_segment_0007.wav,train
XC1027879-Greater-Coucal_Merapoh_segment_0008.wav,XC1027879-Greater-Coucal_Merapoh,Greater Coucal,Centropus sinensis,XC1027879-Greater-Coucal_Merapoh.wav,8,20.0,25.0,5,36.299,32000,dataset\segments\Centropus_sinensis\XC1027879-Greater-Coucal_Merapoh_segment_0008.wav,train
XC1027879-Greater-Coucal_Merapoh_segment_0009.wav,XC1027879-Greater-Coucal_Merapoh,Greater Coucal,Centropus sinensis,XC1027879-Greater-Coucal_Merapoh.wav,9,22.5,27.5,5,36.299,32000,dataset\segments\Centropus_sinensis\XC1027879-Greater-Coucal_Merapoh_segment_0009.wav,train
XC1027879-Greater-Coucal_Merapoh_segment_0010.wav,XC1027879-Greater-Coucal_Merapoh,Greater Coucal,Centropus sinensis,XC1027879-Greater-Coucal_Merapoh.wav,10,25.0,30.0,5,36.299,32000,dataset\segments\Centropus_sinensis\XC1027879-Greater-Coucal_Merapoh_segment_0010.wav,train
XC1027879-Greater-Coucal_Merapoh_segment_0011.wav,XC1027879-Greater-Coucal_Merapoh,Greater Coucal,Centropus sinensis,XC1027879-Greater-Coucal_Merapoh.wav,11,27.5,32.5,5,36.299,32000,dataset\segments\Centropus_sinensis\XC1027879-Greater-Coucal_Merapoh_segment_0011.wav,train
XC1027879-Greater-Coucal_Merapoh_segment_0012.wav,XC1027879-Greater-Coucal_Merapoh,Greater Coucal,Centropus sinensis,XC1027879-Greater-Coucal_Merapoh.wav,12,30.0,35.0,5,36.299,32000,dataset\segments\Centropus_sinensis\XC1027879-Greater-Coucal_Merapoh_segment_0012.wav,train
XC1071096-20260105-0744-01-褐翅鴉鵑-edit_segment_0000.wav,XC1071096-20260105-0744-01-褐翅鴉鵑-edit,Greater Coucal,Centropus sinensis,XC1071096-20260105-0744-01-褐翅鴉鵑-edit.wav,0,0.0,5.0,5,12.423,32000,dataset\segments\Centropus_sinensis\XC1071096-20260105-0744-01-褐翅鴉鵑-edit_segment_0000.wav,train
XC1071096-20260105-0744-01-褐翅鴉鵑-edit_segment_0001.wav,XC1071096-20260105-0744-01-褐翅鴉鵑-edit,Greater Coucal,Centropus sinensis,XC1071096-20260105-0744-01-褐翅鴉鵑-edit.wav,1,2.5,7.5,5,12.423,32000,dataset\segments\Centropus_sinensis\XC1071096-20260105-0744-01-褐翅鴉鵑-edit_segment_0001.wav,train
XC1071096-20260105-0744-01-褐翅鴉鵑-edit_segment_0002.wav,XC1071096-20260105-0744-01-褐翅鴉鵑-edit,Greater Coucal,Centropus sinensis,XC1071096-20260105-0744-01-褐翅鴉鵑-edit.wav,2,5.0,10.0,5,12.423,32000,dataset\segments\Centropus_sinensis\XC1071096-20260105-0744-01-褐翅鴉鵑-edit_segment_0002.wav,train
XC1071393-Greater-Coucal-20260103-Perlis-xeno_segment_0000.wav,XC1071393-Greater-Coucal-20260103-Perlis-xeno,Greater Coucal,Centropus sinensis,XC1071393-Greater-Coucal-20260103-Perlis-xeno.wav,0,0.0,5.0,5,49.547,32000,dataset\segments\Centropus_sinensis\XC1071393-Greater-Coucal-20260103-Perlis-xeno_segment_0000.wav,train
XC1071393-Greater-Coucal-20260103-Perlis-xeno_segment_0001.wav,XC1071393-Greater-Coucal-20260103-Perlis-xeno,Greater Coucal,Centropus sinensis,XC1071393-Greater-Coucal-20260103-Perlis-xeno.wav,1,2.5,7.5,5,49.547,32000,dataset\segments\Centropus_sinensis\XC1071393-Greater-Coucal-20260103-Perlis-xeno_segment_0001.wav,train
XC1071393-Greater-Coucal-20260103-Perlis-xeno_segment_0002.wav,XC1071393-Greater-Coucal-20260103-Perlis-xeno,Greater Coucal,Centropus sinensis,XC1071393-Greater-Coucal-20260103-Perlis-xeno.wav,2,5.0,10.0,5,49.547,32000,dataset\segments\Centropus_sinensis\XC1071393-Greater-Coucal-20260103-Perlis-xeno_segment_0002.wav,train
XC1071393-Greater-Coucal-20260103-Perlis-xeno_segment_0003.wav,XC1071393-Greater-Coucal-20260103-Perlis-xeno,Greater Coucal,Centropus sinensis,XC1071393-Greater-Coucal-20260103-Perlis-xeno.wav,3,7.5,12.5,5,49.547,32000,dataset\segments\Centropus_sinensis\XC1071393-Greater-Coucal-20260103-Perlis-xeno_segment_0003.wav,train
XC1071393-Greater-Coucal-20260103-Perlis-xeno_segment_0004.wav,XC1071393-Greater-Coucal-20260103-Perlis-xeno,Greater Coucal,Centropus sinensis,XC1071393-Greater-Coucal-20260103-Perlis-xeno.wav,4,10.0,15.0,5,49.547,32000,dataset\segments\Centropus_sinensis\XC1071393-Greater-Coucal-20260103-Perlis-xeno_segment_0004.wav,train
XC1071393-Greater-Coucal-20260103-Perlis-xeno_segment_0005.wav,XC1071393-Greater-Coucal-20260103-Perlis-xeno,Greater Coucal,Centropus sinensis,XC1071393-Greater-Coucal-20260103-Perlis-xeno.wav,5,12.5,17.5,5,49.547,32000,dataset\segments\Centropus_sinensis\XC1071393-Greater-Coucal-20260103-Perlis-xeno_segment_0005.wav,train
XC1071393-Greater-Coucal-20260103-Perlis-xeno_segment_0006.wav,XC1071393-Greater-Coucal-20260103-Perlis-xeno,Greater Coucal,Centropus sinensis,XC1071393-Greater-Coucal-20260103-Perlis-xeno.wav,6,15.0,20.0,5,49.547,32000,dataset\segments\Centropus_sinensis\XC1071393-Greater-Coucal-20260103-Perlis-xeno_segment_0006.wav,train
XC1071393-Greater-Coucal-20260103-Perlis-xeno_segment_0007.wav,XC1071393-Greater-Coucal-20260103-Perlis-xeno,Greater Coucal,Centropus sinensis,XC1071393-Greater-Coucal-20260103-Perlis-xeno.wav,7,17.5,22.5,5,49.547,32000,dataset\segments\Centropus_sinensis\XC1071393-Greater-Coucal-20260103-Perlis-xeno_segment_0007.wav,train
XC1071393-Greater-Coucal-20260103-Perlis-xeno_segment_0008.wav,XC1071393-Greater-Coucal-20260103-Perlis-xeno,Greater Coucal,Centropus sinensis,XC1071393-Greater-Coucal-20260103-Perlis-xeno.wav,8,20.0,25.0,5,49.547,32000,dataset\segments\Centropus_sinensis\XC1071393-Greater-Coucal-20260103-Perlis-xeno_segment_0008.wav,train
XC1071393-Greater-Coucal-20260103-Perlis-xeno_segment_0009.wav,XC1071393-Greater-Coucal-20260103-Perlis-xeno,Greater Coucal,Centropus sinensis,XC1071393-Greater-Coucal-20260103-Perlis-xeno.wav,9,22.5,27.5,5,49.547,32000,dataset\segments\Centropus_sinensis\XC1071393-Greater-Coucal-20260103-Perlis-xeno_segment_0009.wav,train
XC1071393-Greater-Coucal-20260103-Perlis-xeno_segment_0010.wav,XC1071393-Greater-Coucal-20260103-Perlis-xeno,Greater Coucal,Centropus sinensis,XC1071393-Greater-Coucal-20260103-Perlis-xeno.wav,10,25.0,30.0,5,49.547,32000,dataset\segments\Centropus_sinensis\XC1071393-Greater-Coucal-20260103-Perlis-xeno_segment_0010.wav,train
XC1071393-Greater-Coucal-20260103-Perlis-xeno_segment_0011.wav,XC1071393-Greater-Coucal-20260103-Perlis-xeno,Greater Coucal,Centropus sinensis,XC1071393-Greater-Coucal-20260103-Perlis-xeno.wav,11,27.5,32.5,5,49.547,32000,dataset\segments\Centropus_sinensis\XC1071393-Greater-Coucal-20260103-Perlis-xeno_segment_0011.wav,train
XC1071393-Greater-Coucal-20260103-Perlis-xeno_segment_0012.wav,XC1071393-Greater-Coucal-20260103-Perlis-xeno,Greater Coucal,Centropus sinensis,XC1071393-Greater-Coucal-20260103-Perlis-xeno.wav,12,30.0,35.0,5,49.547,32000,dataset\segments\Centropus_sinensis\XC1071393-Greater-Coucal-20260103-Perlis-xeno_segment_0012.wav,train
XC1071393-Greater-Coucal-20260103-Perlis-xeno_segment_0013.wav,XC1071393-Greater-Coucal-20260103-Perlis-xeno,Greater Coucal,Centropus sinensis,XC1071393-Greater-Coucal-20260103-Perlis-xeno.wav,13,32.5,37.5,5,49.547,32000,dataset\segments\Centropus_sinensis\XC1071393-Greater-Coucal-20260103-Perlis-xeno_segment_0013.wav,train
XC1071393-Greater-Coucal-20260103-Perlis-xeno_segment_0014.wav,XC1071393-Greater-Coucal-20260103-Perlis-xeno,Greater Coucal,Centropus sinensis,XC1071393-Greater-Coucal-20260103-Perlis-xeno.wav,14,35.0,40.0,5,49.547,32000,dataset\segments\Centropus_sinensis\XC1071393-Greater-Coucal-20260103-Perlis-xeno_segment_0014.wav,train
XC1071393-Greater-Coucal-20260103-Perlis-xeno_segment_0015.wav,XC1071393-Greater-Coucal-20260103-Perlis-xeno,Greater Coucal,Centropus sinensis,XC1071393-Greater-Coucal-20260103-Perlis-xeno.wav,15,37.5,42.5,5,49.547,32000,dataset\segments\Centropus_sinensis\XC1071393-Greater-Coucal-20260103-Perlis-xeno_segment_0015.wav,train
XC1071393-Greater-Coucal-20260103-Perlis-xeno_segment_0016.wav,XC1071393-Greater-Coucal-20260103-Perlis-xeno,Greater Coucal,Centropus sinensis,XC1071393-Greater-Coucal-20260103-Perlis-xeno.wav,16,40.0,45.0,5,49.547,32000,dataset\segments\Centropus_sinensis\XC1071393-Greater-Coucal-20260103-Perlis-xeno_segment_0016.wav,train
XC1071393-Greater-Coucal-20260103-Perlis-xeno_segment_0017.wav,XC1071393-Greater-Coucal-20260103-Perlis-xeno,Greater Coucal,Centropus sinensis,XC1071393-Greater-Coucal-20260103-Perlis-xeno.wav,17,42.5,47.5,5,49.547,32000,dataset\segments\Centropus_sinensis\XC1071393-Greater-Coucal-20260103-Perlis-xeno_segment_0017.wav,train
XC1077516-grand-coucal-27jan-7h34_segment_0000.wav,XC1077516-grand-coucal-27jan-7h34,Greater Coucal,Centropus sinensis,XC1077516-grand-coucal-27jan-7h34.wav,0,0.0,5.0,5,63.329,32000,dataset\segments\Centropus_sinensis\XC1077516-grand-coucal-27jan-7h34_segment_0000.wav,train
XC1077516-grand-coucal-27jan-7h34_segment_0001.wav,XC1077516-grand-coucal-27jan-7h34,Greater Coucal,Centropus sinensis,XC1077516-grand-coucal-27jan-7h34.wav,1,2.5,7.5,5,63.329,32000,dataset\segments\Centropus_sinensis\XC1077516-grand-coucal-27jan-7h34_segment_0001.wav,train
XC1077516-grand-coucal-27jan-7h34_segment_0002.wav,XC1077516-grand-coucal-27jan-7h34,Greater Coucal,Centropus sinensis,XC1077516-grand-coucal-27jan-7h34.wav,2,5.0,10.0,5,63.329,32000,dataset\segments\Centropus_sinensis\XC1077516-grand-coucal-27jan-7h34_segment_0002.wav,train
XC1077516-grand-coucal-27jan-7h34_segment_0003.wav,XC1077516-grand-coucal-27jan-7h34,Greater Coucal,Centropus sinensis,XC1077516-grand-coucal-27jan-7h34.wav,3,7.5,12.5,5,63.329,32000,dataset\segments\Centropus_sinensis\XC1077516-grand-coucal-27jan-7h34_segment_0003.wav,train
XC1077516-grand-coucal-27jan-7h34_segment_0004.wav,XC1077516-grand-coucal-27jan-7h34,Greater Coucal,Centropus sinensis,XC1077516-grand-coucal-27jan-7h34.wav,4,10.0,15.0,5,63.329,32000,dataset\segments\Centropus_sinensis\XC1077516-grand-coucal-27jan-7h34_segment_0004.wav,train
XC1077516-grand-coucal-27jan-7h34_segment_0005.wav,XC1077516-grand-coucal-27jan-7h34,Greater Coucal,Centropus sinensis,XC1077516-grand-coucal-27jan-7h34.wav,5,12.5,17.5,5,63.329,32000,dataset\segments\Centropus_sinensis\XC1077516-grand-coucal-27jan-7h34_segment_0005.wav,train
XC1077516-grand-coucal-27jan-7h34_segment_0006.wav,XC1077516-grand-coucal-27jan-7h34,Greater Coucal,Centropus sinensis,XC1077516-grand-coucal-27jan-7h34.wav,6,15.0,20.0,5,63.329,32000,dataset\segments\Centropus_sinensis\XC1077516-grand-coucal-27jan-7h34_segment_0006.wav,train
XC1077516-grand-coucal-27jan-7h34_segment_0007.wav,XC1077516-grand-coucal-27jan-7h34,Greater Coucal,Centropus sinensis,XC1077516-grand-coucal-27jan-7h34.wav,7,17.5,22.5,5,63.329,32000,dataset\segments\Centropus_sinensis\XC1077516-grand-coucal-27jan-7h34_segment_0007.wav,train
XC1077516-grand-coucal-27jan-7h34_segment_0008.wav,XC1077516-grand-coucal-27jan-7h34,Greater Coucal,Centropus sinensis,XC1077516-grand-coucal-27jan-7h34.wav,8,20.0,25.0,5,63.329,32000,dataset\segments\Centropus_sinensis\XC1077516-grand-coucal-27jan-7h34_segment_0008.wav,train
XC1077516-grand-coucal-27jan-7h34_segment_0009.wav,XC1077516-grand-coucal-27jan-7h34,Greater Coucal,Centropus sinensis,XC1077516-grand-coucal-27jan-7h34.wav,9,22.5,27.5,5,63.329,32000,dataset\segments\Centropus_sinensis\XC1077516-grand-coucal-27jan-7h34_segment_0009.wav,train
XC1077516-grand-coucal-27jan-7h34_segment_0010.wav,XC1077516-grand-coucal-27jan-7h34,Greater Coucal,Centropus sinensis,XC1077516-grand-coucal-27jan-7h34.wav,10,25.0,30.0,5,63.329,32000,dataset\segments\Centropus_sinensis\XC1077516-grand-coucal-27jan-7h34_segment_0010.wav,train
XC1077516-grand-coucal-27jan-7h34_segment_0011.wav,XC1077516-grand-coucal-27jan-7h34,Greater Coucal,Centropus sinensis,XC1077516-grand-coucal-27jan-7h34.wav,11,27.5,32.5,5,63.329,32000,dataset\segments\Centropus_sinensis\XC1077516-grand-coucal-27jan-7h34_segment_0011.wav,train
XC1077516-grand-coucal-27jan-7h34_segment_0012.wav,XC1077516-grand-coucal-27jan-7h34,Greater Coucal,Centropus sinensis,XC1077516-grand-coucal-27jan-7h34.wav,12,30.0,35.0,5,63.329,32000,dataset\segments\Centropus_sinensis\XC1077516-grand-coucal-27jan-7h34_segment_0012.wav,train
XC1077516-grand-coucal-27jan-7h34_segment_0013.wav,XC1077516-grand-coucal-27jan-7h34,Greater Coucal,Centropus sinensis,XC1077516-grand-coucal-27jan-7h34.wav,13,32.5,37.5,5,63.329,32000,dataset\segments\Centropus_sinensis\XC1077516-grand-coucal-27jan-7h34_segment_0013.wav,train
XC1077516-grand-coucal-27jan-7h34_segment_0014.wav,XC1077516-grand-coucal-27jan-7h34,Greater Coucal,Centropus sinensis,XC1077516-grand-coucal-27jan-7h34.wav,14,35.0,40.0,5,63.329,32000,dataset\segments\Centropus_sinensis\XC1077516-grand-coucal-27jan-7h34_segment_0014.wav,train
XC1077516-grand-coucal-27jan-7h34_segment_0015.wav,XC1077516-grand-coucal-27jan-7h34,Greater Coucal,Centropus sinensis,XC1077516-grand-coucal-27jan-7h34.wav,15,37.5,42.5,5,63.329,32000,dataset\segments\Centropus_sinensis\XC1077516-grand-coucal-27jan-7h34_segment_0015.wav,train
XC1077516-grand-coucal-27jan-7h34_segment_0016.wav,XC1077516-grand-coucal-27jan-7h34,Greater Coucal,Centropus sinensis,XC1077516-grand-coucal-27jan-7h34.wav,16,40.0,45.0,5,63.329,32000,dataset\segments\Centropus_sinensis\XC1077516-grand-coucal-27jan-7h34_segment_0016.wav,train
XC1077516-grand-coucal-27jan-7h34_segment_0017.wav,XC1077516-grand-coucal-27jan-7h34,Greater Coucal,Centropus sinensis,XC1077516-grand-coucal-27jan-7h34.wav,17,42.5,47.5,5,63.329,32000,dataset\segments\Centropus_sinensis\XC1077516-grand-coucal-27jan-7h34_segment_0017.wav,train
XC1077516-grand-coucal-27jan-7h34_segment_0018.wav,XC1077516-grand-coucal-27jan-7h34,Greater Coucal,Centropus sinensis,XC1077516-grand-coucal-27jan-7h34.wav,18,45.0,50.0,5,63.329,32000,dataset\segments\Centropus_sinensis\XC1077516-grand-coucal-27jan-7h34_segment_0018.wav,train
XC1077516-grand-coucal-27jan-7h34_segment_0019.wav,XC1077516-grand-coucal-27jan-7h34,Greater Coucal,Centropus sinensis,XC1077516-grand-coucal-27jan-7h34.wav,19,47.5,52.5,5,63.329,32000,dataset\segments\Centropus_sinensis\XC1077516-grand-coucal-27jan-7h34_segment_0019.wav,train
XC1077516-grand-coucal-27jan-7h34_segment_0020.wav,XC1077516-grand-coucal-27jan-7h34,Greater Coucal,Centropus sinensis,XC1077516-grand-coucal-27jan-7h34.wav,20,50.0,55.0,5,63.329,32000,dataset\segments\Centropus_sinensis\XC1077516-grand-coucal-27jan-7h34_segment_0020.wav,train
XC1077516-grand-coucal-27jan-7h34_segment_0021.wav,XC1077516-grand-coucal-27jan-7h34,Greater Coucal,Centropus sinensis,XC1077516-grand-coucal-27jan-7h34.wav,21,52.5,57.5,5,63.329,32000,dataset\segments\Centropus_sinensis\XC1077516-grand-coucal-27jan-7h34_segment_0021.wav,train
XC1077516-grand-coucal-27jan-7h34_segment_0022.wav,XC1077516-grand-coucal-27jan-7h34,Greater Coucal,Centropus sinensis,XC1077516-grand-coucal-27jan-7h34.wav,22,55.0,60.0,5,63.329,32000,dataset\segments\Centropus_sinensis\XC1077516-grand-coucal-27jan-7h34_segment_0022.wav,train
XC1077516-grand-coucal-27jan-7h34_segment_0023.wav,XC1077516-grand-coucal-27jan-7h34,Greater Coucal,Centropus sinensis,XC1077516-grand-coucal-27jan-7h34.wav,23,57.5,62.5,5,63.329,32000,dataset\segments\Centropus_sinensis\XC1077516-grand-coucal-27jan-7h34_segment_0023.wav,train
XC1077928-greatercouc_1606_segment_0000.wav,XC1077928-greatercouc_1606,Greater Coucal,Centropus sinensis,XC1077928-greatercouc_1606.wav,0,0.0,5.0,5,5.151,32000,dataset\segments\Centropus_sinensis\XC1077928-greatercouc_1606_segment_0000.wav,train
XC1151938-褐翅鸦鹃song-温州三垟湿地-20260602-5_segment_0000.wav,XC1151938-褐翅鸦鹃song-温州三垟湿地-20260602-5,Greater Coucal,Centropus sinensis,XC1151938-褐翅鸦鹃song-温州三垟湿地-20260602-5.wav,0,0.0,5.0,5,78.332,32000,dataset\segments\Centropus_sinensis\XC1151938-褐翅鸦鹃song-温州三垟湿地-20260602-5_segment_0000.wav,train
XC1151938-褐翅鸦鹃song-温州三垟湿地-20260602-5_segment_0001.wav,XC1151938-褐翅鸦鹃song-温州三垟湿地-20260602-5,Greater Coucal,Centropus sinensis,XC1151938-褐翅鸦鹃song-温州三垟湿地-20260602-5.wav,1,2.5,7.5,5,78.332,32000,dataset\segments\Centropus_sinensis\XC1151938-褐翅鸦鹃song-温州三垟湿地-20260602-5_segment_0001.wav,train
XC1151938-褐翅鸦鹃song-温州三垟湿地-20260602-5_segment_0002.wav,XC1151938-褐翅鸦鹃song-温州三垟湿地-20260602-5,Greater Coucal,Centropus sinensis,XC1151938-褐翅鸦鹃song-温州三垟湿地-20260602-5.wav,2,5.0,10.0,5,78.332,32000,dataset\segments\Centropus_sinensis\XC1151938-褐翅鸦鹃song-温州三垟湿地-20260602-5_segment_0002.wav,train
XC1151938-褐翅鸦鹃song-温州三垟湿地-20260602-5_segment_0003.wav,XC1151938-褐翅鸦鹃song-温州三垟湿地-20260602-5,Greater Coucal,Centropus sinensis,XC1151938-褐翅鸦鹃song-温州三垟湿地-20260602-5.wav,3,7.5,12.5,5,78.332,32000,dataset\segments\Centropus_sinensis\XC1151938-褐翅鸦鹃song-温州三垟湿地-20260602-5_segment_0003.wav,train
XC1151938-褐翅鸦鹃song-温州三垟湿地-20260602-5_segment_0004.wav,XC1151938-褐翅鸦鹃song-温州三垟湿地-20260602-5,Greater Coucal,Centropus sinensis,XC1151938-褐翅鸦鹃song-温州三垟湿地-20260602-5.wav,4,10.0,15.0,5,78.332,32000,dataset\segments\Centropus_sinensis\XC1151938-褐翅鸦鹃song-温州三垟湿地-20260602-5_segment_0004.wav,train
XC1151938-褐翅鸦鹃song-温州三垟湿地-20260602-5_segment_0005.wav,XC1151938-褐翅鸦鹃song-温州三垟湿地-20260602-5,Greater Coucal,Centropus sinensis,XC1151938-褐翅鸦鹃song-温州三垟湿地-20260602-5.wav,5,12.5,17.5,5,78.332,32000,dataset\segments\Centropus_sinensis\XC1151938-褐翅鸦鹃song-温州三垟湿地-20260602-5_segment_0005.wav,train
XC1151938-褐翅鸦鹃song-温州三垟湿地-20260602-5_segment_0006.wav,XC1151938-褐翅鸦鹃song-温州三垟湿地-20260602-5,Greater Coucal,Centropus sinensis,XC1151938-褐翅鸦鹃song-温州三垟湿地-20260602-5.wav,6,15.0,20.0,5,78.332,32000,dataset\segments\Centropus_sinensis\XC1151938-褐翅鸦鹃song-温州三垟湿地-20260602-5_segment_0006.wav,train
XC1151938-褐翅鸦鹃song-温州三垟湿地-20260602-5_segment_0007.wav,XC1151938-褐翅鸦鹃song-温州三垟湿地-20260602-5,Greater Coucal,Centropus sinensis,XC1151938-褐翅鸦鹃song-温州三垟湿地-20260602-5.wav,7,17.5,22.5,5,78.332,32000,dataset\segments\Centropus_sinensis\XC1151938-褐翅鸦鹃song-温州三垟湿地-20260602-5_segment_0007.wav,train
XC1151938-褐翅鸦鹃song-温州三垟湿地-20260602-5_segment_0008.wav,XC1151938-褐翅鸦鹃song-温州三垟湿地-20260602-5,Greater Coucal,Centropus sinensis,XC1151938-褐翅鸦鹃song-温州三垟湿地-20260602-5.wav,8,20.0,25.0,5,78.332,32000,dataset\segments\Centropus_sinensis\XC1151938-褐翅鸦鹃song-温州三垟湿地-20260602-5_segment_0008.wav,train
XC1151938-褐翅鸦鹃song-温州三垟湿地-20260602-5_segment_0009.wav,XC1151938-褐翅鸦鹃song-温州三垟湿地-20260602-5,Greater Coucal,Centropus sinensis,XC1151938-褐翅鸦鹃song-温州三垟湿地-20260602-5.wav,9,22.5,27.5,5,78.332,32000,dataset\segments\Centropus_sinensis\XC1151938-褐翅鸦鹃song-温州三垟湿地-20260602-5_segment_0009.wav,train
XC1151938-褐翅鸦鹃song-温州三垟湿地-20260602-5_segment_0010.wav,XC1151938-褐翅鸦鹃song-温州三垟湿地-20260602-5,Greater Coucal,Centropus sinensis,XC1151938-褐翅鸦鹃song-温州三垟湿地-20260602-5.wav,10,25.0,30.0,5,78.332,32000,dataset\segments\Centropus_sinensis\XC1151938-褐翅鸦鹃song-温州三垟湿地-20260602-5_segment_0010.wav,train
XC1151938-褐翅鸦鹃song-温州三垟湿地-20260602-5_segment_0011.wav,XC1151938-褐翅鸦鹃song-温州三垟湿地-20260602-5,Greater Coucal,Centropus sinensis,XC1151938-褐翅鸦鹃song-温州三垟湿地-20260602-5.wav,11,27.5,32.5,5,78.332,32000,dataset\segments\Centropus_sinensis\XC1151938-褐翅鸦鹃song-温州三垟湿地-20260602-5_segment_0011.wav,train
XC1151938-褐翅鸦鹃song-温州三垟湿地-20260602-5_segment_0012.wav,XC1151938-褐翅鸦鹃song-温州三垟湿地-20260602-5,Greater Coucal,Centropus sinensis,XC1151938-褐翅鸦鹃song-温州三垟湿地-20260602-5.wav,12,30.0,35.0,5,78.332,32000,dataset\segments\Centropus_sinensis\XC1151938-褐翅鸦鹃song-温州三垟湿地-20260602-5_segment_0012.wav,train
XC1151938-褐翅鸦鹃song-温州三垟湿地-20260602-5_segment_0013.wav,XC1151938-褐翅鸦鹃song-温州三垟湿地-20260602-5,Greater Coucal,Centropus sinensis,XC1151938-褐翅鸦鹃song-温州三垟湿地-20260602-5.wav,13,32.5,37.5,5,78.332,32000,dataset\segments\Centropus_sinensis\XC1151938-褐翅鸦鹃song-温州三垟湿地-20260602-5_segment_0013.wav,train
XC1151938-褐翅鸦鹃song-温州三垟湿地-20260602-5_segment_0014.wav,XC1151938-褐翅鸦鹃song-温州三垟湿地-20260602-5,Greater Coucal,Centropus sinensis,XC1151938-褐翅鸦鹃song-温州三垟湿地-20260602-5.wav,14,35.0,40.0,5,78.332,32000,dataset\segments\Centropus_sinensis\XC1151938-褐翅鸦鹃song-温州三垟湿地-20260602-5_segment_0014.wav,train
XC1151938-褐翅鸦鹃song-温州三垟湿地-20260602-5_segment_0015.wav,XC1151938-褐翅鸦鹃song-温州三垟湿地-20260602-5,Greater Coucal,Centropus sinensis,XC1151938-褐翅鸦鹃song-温州三垟湿地-20260602-5.wav,15,37.5,42.5,5,78.332,32000,dataset\segments\Centropus_sinensis\XC1151938-褐翅鸦鹃song-温州三垟湿地-20260602-5_segment_0015.wav,train
XC1151938-褐翅鸦鹃song-温州三垟湿地-20260602-5_segment_0016.wav,XC1151938-褐翅鸦鹃song-温州三垟湿地-20260602-5,Greater Coucal,Centropus sinensis,XC1151938-褐翅鸦鹃song-温州三垟湿地-20260602-5.wav,16,40.0,45.0,5,78.332,32000,dataset\segments\Centropus_sinensis\XC1151938-褐翅鸦鹃song-温州三垟湿地-20260602-5_segment_0016.wav,train
XC1151938-褐翅鸦鹃song-温州三垟湿地-20260602-5_segment_0017.wav,XC1151938-褐翅鸦鹃song-温州三垟湿地-20260602-5,Greater Coucal,Centropus sinensis,XC1151938-褐翅鸦鹃song-温州三垟湿地-20260602-5.wav,17,42.5,47.5,5,78.332,32000,dataset\segments\Centropus_sinensis\XC1151938-褐翅鸦鹃song-温州三垟湿地-20260602-5_segment_0017.wav,train
XC1151938-褐翅鸦鹃song-温州三垟湿地-20260602-5_segment_0018.wav,XC1151938-褐翅鸦鹃song-温州三垟湿地-20260602-5,Greater Coucal,Centropus sinensis,XC1151938-褐翅鸦鹃song-温州三垟湿地-20260602-5.wav,18,45.0,50.0,5,78.332,32000,dataset\segments\Centropus_sinensis\XC1151938-褐翅鸦鹃song-温州三垟湿地-20260602-5_segment_0018.wav,train
XC1151938-褐翅鸦鹃song-温州三垟湿地-20260602-5_segment_0019.wav,XC1151938-褐翅鸦鹃song-温州三垟湿地-20260602-5,Greater Coucal,Centropus sinensis,XC1151938-褐翅鸦鹃song-温州三垟湿地-20260602-5.wav,19,47.5,52.5,5,78.332,32000,dataset\segments\Centropus_sinensis\XC1151938-褐翅鸦鹃song-温州三垟湿地-20260602-5_segment_0019.wav,train
XC1151938-褐翅鸦鹃song-温州三垟湿地-20260602-5_segment_0020.wav,XC1151938-褐翅鸦鹃song-温州三垟湿地-20260602-5,Greater Coucal,Centropus sinensis,XC1151938-褐翅鸦鹃song-温州三垟湿地-20260602-5.wav,20,50.0,55.0,5,78.332,32000,dataset\segments\Centropus_sinensis\XC1151938-褐翅鸦鹃song-温州三垟湿地-20260602-5_segment_0020.wav,train
XC1151938-褐翅鸦鹃song-温州三垟湿地-20260602-5_segment_0021.wav,XC1151938-褐翅鸦鹃song-温州三垟湿地-20260602-5,Greater Coucal,Centropus sinensis,XC1151938-褐翅鸦鹃song-温州三垟湿地-20260602-5.wav,21,52.5,57.5,5,78.332,32000,dataset\segments\Centropus_sinensis\XC1151938-褐翅鸦鹃song-温州三垟湿地-20260602-5_segment_0021.wav,train
XC1151938-褐翅鸦鹃song-温州三垟湿地-20260602-5_segment_0022.wav,XC1151938-褐翅鸦鹃song-温州三垟湿地-20260602-5,Greater Coucal,Centropus sinensis,XC1151938-褐翅鸦鹃song-温州三垟湿地-20260602-5.wav,22,55.0,60.0,5,78.332,32000,dataset\segments\Centropus_sinensis\XC1151938-褐翅鸦鹃song-温州三垟湿地-20260602-5_segment_0022.wav,train
XC1151938-褐翅鸦鹃song-温州三垟湿地-20260602-5_segment_0023.wav,XC1151938-褐翅鸦鹃song-温州三垟湿地-20260602-5,Greater Coucal,Centropus sinensis,XC1151938-褐翅鸦鹃song-温州三垟湿地-20260602-5.wav,23,57.5,62.5,5,78.332,32000,dataset\segments\Centropus_sinensis\XC1151938-褐翅鸦鹃song-温州三垟湿地-20260602-5_segment_0023.wav,train
XC1151938-褐翅鸦鹃song-温州三垟湿地-20260602-5_segment_0024.wav,XC1151938-褐翅鸦鹃song-温州三垟湿地-20260602-5,Greater Coucal,Centropus sinensis,XC1151938-褐翅鸦鹃song-温州三垟湿地-20260602-5.wav,24,60.0,65.0,5,78.332,32000,dataset\segments\Centropus_sinensis\XC1151938-褐翅鸦鹃song-温州三垟湿地-20260602-5_segment_0024.wav,train
XC1151938-褐翅鸦鹃song-温州三垟湿地-20260602-5_segment_0025.wav,XC1151938-褐翅鸦鹃song-温州三垟湿地-20260602-5,Greater Coucal,Centropus sinensis,XC1151938-褐翅鸦鹃song-温州三垟湿地-20260602-5.wav,25,62.5,67.5,5,78.332,32000,dataset\segments\Centropus_sinensis\XC1151938-褐翅鸦鹃song-温州三垟湿地-20260602-5_segment_0025.wav,train
XC1151938-褐翅鸦鹃song-温州三垟湿地-20260602-5_segment_0026.wav,XC1151938-褐翅鸦鹃song-温州三垟湿地-20260602-5,Greater Coucal,Centropus sinensis,XC1151938-褐翅鸦鹃song-温州三垟湿地-20260602-5.wav,26,65.0,70.0,5,78.332,32000,dataset\segments\Centropus_sinensis\XC1151938-褐翅鸦鹃song-温州三垟湿地-20260602-5_segment_0026.wav,train
XC1151938-褐翅鸦鹃song-温州三垟湿地-20260602-5_segment_0027.wav,XC1151938-褐翅鸦鹃song-温州三垟湿地-20260602-5,Greater Coucal,Centropus sinensis,XC1151938-褐翅鸦鹃song-温州三垟湿地-20260602-5.wav,27,67.5,72.5,5,78.332,32000,dataset\segments\Centropus_sinensis\XC1151938-褐翅鸦鹃song-温州三垟湿地-20260602-5_segment_0027.wav,train
XC1151938-褐翅鸦鹃song-温州三垟湿地-20260602-5_segment_0028.wav,XC1151938-褐翅鸦鹃song-温州三垟湿地-20260602-5,Greater Coucal,Centropus sinensis,XC1151938-褐翅鸦鹃song-温州三垟湿地-20260602-5.wav,28,70.0,75.0,5,78.332,32000,dataset\segments\Centropus_sinensis\XC1151938-褐翅鸦鹃song-温州三垟湿地-20260602-5_segment_0028.wav,train
XC1151938-褐翅鸦鹃song-温州三垟湿地-20260602-5_segment_0029.wav,XC1151938-褐翅鸦鹃song-温州三垟湿地-20260602-5,Greater Coucal,Centropus sinensis,XC1151938-褐翅鸦鹃song-温州三垟湿地-20260602-5.wav,29,72.5,77.5,5,78.332,32000,dataset\segments\Centropus_sinensis\XC1151938-褐翅鸦鹃song-温州三垟湿地-20260602-5_segment_0029.wav,train
"XC835582-Centropus-sinensis-Greater-Coucal-alarm-call-2014-01-01-1725-Samathi-Pagoda,-Kep-10.500816,-104.313249-(not-seen)-LS11_segment_0000.wav","XC835582-Centropus-sinensis-Greater-Coucal-alarm-call-2014-01-01-1725-Samathi-Pagoda,-Kep-10.500816,-104.313249-(not-seen)-LS11",Greater Coucal,Centropus sinensis,"XC835582-Centropus-sinensis-Greater-Coucal-alarm-call-2014-01-01-1725-Samathi-Pagoda,-Kep-10.500816,-104.313249-(not-seen)-LS11.wav",0,0.0,5.0,5,30.0,32000,"dataset\segments\Centropus_sinensis\XC835582-Centropus-sinensis-Greater-Coucal-alarm-call-2014-01-01-1725-Samathi-Pagoda,-Kep-10.500816,-104.313249-(not-seen)-LS11_segment_0000.wav",train
"XC835582-Centropus-sinensis-Greater-Coucal-alarm-call-2014-01-01-1725-Samathi-Pagoda,-Kep-10.500816,-104.313249-(not-seen)-LS11_segment_0001.wav","XC835582-Centropus-sinensis-Greater-Coucal-alarm-call-2014-01-01-1725-Samathi-Pagoda,-Kep-10.500816,-104.313249-(not-seen)-LS11",Greater Coucal,Centropus sinensis,"XC835582-Centropus-sinensis-Greater-Coucal-alarm-call-2014-01-01-1725-Samathi-Pagoda,-Kep-10.500816,-104.313249-(not-seen)-LS11.wav",1,2.5,7.5,5,30.0,32000,"dataset\segments\Centropus_sinensis\XC835582-Centropus-sinensis-Greater-Coucal-alarm-call-2014-01-01-1725-Samathi-Pagoda,-Kep-10.500816,-104.313249-(not-seen)-LS11_segment_0001.wav",train
"XC835582-Centropus-sinensis-Greater-Coucal-alarm-call-2014-01-01-1725-Samathi-Pagoda,-Kep-10.500816,-104.313249-(not-seen)-LS11_segment_0002.wav","XC835582-Centropus-sinensis-Greater-Coucal-alarm-call-2014-01-01-1725-Samathi-Pagoda,-Kep-10.500816,-104.313249-(not-seen)-LS11",Greater Coucal,Centropus sinensis,"XC835582-Centropus-sinensis-Greater-Coucal-alarm-call-2014-01-01-1725-Samathi-Pagoda,-Kep-10.500816,-104.313249-(not-seen)-LS11.wav",2,5.0,10.0,5,30.0,32000,"dataset\segments\Centropus_sinensis\XC835582-Centropus-sinensis-Greater-Coucal-alarm-call-2014-01-01-1725-Samathi-Pagoda,-Kep-10.500816,-104.313249-(not-seen)-LS11_segment_0002.wav",train
"XC835582-Centropus-sinensis-Greater-Coucal-alarm-call-2014-01-01-1725-Samathi-Pagoda,-Kep-10.500816,-104.313249-(not-seen)-LS11_segment_0003.wav","XC835582-Centropus-sinensis-Greater-Coucal-alarm-call-2014-01-01-1725-Samathi-Pagoda,-Kep-10.500816,-104.313249-(not-seen)-LS11",Greater Coucal,Centropus sinensis,"XC835582-Centropus-sinensis-Greater-Coucal-alarm-call-2014-01-01-1725-Samathi-Pagoda,-Kep-10.500816,-104.313249-(not-seen)-LS11.wav",3,7.5,12.5,5,30.0,32000,"dataset\segments\Centropus_sinensis\XC835582-Centropus-sinensis-Greater-Coucal-alarm-call-2014-01-01-1725-Samathi-Pagoda,-Kep-10.500816,-104.313249-(not-seen)-LS11_segment_0003.wav",train
"XC835582-Centropus-sinensis-Greater-Coucal-alarm-call-2014-01-01-1725-Samathi-Pagoda,-Kep-10.500816,-104.313249-(not-seen)-LS11_segment_0004.wav","XC835582-Centropus-sinensis-Greater-Coucal-alarm-call-2014-01-01-1725-Samathi-Pagoda,-Kep-10.500816,-104.313249-(not-seen)-LS11",Greater Coucal,Centropus sinensis,"XC835582-Centropus-sinensis-Greater-Coucal-alarm-call-2014-01-01-1725-Samathi-Pagoda,-Kep-10.500816,-104.313249-(not-seen)-LS11.wav",4,10.0,15.0,5,30.0,32000,"dataset\segments\Centropus_sinensis\XC835582-Centropus-sinensis-Greater-Coucal-alarm-call-2014-01-01-1725-Samathi-Pagoda,-Kep-10.500816,-104.313249-(not-seen)-LS11_segment_0004.wav",train
"XC835582-Centropus-sinensis-Greater-Coucal-alarm-call-2014-01-01-1725-Samathi-Pagoda,-Kep-10.500816,-104.313249-(not-seen)-LS11_segment_0005.wav","XC835582-Centropus-sinensis-Greater-Coucal-alarm-call-2014-01-01-1725-Samathi-Pagoda,-Kep-10.500816,-104.313249-(not-seen)-LS11",Greater Coucal,Centropus sinensis,"XC835582-Centropus-sinensis-Greater-Coucal-alarm-call-2014-01-01-1725-Samathi-Pagoda,-Kep-10.500816,-104.313249-(not-seen)-LS11.wav",5,12.5,17.5,5,30.0,32000,"dataset\segments\Centropus_sinensis\XC835582-Centropus-sinensis-Greater-Coucal-alarm-call-2014-01-01-1725-Samathi-Pagoda,-Kep-10.500816,-104.313249-(not-seen)-LS11_segment_0005.wav",train
"XC835582-Centropus-sinensis-Greater-Coucal-alarm-call-2014-01-01-1725-Samathi-Pagoda,-Kep-10.500816,-104.313249-(not-seen)-LS11_segment_0006.wav","XC835582-Centropus-sinensis-Greater-Coucal-alarm-call-2014-01-01-1725-Samathi-Pagoda,-Kep-10.500816,-104.313249-(not-seen)-LS11",Greater Coucal,Centropus sinensis,"XC835582-Centropus-sinensis-Greater-Coucal-alarm-call-2014-01-01-1725-Samathi-Pagoda,-Kep-10.500816,-104.313249-(not-seen)-LS11.wav",6,15.0,20.0,5,30.0,32000,"dataset\segments\Centropus_sinensis\XC835582-Centropus-sinensis-Greater-Coucal-alarm-call-2014-01-01-1725-Samathi-Pagoda,-Kep-10.500816,-104.313249-(not-seen)-LS11_segment_0006.wav",train
"XC835582-Centropus-sinensis-Greater-Coucal-alarm-call-2014-01-01-1725-Samathi-Pagoda,-Kep-10.500816,-104.313249-(not-seen)-LS11_segment_0007.wav","XC835582-Centropus-sinensis-Greater-Coucal-alarm-call-2014-01-01-1725-Samathi-Pagoda,-Kep-10.500816,-104.313249-(not-seen)-LS11",Greater Coucal,Centropus sinensis,"XC835582-Centropus-sinensis-Greater-Coucal-alarm-call-2014-01-01-1725-Samathi-Pagoda,-Kep-10.500816,-104.313249-(not-seen)-LS11.wav",7,17.5,22.5,5,30.0,32000,"dataset\segments\Centropus_sinensis\XC835582-Centropus-sinensis-Greater-Coucal-alarm-call-2014-01-01-1725-Samathi-Pagoda,-Kep-10.500816,-104.313249-(not-seen)-LS11_segment_0007.wav",train
"XC835582-Centropus-sinensis-Greater-Coucal-alarm-call-2014-01-01-1725-Samathi-Pagoda,-Kep-10.500816,-104.313249-(not-seen)-LS11_segment_0008.wav","XC835582-Centropus-sinensis-Greater-Coucal-alarm-call-2014-01-01-1725-Samathi-Pagoda,-Kep-10.500816,-104.313249-(not-seen)-LS11",Greater Coucal,Centropus sinensis,"XC835582-Centropus-sinensis-Greater-Coucal-alarm-call-2014-01-01-1725-Samathi-Pagoda,-Kep-10.500816,-104.313249-(not-seen)-LS11.wav",8,20.0,25.0,5,30.0,32000,"dataset\segments\Centropus_sinensis\XC835582-Centropus-sinensis-Greater-Coucal-alarm-call-2014-01-01-1725-Samathi-Pagoda,-Kep-10.500816,-104.313249-(not-seen)-LS11_segment_0008.wav",train
"XC835582-Centropus-sinensis-Greater-Coucal-alarm-call-2014-01-01-1725-Samathi-Pagoda,-Kep-10.500816,-104.313249-(not-seen)-LS11_segment_0009.wav","XC835582-Centropus-sinensis-Greater-Coucal-alarm-call-2014-01-01-1725-Samathi-Pagoda,-Kep-10.500816,-104.313249-(not-seen)-LS11",Greater Coucal,Centropus sinensis,"XC835582-Centropus-sinensis-Greater-Coucal-alarm-call-2014-01-01-1725-Samathi-Pagoda,-Kep-10.500816,-104.313249-(not-seen)-LS11.wav",9,22.5,27.5,5,30.0,32000,"dataset\segments\Centropus_sinensis\XC835582-Centropus-sinensis-Greater-Coucal-alarm-call-2014-01-01-1725-Samathi-Pagoda,-Kep-10.500816,-104.313249-(not-seen)-LS11_segment_0009.wav",train
"XC835582-Centropus-sinensis-Greater-Coucal-alarm-call-2014-01-01-1725-Samathi-Pagoda,-Kep-10.500816,-104.313249-(not-seen)-LS11_segment_0010.wav","XC835582-Centropus-sinensis-Greater-Coucal-alarm-call-2014-01-01-1725-Samathi-Pagoda,-Kep-10.500816,-104.313249-(not-seen)-LS11",Greater Coucal,Centropus sinensis,"XC835582-Centropus-sinensis-Greater-Coucal-alarm-call-2014-01-01-1725-Samathi-Pagoda,-Kep-10.500816,-104.313249-(not-seen)-LS11.wav",10,25.0,30.0,5,30.0,32000,"dataset\segments\Centropus_sinensis\XC835582-Centropus-sinensis-Greater-Coucal-alarm-call-2014-01-01-1725-Samathi-Pagoda,-Kep-10.500816,-104.313249-(not-seen)-LS11_segment_0010.wav",train
XC845377-Grand_Coucal_231109_Thailande_ampli_segment_0000.wav,XC845377-Grand_Coucal_231109_Thailande_ampli,Greater Coucal,Centropus sinensis,XC845377-Grand_Coucal_231109_Thailande_ampli.wav,0,0.0,5.0,5,35.227,32000,dataset\segments\Centropus_sinensis\XC845377-Grand_Coucal_231109_Thailande_ampli_segment_0000.wav,train
XC845377-Grand_Coucal_231109_Thailande_ampli_segment_0001.wav,XC845377-Grand_Coucal_231109_Thailande_ampli,Greater Coucal,Centropus sinensis,XC845377-Grand_Coucal_231109_Thailande_ampli.wav,1,2.5,7.5,5,35.227,32000,dataset\segments\Centropus_sinensis\XC845377-Grand_Coucal_231109_Thailande_ampli_segment_0001.wav,train
XC845377-Grand_Coucal_231109_Thailande_ampli_segment_0002.wav,XC845377-Grand_Coucal_231109_Thailande_ampli,Greater Coucal,Centropus sinensis,XC845377-Grand_Coucal_231109_Thailande_ampli.wav,2,5.0,10.0,5,35.227,32000,dataset\segments\Centropus_sinensis\XC845377-Grand_Coucal_231109_Thailande_ampli_segment_0002.wav,train
XC845377-Grand_Coucal_231109_Thailande_ampli_segment_0003.wav,XC845377-Grand_Coucal_231109_Thailande_ampli,Greater Coucal,Centropus sinensis,XC845377-Grand_Coucal_231109_Thailande_ampli.wav,3,7.5,12.5,5,35.227,32000,dataset\segments\Centropus_sinensis\XC845377-Grand_Coucal_231109_Thailande_ampli_segment_0003.wav,train
XC845377-Grand_Coucal_231109_Thailande_ampli_segment_0004.wav,XC845377-Grand_Coucal_231109_Thailande_ampli,Greater Coucal,Centropus sinensis,XC845377-Grand_Coucal_231109_Thailande_ampli.wav,4,10.0,15.0,5,35.227,32000,dataset\segments\Centropus_sinensis\XC845377-Grand_Coucal_231109_Thailande_ampli_segment_0004.wav,train
XC845377-Grand_Coucal_231109_Thailande_ampli_segment_0005.wav,XC845377-Grand_Coucal_231109_Thailande_ampli,Greater Coucal,Centropus sinensis,XC845377-Grand_Coucal_231109_Thailande_ampli.wav,5,12.5,17.5,5,35.227,32000,dataset\segments\Centropus_sinensis\XC845377-Grand_Coucal_231109_Thailande_ampli_segment_0005.wav,train
XC845377-Grand_Coucal_231109_Thailande_ampli_segment_0006.wav,XC845377-Grand_Coucal_231109_Thailande_ampli,Greater Coucal,Centropus sinensis,XC845377-Grand_Coucal_231109_Thailande_ampli.wav,6,15.0,20.0,5,35.227,32000,dataset\segments\Centropus_sinensis\XC845377-Grand_Coucal_231109_Thailande_ampli_segment_0006.wav,train
XC845377-Grand_Coucal_231109_Thailande_ampli_segment_0007.wav,XC845377-Grand_Coucal_231109_Thailande_ampli,Greater Coucal,Centropus sinensis,XC845377-Grand_Coucal_231109_Thailande_ampli.wav,7,17.5,22.5,5,35.227,32000,dataset\segments\Centropus_sinensis\XC845377-Grand_Coucal_231109_Thailande_ampli_segment_0007.wav,train
XC845377-Grand_Coucal_231109_Thailande_ampli_segment_0008.wav,XC845377-Grand_Coucal_231109_Thailande_ampli,Greater Coucal,Centropus sinensis,XC845377-Grand_Coucal_231109_Thailande_ampli.wav,8,20.0,25.0,5,35.227,32000,dataset\segments\Centropus_sinensis\XC845377-Grand_Coucal_231109_Thailande_ampli_segment_0008.wav,train
XC845377-Grand_Coucal_231109_Thailande_ampli_segment_0009.wav,XC845377-Grand_Coucal_231109_Thailande_ampli,Greater Coucal,Centropus sinensis,XC845377-Grand_Coucal_231109_Thailande_ampli.wav,9,22.5,27.5,5,35.227,32000,dataset\segments\Centropus_sinensis\XC845377-Grand_Coucal_231109_Thailande_ampli_segment_0009.wav,train
XC845377-Grand_Coucal_231109_Thailande_ampli_segment_0010.wav,XC845377-Grand_Coucal_231109_Thailande_ampli,Greater Coucal,Centropus sinensis,XC845377-Grand_Coucal_231109_Thailande_ampli.wav,10,25.0,30.0,5,35.227,32000,dataset\segments\Centropus_sinensis\XC845377-Grand_Coucal_231109_Thailande_ampli_segment_0010.wav,train
XC845377-Grand_Coucal_231109_Thailande_ampli_segment_0011.wav,XC845377-Grand_Coucal_231109_Thailande_ampli,Greater Coucal,Centropus sinensis,XC845377-Grand_Coucal_231109_Thailande_ampli.wav,11,27.5,32.5,5,35.227,32000,dataset\segments\Centropus_sinensis\XC845377-Grand_Coucal_231109_Thailande_ampli_segment_0011.wav,train
XC845377-Grand_Coucal_231109_Thailande_ampli_segment_0012.wav,XC845377-Grand_Coucal_231109_Thailande_ampli,Greater Coucal,Centropus sinensis,XC845377-Grand_Coucal_231109_Thailande_ampli.wav,12,30.0,35.0,5,35.227,32000,dataset\segments\Centropus_sinensis\XC845377-Grand_Coucal_231109_Thailande_ampli_segment_0012.wav,train
XC857385-Greater-Coucal-20230722-Pedu-e_segment_0000.wav,XC857385-Greater-Coucal-20230722-Pedu-e,Greater Coucal,Centropus sinensis,XC857385-Greater-Coucal-20230722-Pedu-e.wav,0,0.0,5.0,5,19.768,32000,dataset\segments\Centropus_sinensis\XC857385-Greater-Coucal-20230722-Pedu-e_segment_0000.wav,train
XC857385-Greater-Coucal-20230722-Pedu-e_segment_0001.wav,XC857385-Greater-Coucal-20230722-Pedu-e,Greater Coucal,Centropus sinensis,XC857385-Greater-Coucal-20230722-Pedu-e.wav,1,2.5,7.5,5,19.768,32000,dataset\segments\Centropus_sinensis\XC857385-Greater-Coucal-20230722-Pedu-e_segment_0001.wav,train
XC857385-Greater-Coucal-20230722-Pedu-e_segment_0002.wav,XC857385-Greater-Coucal-20230722-Pedu-e,Greater Coucal,Centropus sinensis,XC857385-Greater-Coucal-20230722-Pedu-e.wav,2,5.0,10.0,5,19.768,32000,dataset\segments\Centropus_sinensis\XC857385-Greater-Coucal-20230722-Pedu-e_segment_0002.wav,train
XC857385-Greater-Coucal-20230722-Pedu-e_segment_0003.wav,XC857385-Greater-Coucal-20230722-Pedu-e,Greater Coucal,Centropus sinensis,XC857385-Greater-Coucal-20230722-Pedu-e.wav,3,7.5,12.5,5,19.768,32000,dataset\segments\Centropus_sinensis\XC857385-Greater-Coucal-20230722-Pedu-e_segment_0003.wav,train
XC857385-Greater-Coucal-20230722-Pedu-e_segment_0004.wav,XC857385-Greater-Coucal-20230722-Pedu-e,Greater Coucal,Centropus sinensis,XC857385-Greater-Coucal-20230722-Pedu-e.wav,4,10.0,15.0,5,19.768,32000,dataset\segments\Centropus_sinensis\XC857385-Greater-Coucal-20230722-Pedu-e_segment_0004.wav,train
XC857385-Greater-Coucal-20230722-Pedu-e_segment_0005.wav,XC857385-Greater-Coucal-20230722-Pedu-e,Greater Coucal,Centropus sinensis,XC857385-Greater-Coucal-20230722-Pedu-e.wav,5,12.5,17.5,5,19.768,32000,dataset\segments\Centropus_sinensis\XC857385-Greater-Coucal-20230722-Pedu-e_segment_0005.wav,train
XC914185-Greater-Coucal-20240614-Lc-e-eBird-xeno_segment_0000.wav,XC914185-Greater-Coucal-20240614-Lc-e-eBird-xeno,Greater Coucal,Centropus sinensis,XC914185-Greater-Coucal-20240614-Lc-e-eBird-xeno.wav,0,0.0,5.0,5,16.816,32000,dataset\segments\Centropus_sinensis\XC914185-Greater-Coucal-20240614-Lc-e-eBird-xeno_segment_0000.wav,train
XC914185-Greater-Coucal-20240614-Lc-e-eBird-xeno_segment_0001.wav,XC914185-Greater-Coucal-20240614-Lc-e-eBird-xeno,Greater Coucal,Centropus sinensis,XC914185-Greater-Coucal-20240614-Lc-e-eBird-xeno.wav,1,2.5,7.5,5,16.816,32000,dataset\segments\Centropus_sinensis\XC914185-Greater-Coucal-20240614-Lc-e-eBird-xeno_segment_0001.wav,train
XC914185-Greater-Coucal-20240614-Lc-e-eBird-xeno_segment_0002.wav,XC914185-Greater-Coucal-20240614-Lc-e-eBird-xeno,Greater Coucal,Centropus sinensis,XC914185-Greater-Coucal-20240614-Lc-e-eBird-xeno.wav,2,5.0,10.0,5,16.816,32000,dataset\segments\Centropus_sinensis\XC914185-Greater-Coucal-20240614-Lc-e-eBird-xeno_segment_0002.wav,train
XC914185-Greater-Coucal-20240614-Lc-e-eBird-xeno_segment_0003.wav,XC914185-Greater-Coucal-20240614-Lc-e-eBird-xeno,Greater Coucal,Centropus sinensis,XC914185-Greater-Coucal-20240614-Lc-e-eBird-xeno.wav,3,7.5,12.5,5,16.816,32000,dataset\segments\Centropus_sinensis\XC914185-Greater-Coucal-20240614-Lc-e-eBird-xeno_segment_0003.wav,train
XC914185-Greater-Coucal-20240614-Lc-e-eBird-xeno_segment_0004.wav,XC914185-Greater-Coucal-20240614-Lc-e-eBird-xeno,Greater Coucal,Centropus sinensis,XC914185-Greater-Coucal-20240614-Lc-e-eBird-xeno.wav,4,10.0,15.0,5,16.816,32000,dataset\segments\Centropus_sinensis\XC914185-Greater-Coucal-20240614-Lc-e-eBird-xeno_segment_0004.wav,train
XC954497-Greater-Coucal-20220204-Jg-eBird-xeno_segment_0000.wav,XC954497-Greater-Coucal-20220204-Jg-eBird-xeno,Greater Coucal,Centropus sinensis,XC954497-Greater-Coucal-20220204-Jg-eBird-xeno.wav,0,0.0,5.0,5,17.629,32000,dataset\segments\Centropus_sinensis\XC954497-Greater-Coucal-20220204-Jg-eBird-xeno_segment_0000.wav,train
XC954497-Greater-Coucal-20220204-Jg-eBird-xeno_segment_0001.wav,XC954497-Greater-Coucal-20220204-Jg-eBird-xeno,Greater Coucal,Centropus sinensis,XC954497-Greater-Coucal-20220204-Jg-eBird-xeno.wav,1,2.5,7.5,5,17.629,32000,dataset\segments\Centropus_sinensis\XC954497-Greater-Coucal-20220204-Jg-eBird-xeno_segment_0001.wav,train
XC954497-Greater-Coucal-20220204-Jg-eBird-xeno_segment_0002.wav,XC954497-Greater-Coucal-20220204-Jg-eBird-xeno,Greater Coucal,Centropus sinensis,XC954497-Greater-Coucal-20220204-Jg-eBird-xeno.wav,2,5.0,10.0,5,17.629,32000,dataset\segments\Centropus_sinensis\XC954497-Greater-Coucal-20220204-Jg-eBird-xeno_segment_0002.wav,train
XC954497-Greater-Coucal-20220204-Jg-eBird-xeno_segment_0003.wav,XC954497-Greater-Coucal-20220204-Jg-eBird-xeno,Greater Coucal,Centropus sinensis,XC954497-Greater-Coucal-20220204-Jg-eBird-xeno.wav,3,7.5,12.5,5,17.629,32000,dataset\segments\Centropus_sinensis\XC954497-Greater-Coucal-20220204-Jg-eBird-xeno_segment_0003.wav,train
XC954497-Greater-Coucal-20220204-Jg-eBird-xeno_segment_0004.wav,XC954497-Greater-Coucal-20220204-Jg-eBird-xeno,Greater Coucal,Centropus sinensis,XC954497-Greater-Coucal-20220204-Jg-eBird-xeno.wav,4,10.0,15.0,5,17.629,32000,dataset\segments\Centropus_sinensis\XC954497-Greater-Coucal-20220204-Jg-eBird-xeno_segment_0004.wav,train
XC954497-Greater-Coucal-20220204-Jg-eBird-xeno_segment_0005.wav,XC954497-Greater-Coucal-20220204-Jg-eBird-xeno,Greater Coucal,Centropus sinensis,XC954497-Greater-Coucal-20220204-Jg-eBird-xeno.wav,5,12.5,17.5,5,17.629,32000,dataset\segments\Centropus_sinensis\XC954497-Greater-Coucal-20220204-Jg-eBird-xeno_segment_0005.wav,train
"XC1069295-White-throated-Kingfisher-singing-very-good-2024-11-04-Benjakiti,-Bangkok,-Thailand_014_edited_segment_0000.wav","XC1069295-White-throated-Kingfisher-singing-very-good-2024-11-04-Benjakiti,-Bangkok,-Thailand_014_edited",White-throated Kingfisher,Halcyon smyrnensis,"XC1069295-White-throated-Kingfisher-singing-very-good-2024-11-04-Benjakiti,-Bangkok,-Thailand_014_edited.wav",0,0.0,5.0,5,27.811,32000,"dataset\segments\Halcyon_smyrnensis\XC1069295-White-throated-Kingfisher-singing-very-good-2024-11-04-Benjakiti,-Bangkok,-Thailand_014_edited_segment_0000.wav",train
"XC1069295-White-throated-Kingfisher-singing-very-good-2024-11-04-Benjakiti,-Bangkok,-Thailand_014_edited_segment_0001.wav","XC1069295-White-throated-Kingfisher-singing-very-good-2024-11-04-Benjakiti,-Bangkok,-Thailand_014_edited",White-throated Kingfisher,Halcyon smyrnensis,"XC1069295-White-throated-Kingfisher-singing-very-good-2024-11-04-Benjakiti,-Bangkok,-Thailand_014_edited.wav",1,2.5,7.5,5,27.811,32000,"dataset\segments\Halcyon_smyrnensis\XC1069295-White-throated-Kingfisher-singing-very-good-2024-11-04-Benjakiti,-Bangkok,-Thailand_014_edited_segment_0001.wav",train
"XC1069295-White-throated-Kingfisher-singing-very-good-2024-11-04-Benjakiti,-Bangkok,-Thailand_014_edited_segment_0002.wav","XC1069295-White-throated-Kingfisher-singing-very-good-2024-11-04-Benjakiti,-Bangkok,-Thailand_014_edited",White-throated Kingfisher,Halcyon smyrnensis,"XC1069295-White-throated-Kingfisher-singing-very-good-2024-11-04-Benjakiti,-Bangkok,-Thailand_014_edited.wav",2,5.0,10.0,5,27.811,32000,"dataset\segments\Halcyon_smyrnensis\XC1069295-White-throated-Kingfisher-singing-very-good-2024-11-04-Benjakiti,-Bangkok,-Thailand_014_edited_segment_0002.wav",train
"XC1069295-White-throated-Kingfisher-singing-very-good-2024-11-04-Benjakiti,-Bangkok,-Thailand_014_edited_segment_0003.wav","XC1069295-White-throated-Kingfisher-singing-very-good-2024-11-04-Benjakiti,-Bangkok,-Thailand_014_edited",White-throated Kingfisher,Halcyon smyrnensis,"XC1069295-White-throated-Kingfisher-singing-very-good-2024-11-04-Benjakiti,-Bangkok,-Thailand_014_edited.wav",3,7.5,12.5,5,27.811,32000,"dataset\segments\Halcyon_smyrnensis\XC1069295-White-throated-Kingfisher-singing-very-good-2024-11-04-Benjakiti,-Bangkok,-Thailand_014_edited_segment_0003.wav",train
"XC1069295-White-throated-Kingfisher-singing-very-good-2024-11-04-Benjakiti,-Bangkok,-Thailand_014_edited_segment_0004.wav","XC1069295-White-throated-Kingfisher-singing-very-good-2024-11-04-Benjakiti,-Bangkok,-Thailand_014_edited",White-throated Kingfisher,Halcyon smyrnensis,"XC1069295-White-throated-Kingfisher-singing-very-good-2024-11-04-Benjakiti,-Bangkok,-Thailand_014_edited.wav",4,10.0,15.0,5,27.811,32000,"dataset\segments\Halcyon_smyrnensis\XC1069295-White-throated-Kingfisher-singing-very-good-2024-11-04-Benjakiti,-Bangkok,-Thailand_014_edited_segment_0004.wav",train
"XC1069295-White-throated-Kingfisher-singing-very-good-2024-11-04-Benjakiti,-Bangkok,-Thailand_014_edited_segment_0005.wav","XC1069295-White-throated-Kingfisher-singing-very-good-2024-11-04-Benjakiti,-Bangkok,-Thailand_014_edited",White-throated Kingfisher,Halcyon smyrnensis,"XC1069295-White-throated-Kingfisher-singing-very-good-2024-11-04-Benjakiti,-Bangkok,-Thailand_014_edited.wav",5,12.5,17.5,5,27.811,32000,"dataset\segments\Halcyon_smyrnensis\XC1069295-White-throated-Kingfisher-singing-very-good-2024-11-04-Benjakiti,-Bangkok,-Thailand_014_edited_segment_0005.wav",train
"XC1069295-White-throated-Kingfisher-singing-very-good-2024-11-04-Benjakiti,-Bangkok,-Thailand_014_edited_segment_0006.wav","XC1069295-White-throated-Kingfisher-singing-very-good-2024-11-04-Benjakiti,-Bangkok,-Thailand_014_edited",White-throated Kingfisher,Halcyon smyrnensis,"XC1069295-White-throated-Kingfisher-singing-very-good-2024-11-04-Benjakiti,-Bangkok,-Thailand_014_edited.wav",6,15.0,20.0,5,27.811,32000,"dataset\segments\Halcyon_smyrnensis\XC1069295-White-throated-Kingfisher-singing-very-good-2024-11-04-Benjakiti,-Bangkok,-Thailand_014_edited_segment_0006.wav",train
"XC1069295-White-throated-Kingfisher-singing-very-good-2024-11-04-Benjakiti,-Bangkok,-Thailand_014_edited_segment_0007.wav","XC1069295-White-throated-Kingfisher-singing-very-good-2024-11-04-Benjakiti,-Bangkok,-Thailand_014_edited",White-throated Kingfisher,Halcyon smyrnensis,"XC1069295-White-throated-Kingfisher-singing-very-good-2024-11-04-Benjakiti,-Bangkok,-Thailand_014_edited.wav",7,17.5,22.5,5,27.811,32000,"dataset\segments\Halcyon_smyrnensis\XC1069295-White-throated-Kingfisher-singing-very-good-2024-11-04-Benjakiti,-Bangkok,-Thailand_014_edited_segment_0007.wav",train
"XC1069295-White-throated-Kingfisher-singing-very-good-2024-11-04-Benjakiti,-Bangkok,-Thailand_014_edited_segment_0008.wav","XC1069295-White-throated-Kingfisher-singing-very-good-2024-11-04-Benjakiti,-Bangkok,-Thailand_014_edited",White-throated Kingfisher,Halcyon smyrnensis,"XC1069295-White-throated-Kingfisher-singing-very-good-2024-11-04-Benjakiti,-Bangkok,-Thailand_014_edited.wav",8,20.0,25.0,5,27.811,32000,"dataset\segments\Halcyon_smyrnensis\XC1069295-White-throated-Kingfisher-singing-very-good-2024-11-04-Benjakiti,-Bangkok,-Thailand_014_edited_segment_0008.wav",train
"XC1069295-White-throated-Kingfisher-singing-very-good-2024-11-04-Benjakiti,-Bangkok,-Thailand_014_edited_segment_0009.wav","XC1069295-White-throated-Kingfisher-singing-very-good-2024-11-04-Benjakiti,-Bangkok,-Thailand_014_edited",White-throated Kingfisher,Halcyon smyrnensis,"XC1069295-White-throated-Kingfisher-singing-very-good-2024-11-04-Benjakiti,-Bangkok,-Thailand_014_edited.wav",9,22.5,27.5,5,27.811,32000,"dataset\segments\Halcyon_smyrnensis\XC1069295-White-throated-Kingfisher-singing-very-good-2024-11-04-Benjakiti,-Bangkok,-Thailand_014_edited_segment_0009.wav",train
XC1071357-White-throated-Kingfisher-20260101-9.05am-xeno_segment_0000.wav,XC1071357-White-throated-Kingfisher-20260101-9.05am-xeno,White-throated Kingfisher,Halcyon smyrnensis,XC1071357-White-throated-Kingfisher-20260101-9.05am-xeno.wav,0,0.0,5.0,5,32.328,32000,dataset\segments\Halcyon_smyrnensis\XC1071357-White-throated-Kingfisher-20260101-9.05am-xeno_segment_0000.wav,train
XC1071357-White-throated-Kingfisher-20260101-9.05am-xeno_segment_0001.wav,XC1071357-White-throated-Kingfisher-20260101-9.05am-xeno,White-throated Kingfisher,Halcyon smyrnensis,XC1071357-White-throated-Kingfisher-20260101-9.05am-xeno.wav,1,2.5,7.5,5,32.328,32000,dataset\segments\Halcyon_smyrnensis\XC1071357-White-throated-Kingfisher-20260101-9.05am-xeno_segment_0001.wav,train
XC1071357-White-throated-Kingfisher-20260101-9.05am-xeno_segment_0002.wav,XC1071357-White-throated-Kingfisher-20260101-9.05am-xeno,White-throated Kingfisher,Halcyon smyrnensis,XC1071357-White-throated-Kingfisher-20260101-9.05am-xeno.wav,2,5.0,10.0,5,32.328,32000,dataset\segments\Halcyon_smyrnensis\XC1071357-White-throated-Kingfisher-20260101-9.05am-xeno_segment_0002.wav,train
XC1071357-White-throated-Kingfisher-20260101-9.05am-xeno_segment_0003.wav,XC1071357-White-throated-Kingfisher-20260101-9.05am-xeno,White-throated Kingfisher,Halcyon smyrnensis,XC1071357-White-throated-Kingfisher-20260101-9.05am-xeno.wav,3,7.5,12.5,5,32.328,32000,dataset\segments\Halcyon_smyrnensis\XC1071357-White-throated-Kingfisher-20260101-9.05am-xeno_segment_0003.wav,train
XC1071357-White-throated-Kingfisher-20260101-9.05am-xeno_segment_0004.wav,XC1071357-White-throated-Kingfisher-20260101-9.05am-xeno,White-throated Kingfisher,Halcyon smyrnensis,XC1071357-White-throated-Kingfisher-20260101-9.05am-xeno.wav,4,10.0,15.0,5,32.328,32000,dataset\segments\Halcyon_smyrnensis\XC1071357-White-throated-Kingfisher-20260101-9.05am-xeno_segment_0004.wav,train
XC1071357-White-throated-Kingfisher-20260101-9.05am-xeno_segment_0005.wav,XC1071357-White-throated-Kingfisher-20260101-9.05am-xeno,White-throated Kingfisher,Halcyon smyrnensis,XC1071357-White-throated-Kingfisher-20260101-9.05am-xeno.wav,5,12.5,17.5,5,32.328,32000,dataset\segments\Halcyon_smyrnensis\XC1071357-White-throated-Kingfisher-20260101-9.05am-xeno_segment_0005.wav,train
XC1071357-White-throated-Kingfisher-20260101-9.05am-xeno_segment_0006.wav,XC1071357-White-throated-Kingfisher-20260101-9.05am-xeno,White-throated Kingfisher,Halcyon smyrnensis,XC1071357-White-throated-Kingfisher-20260101-9.05am-xeno.wav,6,15.0,20.0,5,32.328,32000,dataset\segments\Halcyon_smyrnensis\XC1071357-White-throated-Kingfisher-20260101-9.05am-xeno_segment_0006.wav,train
XC1071357-White-throated-Kingfisher-20260101-9.05am-xeno_segment_0007.wav,XC1071357-White-throated-Kingfisher-20260101-9.05am-xeno,White-throated Kingfisher,Halcyon smyrnensis,XC1071357-White-throated-Kingfisher-20260101-9.05am-xeno.wav,7,17.5,22.5,5,32.328,32000,dataset\segments\Halcyon_smyrnensis\XC1071357-White-throated-Kingfisher-20260101-9.05am-xeno_segment_0007.wav,train
XC1071357-White-throated-Kingfisher-20260101-9.05am-xeno_segment_0008.wav,XC1071357-White-throated-Kingfisher-20260101-9.05am-xeno,White-throated Kingfisher,Halcyon smyrnensis,XC1071357-White-throated-Kingfisher-20260101-9.05am-xeno.wav,8,20.0,25.0,5,32.328,32000,dataset\segments\Halcyon_smyrnensis\XC1071357-White-throated-Kingfisher-20260101-9.05am-xeno_segment_0008.wav,train
XC1071357-White-throated-Kingfisher-20260101-9.05am-xeno_segment_0009.wav,XC1071357-White-throated-Kingfisher-20260101-9.05am-xeno,White-throated Kingfisher,Halcyon smyrnensis,XC1071357-White-throated-Kingfisher-20260101-9.05am-xeno.wav,9,22.5,27.5,5,32.328,32000,dataset\segments\Halcyon_smyrnensis\XC1071357-White-throated-Kingfisher-20260101-9.05am-xeno_segment_0009.wav,train
XC1071357-White-throated-Kingfisher-20260101-9.05am-xeno_segment_0010.wav,XC1071357-White-throated-Kingfisher-20260101-9.05am-xeno,White-throated Kingfisher,Halcyon smyrnensis,XC1071357-White-throated-Kingfisher-20260101-9.05am-xeno.wav,10,25.0,30.0,5,32.328,32000,dataset\segments\Halcyon_smyrnensis\XC1071357-White-throated-Kingfisher-20260101-9.05am-xeno_segment_0010.wav,train
XC1077505-martinpecheur-de-smyrne-6h36-26jan26_segment_0000.wav,XC1077505-martinpecheur-de-smyrne-6h36-26jan26,White-throated Kingfisher,Halcyon smyrnensis,XC1077505-martinpecheur-de-smyrne-6h36-26jan26.wav,0,0.0,5.0,5,22.956,32000,dataset\segments\Halcyon_smyrnensis\XC1077505-martinpecheur-de-smyrne-6h36-26jan26_segment_0000.wav,train
XC1077505-martinpecheur-de-smyrne-6h36-26jan26_segment_0001.wav,XC1077505-martinpecheur-de-smyrne-6h36-26jan26,White-throated Kingfisher,Halcyon smyrnensis,XC1077505-martinpecheur-de-smyrne-6h36-26jan26.wav,1,2.5,7.5,5,22.956,32000,dataset\segments\Halcyon_smyrnensis\XC1077505-martinpecheur-de-smyrne-6h36-26jan26_segment_0001.wav,train
XC1077505-martinpecheur-de-smyrne-6h36-26jan26_segment_0002.wav,XC1077505-martinpecheur-de-smyrne-6h36-26jan26,White-throated Kingfisher,Halcyon smyrnensis,XC1077505-martinpecheur-de-smyrne-6h36-26jan26.wav,2,5.0,10.0,5,22.956,32000,dataset\segments\Halcyon_smyrnensis\XC1077505-martinpecheur-de-smyrne-6h36-26jan26_segment_0002.wav,train
XC1077505-martinpecheur-de-smyrne-6h36-26jan26_segment_0003.wav,XC1077505-martinpecheur-de-smyrne-6h36-26jan26,White-throated Kingfisher,Halcyon smyrnensis,XC1077505-martinpecheur-de-smyrne-6h36-26jan26.wav,3,7.5,12.5,5,22.956,32000,dataset\segments\Halcyon_smyrnensis\XC1077505-martinpecheur-de-smyrne-6h36-26jan26_segment_0003.wav,train
XC1077505-martinpecheur-de-smyrne-6h36-26jan26_segment_0004.wav,XC1077505-martinpecheur-de-smyrne-6h36-26jan26,White-throated Kingfisher,Halcyon smyrnensis,XC1077505-martinpecheur-de-smyrne-6h36-26jan26.wav,4,10.0,15.0,5,22.956,32000,dataset\segments\Halcyon_smyrnensis\XC1077505-martinpecheur-de-smyrne-6h36-26jan26_segment_0004.wav,train
XC1077505-martinpecheur-de-smyrne-6h36-26jan26_segment_0005.wav,XC1077505-martinpecheur-de-smyrne-6h36-26jan26,White-throated Kingfisher,Halcyon smyrnensis,XC1077505-martinpecheur-de-smyrne-6h36-26jan26.wav,5,12.5,17.5,5,22.956,32000,dataset\segments\Halcyon_smyrnensis\XC1077505-martinpecheur-de-smyrne-6h36-26jan26_segment_0005.wav,train
XC1077505-martinpecheur-de-smyrne-6h36-26jan26_segment_0006.wav,XC1077505-martinpecheur-de-smyrne-6h36-26jan26,White-throated Kingfisher,Halcyon smyrnensis,XC1077505-martinpecheur-de-smyrne-6h36-26jan26.wav,6,15.0,20.0,5,22.956,32000,dataset\segments\Halcyon_smyrnensis\XC1077505-martinpecheur-de-smyrne-6h36-26jan26_segment_0006.wav,train
XC1077505-martinpecheur-de-smyrne-6h36-26jan26_segment_0007.wav,XC1077505-martinpecheur-de-smyrne-6h36-26jan26,White-throated Kingfisher,Halcyon smyrnensis,XC1077505-martinpecheur-de-smyrne-6h36-26jan26.wav,7,17.5,22.5,5,22.956,32000,dataset\segments\Halcyon_smyrnensis\XC1077505-martinpecheur-de-smyrne-6h36-26jan26_segment_0007.wav,train
XC1096383-smyrnakungs-damp_segment_0000.wav,XC1096383-smyrnakungs-damp,White-throated Kingfisher,Halcyon smyrnensis,XC1096383-smyrnakungs-damp.wav,0,0.0,5.0,5,34.339,32000,dataset\segments\Halcyon_smyrnensis\XC1096383-smyrnakungs-damp_segment_0000.wav,train
XC1096383-smyrnakungs-damp_segment_0001.wav,XC1096383-smyrnakungs-damp,White-throated Kingfisher,Halcyon smyrnensis,XC1096383-smyrnakungs-damp.wav,1,2.5,7.5,5,34.339,32000,dataset\segments\Halcyon_smyrnensis\XC1096383-smyrnakungs-damp_segment_0001.wav,train
XC1096383-smyrnakungs-damp_segment_0002.wav,XC1096383-smyrnakungs-damp,White-throated Kingfisher,Halcyon smyrnensis,XC1096383-smyrnakungs-damp.wav,2,5.0,10.0,5,34.339,32000,dataset\segments\Halcyon_smyrnensis\XC1096383-smyrnakungs-damp_segment_0002.wav,train
XC1096383-smyrnakungs-damp_segment_0003.wav,XC1096383-smyrnakungs-damp,White-throated Kingfisher,Halcyon smyrnensis,XC1096383-smyrnakungs-damp.wav,3,7.5,12.5,5,34.339,32000,dataset\segments\Halcyon_smyrnensis\XC1096383-smyrnakungs-damp_segment_0003.wav,train
XC1096383-smyrnakungs-damp_segment_0004.wav,XC1096383-smyrnakungs-damp,White-throated Kingfisher,Halcyon smyrnensis,XC1096383-smyrnakungs-damp.wav,4,10.0,15.0,5,34.339,32000,dataset\segments\Halcyon_smyrnensis\XC1096383-smyrnakungs-damp_segment_0004.wav,train
XC1096383-smyrnakungs-damp_segment_0005.wav,XC1096383-smyrnakungs-damp,White-throated Kingfisher,Halcyon smyrnensis,XC1096383-smyrnakungs-damp.wav,5,12.5,17.5,5,34.339,32000,dataset\segments\Halcyon_smyrnensis\XC1096383-smyrnakungs-damp_segment_0005.wav,train
XC1096383-smyrnakungs-damp_segment_0006.wav,XC1096383-smyrnakungs-damp,White-throated Kingfisher,Halcyon smyrnensis,XC1096383-smyrnakungs-damp.wav,6,15.0,20.0,5,34.339,32000,dataset\segments\Halcyon_smyrnensis\XC1096383-smyrnakungs-damp_segment_0006.wav,train
XC1096383-smyrnakungs-damp_segment_0007.wav,XC1096383-smyrnakungs-damp,White-throated Kingfisher,Halcyon smyrnensis,XC1096383-smyrnakungs-damp.wav,7,17.5,22.5,5,34.339,32000,dataset\segments\Halcyon_smyrnensis\XC1096383-smyrnakungs-damp_segment_0007.wav,train
XC1096383-smyrnakungs-damp_segment_0008.wav,XC1096383-smyrnakungs-damp,White-throated Kingfisher,Halcyon smyrnensis,XC1096383-smyrnakungs-damp.wav,8,20.0,25.0,5,34.339,32000,dataset\segments\Halcyon_smyrnensis\XC1096383-smyrnakungs-damp_segment_0008.wav,train
XC1096383-smyrnakungs-damp_segment_0009.wav,XC1096383-smyrnakungs-damp,White-throated Kingfisher,Halcyon smyrnensis,XC1096383-smyrnakungs-damp.wav,9,22.5,27.5,5,34.339,32000,dataset\segments\Halcyon_smyrnensis\XC1096383-smyrnakungs-damp_segment_0009.wav,train
XC1096383-smyrnakungs-damp_segment_0010.wav,XC1096383-smyrnakungs-damp,White-throated Kingfisher,Halcyon smyrnensis,XC1096383-smyrnakungs-damp.wav,10,25.0,30.0,5,34.339,32000,dataset\segments\Halcyon_smyrnensis\XC1096383-smyrnakungs-damp_segment_0010.wav,train
XC1096383-smyrnakungs-damp_segment_0011.wav,XC1096383-smyrnakungs-damp,White-throated Kingfisher,Halcyon smyrnensis,XC1096383-smyrnakungs-damp.wav,11,27.5,32.5,5,34.339,32000,dataset\segments\Halcyon_smyrnensis\XC1096383-smyrnakungs-damp_segment_0011.wav,train
XC1100471-White-throated-Kingfisher_Marina_segment_0000.wav,XC1100471-White-throated-Kingfisher_Marina,White-throated Kingfisher,Halcyon smyrnensis,XC1100471-White-throated-Kingfisher_Marina.wav,0,0.0,5.0,5,96.462,32000,dataset\segments\Halcyon_smyrnensis\XC1100471-White-throated-Kingfisher_Marina_segment_0000.wav,train
XC1100471-White-throated-Kingfisher_Marina_segment_0001.wav,XC1100471-White-throated-Kingfisher_Marina,White-throated Kingfisher,Halcyon smyrnensis,XC1100471-White-throated-Kingfisher_Marina.wav,1,2.5,7.5,5,96.462,32000,dataset\segments\Halcyon_smyrnensis\XC1100471-White-throated-Kingfisher_Marina_segment_0001.wav,train
XC1100471-White-throated-Kingfisher_Marina_segment_0002.wav,XC1100471-White-throated-Kingfisher_Marina,White-throated Kingfisher,Halcyon smyrnensis,XC1100471-White-throated-Kingfisher_Marina.wav,2,5.0,10.0,5,96.462,32000,dataset\segments\Halcyon_smyrnensis\XC1100471-White-throated-Kingfisher_Marina_segment_0002.wav,train
XC1100471-White-throated-Kingfisher_Marina_segment_0003.wav,XC1100471-White-throated-Kingfisher_Marina,White-throated Kingfisher,Halcyon smyrnensis,XC1100471-White-throated-Kingfisher_Marina.wav,3,7.5,12.5,5,96.462,32000,dataset\segments\Halcyon_smyrnensis\XC1100471-White-throated-Kingfisher_Marina_segment_0003.wav,train
XC1100471-White-throated-Kingfisher_Marina_segment_0004.wav,XC1100471-White-throated-Kingfisher_Marina,White-throated Kingfisher,Halcyon smyrnensis,XC1100471-White-throated-Kingfisher_Marina.wav,4,10.0,15.0,5,96.462,32000,dataset\segments\Halcyon_smyrnensis\XC1100471-White-throated-Kingfisher_Marina_segment_0004.wav,train
XC1100471-White-throated-Kingfisher_Marina_segment_0005.wav,XC1100471-White-throated-Kingfisher_Marina,White-throated Kingfisher,Halcyon smyrnensis,XC1100471-White-throated-Kingfisher_Marina.wav,5,12.5,17.5,5,96.462,32000,dataset\segments\Halcyon_smyrnensis\XC1100471-White-throated-Kingfisher_Marina_segment_0005.wav,train
XC1100471-White-throated-Kingfisher_Marina_segment_0006.wav,XC1100471-White-throated-Kingfisher_Marina,White-throated Kingfisher,Halcyon smyrnensis,XC1100471-White-throated-Kingfisher_Marina.wav,6,15.0,20.0,5,96.462,32000,dataset\segments\Halcyon_smyrnensis\XC1100471-White-throated-Kingfisher_Marina_segment_0006.wav,train
XC1100471-White-throated-Kingfisher_Marina_segment_0007.wav,XC1100471-White-throated-Kingfisher_Marina,White-throated Kingfisher,Halcyon smyrnensis,XC1100471-White-throated-Kingfisher_Marina.wav,7,17.5,22.5,5,96.462,32000,dataset\segments\Halcyon_smyrnensis\XC1100471-White-throated-Kingfisher_Marina_segment_0007.wav,train
XC1100471-White-throated-Kingfisher_Marina_segment_0008.wav,XC1100471-White-throated-Kingfisher_Marina,White-throated Kingfisher,Halcyon smyrnensis,XC1100471-White-throated-Kingfisher_Marina.wav,8,20.0,25.0,5,96.462,32000,dataset\segments\Halcyon_smyrnensis\XC1100471-White-throated-Kingfisher_Marina_segment_0008.wav,train
XC1100471-White-throated-Kingfisher_Marina_segment_0009.wav,XC1100471-White-throated-Kingfisher_Marina,White-throated Kingfisher,Halcyon smyrnensis,XC1100471-White-throated-Kingfisher_Marina.wav,9,22.5,27.5,5,96.462,32000,dataset\segments\Halcyon_smyrnensis\XC1100471-White-throated-Kingfisher_Marina_segment_0009.wav,train
XC1100471-White-throated-Kingfisher_Marina_segment_0010.wav,XC1100471-White-throated-Kingfisher_Marina,White-throated Kingfisher,Halcyon smyrnensis,XC1100471-White-throated-Kingfisher_Marina.wav,10,25.0,30.0,5,96.462,32000,dataset\segments\Halcyon_smyrnensis\XC1100471-White-throated-Kingfisher_Marina_segment_0010.wav,train
XC1100471-White-throated-Kingfisher_Marina_segment_0011.wav,XC1100471-White-throated-Kingfisher_Marina,White-throated Kingfisher,Halcyon smyrnensis,XC1100471-White-throated-Kingfisher_Marina.wav,11,27.5,32.5,5,96.462,32000,dataset\segments\Halcyon_smyrnensis\XC1100471-White-throated-Kingfisher_Marina_segment_0011.wav,train
XC1100471-White-throated-Kingfisher_Marina_segment_0012.wav,XC1100471-White-throated-Kingfisher_Marina,White-throated Kingfisher,Halcyon smyrnensis,XC1100471-White-throated-Kingfisher_Marina.wav,12,30.0,35.0,5,96.462,32000,dataset\segments\Halcyon_smyrnensis\XC1100471-White-throated-Kingfisher_Marina_segment_0012.wav,train
XC1100471-White-throated-Kingfisher_Marina_segment_0013.wav,XC1100471-White-throated-Kingfisher_Marina,White-throated Kingfisher,Halcyon smyrnensis,XC1100471-White-throated-Kingfisher_Marina.wav,13,32.5,37.5,5,96.462,32000,dataset\segments\Halcyon_smyrnensis\XC1100471-White-throated-Kingfisher_Marina_segment_0013.wav,train
XC1100471-White-throated-Kingfisher_Marina_segment_0014.wav,XC1100471-White-throated-Kingfisher_Marina,White-throated Kingfisher,Halcyon smyrnensis,XC1100471-White-throated-Kingfisher_Marina.wav,14,35.0,40.0,5,96.462,32000,dataset\segments\Halcyon_smyrnensis\XC1100471-White-throated-Kingfisher_Marina_segment_0014.wav,train
XC1100471-White-throated-Kingfisher_Marina_segment_0015.wav,XC1100471-White-throated-Kingfisher_Marina,White-throated Kingfisher,Halcyon smyrnensis,XC1100471-White-throated-Kingfisher_Marina.wav,15,37.5,42.5,5,96.462,32000,dataset\segments\Halcyon_smyrnensis\XC1100471-White-throated-Kingfisher_Marina_segment_0015.wav,train
XC1100471-White-throated-Kingfisher_Marina_segment_0016.wav,XC1100471-White-throated-Kingfisher_Marina,White-throated Kingfisher,Halcyon smyrnensis,XC1100471-White-throated-Kingfisher_Marina.wav,16,40.0,45.0,5,96.462,32000,dataset\segments\Halcyon_smyrnensis\XC1100471-White-throated-Kingfisher_Marina_segment_0016.wav,train
XC1100471-White-throated-Kingfisher_Marina_segment_0017.wav,XC1100471-White-throated-Kingfisher_Marina,White-throated Kingfisher,Halcyon smyrnensis,XC1100471-White-throated-Kingfisher_Marina.wav,17,42.5,47.5,5,96.462,32000,dataset\segments\Halcyon_smyrnensis\XC1100471-White-throated-Kingfisher_Marina_segment_0017.wav,train
XC1100471-White-throated-Kingfisher_Marina_segment_0018.wav,XC1100471-White-throated-Kingfisher_Marina,White-throated Kingfisher,Halcyon smyrnensis,XC1100471-White-throated-Kingfisher_Marina.wav,18,45.0,50.0,5,96.462,32000,dataset\segments\Halcyon_smyrnensis\XC1100471-White-throated-Kingfisher_Marina_segment_0018.wav,train
XC1100471-White-throated-Kingfisher_Marina_segment_0019.wav,XC1100471-White-throated-Kingfisher_Marina,White-throated Kingfisher,Halcyon smyrnensis,XC1100471-White-throated-Kingfisher_Marina.wav,19,47.5,52.5,5,96.462,32000,dataset\segments\Halcyon_smyrnensis\XC1100471-White-throated-Kingfisher_Marina_segment_0019.wav,train
XC1100471-White-throated-Kingfisher_Marina_segment_0020.wav,XC1100471-White-throated-Kingfisher_Marina,White-throated Kingfisher,Halcyon smyrnensis,XC1100471-White-throated-Kingfisher_Marina.wav,20,50.0,55.0,5,96.462,32000,dataset\segments\Halcyon_smyrnensis\XC1100471-White-throated-Kingfisher_Marina_segment_0020.wav,train
XC1100471-White-throated-Kingfisher_Marina_segment_0021.wav,XC1100471-White-throated-Kingfisher_Marina,White-throated Kingfisher,Halcyon smyrnensis,XC1100471-White-throated-Kingfisher_Marina.wav,21,52.5,57.5,5,96.462,32000,dataset\segments\Halcyon_smyrnensis\XC1100471-White-throated-Kingfisher_Marina_segment_0021.wav,train
XC1100471-White-throated-Kingfisher_Marina_segment_0022.wav,XC1100471-White-throated-Kingfisher_Marina,White-throated Kingfisher,Halcyon smyrnensis,XC1100471-White-throated-Kingfisher_Marina.wav,22,55.0,60.0,5,96.462,32000,dataset\segments\Halcyon_smyrnensis\XC1100471-White-throated-Kingfisher_Marina_segment_0022.wav,train
XC1100471-White-throated-Kingfisher_Marina_segment_0023.wav,XC1100471-White-throated-Kingfisher_Marina,White-throated Kingfisher,Halcyon smyrnensis,XC1100471-White-throated-Kingfisher_Marina.wav,23,57.5,62.5,5,96.462,32000,dataset\segments\Halcyon_smyrnensis\XC1100471-White-throated-Kingfisher_Marina_segment_0023.wav,train
XC1100471-White-throated-Kingfisher_Marina_segment_0024.wav,XC1100471-White-throated-Kingfisher_Marina,White-throated Kingfisher,Halcyon smyrnensis,XC1100471-White-throated-Kingfisher_Marina.wav,24,60.0,65.0,5,96.462,32000,dataset\segments\Halcyon_smyrnensis\XC1100471-White-throated-Kingfisher_Marina_segment_0024.wav,train
XC1100471-White-throated-Kingfisher_Marina_segment_0025.wav,XC1100471-White-throated-Kingfisher_Marina,White-throated Kingfisher,Halcyon smyrnensis,XC1100471-White-throated-Kingfisher_Marina.wav,25,62.5,67.5,5,96.462,32000,dataset\segments\Halcyon_smyrnensis\XC1100471-White-throated-Kingfisher_Marina_segment_0025.wav,train
XC1100471-White-throated-Kingfisher_Marina_segment_0026.wav,XC1100471-White-throated-Kingfisher_Marina,White-throated Kingfisher,Halcyon smyrnensis,XC1100471-White-throated-Kingfisher_Marina.wav,26,65.0,70.0,5,96.462,32000,dataset\segments\Halcyon_smyrnensis\XC1100471-White-throated-Kingfisher_Marina_segment_0026.wav,train
XC1100471-White-throated-Kingfisher_Marina_segment_0027.wav,XC1100471-White-throated-Kingfisher_Marina,White-throated Kingfisher,Halcyon smyrnensis,XC1100471-White-throated-Kingfisher_Marina.wav,27,67.5,72.5,5,96.462,32000,dataset\segments\Halcyon_smyrnensis\XC1100471-White-throated-Kingfisher_Marina_segment_0027.wav,train
XC1100471-White-throated-Kingfisher_Marina_segment_0028.wav,XC1100471-White-throated-Kingfisher_Marina,White-throated Kingfisher,Halcyon smyrnensis,XC1100471-White-throated-Kingfisher_Marina.wav,28,70.0,75.0,5,96.462,32000,dataset\segments\Halcyon_smyrnensis\XC1100471-White-throated-Kingfisher_Marina_segment_0028.wav,train
XC1100471-White-throated-Kingfisher_Marina_segment_0029.wav,XC1100471-White-throated-Kingfisher_Marina,White-throated Kingfisher,Halcyon smyrnensis,XC1100471-White-throated-Kingfisher_Marina.wav,29,72.5,77.5,5,96.462,32000,dataset\segments\Halcyon_smyrnensis\XC1100471-White-throated-Kingfisher_Marina_segment_0029.wav,train
XC1100471-White-throated-Kingfisher_Marina_segment_0030.wav,XC1100471-White-throated-Kingfisher_Marina,White-throated Kingfisher,Halcyon smyrnensis,XC1100471-White-throated-Kingfisher_Marina.wav,30,75.0,80.0,5,96.462,32000,dataset\segments\Halcyon_smyrnensis\XC1100471-White-throated-Kingfisher_Marina_segment_0030.wav,train
XC1100471-White-throated-Kingfisher_Marina_segment_0031.wav,XC1100471-White-throated-Kingfisher_Marina,White-throated Kingfisher,Halcyon smyrnensis,XC1100471-White-throated-Kingfisher_Marina.wav,31,77.5,82.5,5,96.462,32000,dataset\segments\Halcyon_smyrnensis\XC1100471-White-throated-Kingfisher_Marina_segment_0031.wav,train
XC1100471-White-throated-Kingfisher_Marina_segment_0032.wav,XC1100471-White-throated-Kingfisher_Marina,White-throated Kingfisher,Halcyon smyrnensis,XC1100471-White-throated-Kingfisher_Marina.wav,32,80.0,85.0,5,96.462,32000,dataset\segments\Halcyon_smyrnensis\XC1100471-White-throated-Kingfisher_Marina_segment_0032.wav,train
XC1100471-White-throated-Kingfisher_Marina_segment_0033.wav,XC1100471-White-throated-Kingfisher_Marina,White-throated Kingfisher,Halcyon smyrnensis,XC1100471-White-throated-Kingfisher_Marina.wav,33,82.5,87.5,5,96.462,32000,dataset\segments\Halcyon_smyrnensis\XC1100471-White-throated-Kingfisher_Marina_segment_0033.wav,train
XC1100471-White-throated-Kingfisher_Marina_segment_0034.wav,XC1100471-White-throated-Kingfisher_Marina,White-throated Kingfisher,Halcyon smyrnensis,XC1100471-White-throated-Kingfisher_Marina.wav,34,85.0,90.0,5,96.462,32000,dataset\segments\Halcyon_smyrnensis\XC1100471-White-throated-Kingfisher_Marina_segment_0034.wav,train
XC1100471-White-throated-Kingfisher_Marina_segment_0035.wav,XC1100471-White-throated-Kingfisher_Marina,White-throated Kingfisher,Halcyon smyrnensis,XC1100471-White-throated-Kingfisher_Marina.wav,35,87.5,92.5,5,96.462,32000,dataset\segments\Halcyon_smyrnensis\XC1100471-White-throated-Kingfisher_Marina_segment_0035.wav,train
XC1100471-White-throated-Kingfisher_Marina_segment_0036.wav,XC1100471-White-throated-Kingfisher_Marina,White-throated Kingfisher,Halcyon smyrnensis,XC1100471-White-throated-Kingfisher_Marina.wav,36,90.0,95.0,5,96.462,32000,dataset\segments\Halcyon_smyrnensis\XC1100471-White-throated-Kingfisher_Marina_segment_0036.wav,train
XC1100474-White-throated-Kingfisher_Marina2_segment_0000.wav,XC1100474-White-throated-Kingfisher_Marina2,White-throated Kingfisher,Halcyon smyrnensis,XC1100474-White-throated-Kingfisher_Marina2.wav,0,0.0,5.0,5,67.518,32000,dataset\segments\Halcyon_smyrnensis\XC1100474-White-throated-Kingfisher_Marina2_segment_0000.wav,train
XC1100474-White-throated-Kingfisher_Marina2_segment_0001.wav,XC1100474-White-throated-Kingfisher_Marina2,White-throated Kingfisher,Halcyon smyrnensis,XC1100474-White-throated-Kingfisher_Marina2.wav,1,2.5,7.5,5,67.518,32000,dataset\segments\Halcyon_smyrnensis\XC1100474-White-throated-Kingfisher_Marina2_segment_0001.wav,train
XC1100474-White-throated-Kingfisher_Marina2_segment_0002.wav,XC1100474-White-throated-Kingfisher_Marina2,White-throated Kingfisher,Halcyon smyrnensis,XC1100474-White-throated-Kingfisher_Marina2.wav,2,5.0,10.0,5,67.518,32000,dataset\segments\Halcyon_smyrnensis\XC1100474-White-throated-Kingfisher_Marina2_segment_0002.wav,train
XC1100474-White-throated-Kingfisher_Marina2_segment_0003.wav,XC1100474-White-throated-Kingfisher_Marina2,White-throated Kingfisher,Halcyon smyrnensis,XC1100474-White-throated-Kingfisher_Marina2.wav,3,7.5,12.5,5,67.518,32000,dataset\segments\Halcyon_smyrnensis\XC1100474-White-throated-Kingfisher_Marina2_segment_0003.wav,train
XC1100474-White-throated-Kingfisher_Marina2_segment_0004.wav,XC1100474-White-throated-Kingfisher_Marina2,White-throated Kingfisher,Halcyon smyrnensis,XC1100474-White-throated-Kingfisher_Marina2.wav,4,10.0,15.0,5,67.518,32000,dataset\segments\Halcyon_smyrnensis\XC1100474-White-throated-Kingfisher_Marina2_segment_0004.wav,train
XC1100474-White-throated-Kingfisher_Marina2_segment_0005.wav,XC1100474-White-throated-Kingfisher_Marina2,White-throated Kingfisher,Halcyon smyrnensis,XC1100474-White-throated-Kingfisher_Marina2.wav,5,12.5,17.5,5,67.518,32000,dataset\segments\Halcyon_smyrnensis\XC1100474-White-throated-Kingfisher_Marina2_segment_0005.wav,train
XC1100474-White-throated-Kingfisher_Marina2_segment_0006.wav,XC1100474-White-throated-Kingfisher_Marina2,White-throated Kingfisher,Halcyon smyrnensis,XC1100474-White-throated-Kingfisher_Marina2.wav,6,15.0,20.0,5,67.518,32000,dataset\segments\Halcyon_smyrnensis\XC1100474-White-throated-Kingfisher_Marina2_segment_0006.wav,train
XC1100474-White-throated-Kingfisher_Marina2_segment_0007.wav,XC1100474-White-throated-Kingfisher_Marina2,White-throated Kingfisher,Halcyon smyrnensis,XC1100474-White-throated-Kingfisher_Marina2.wav,7,17.5,22.5,5,67.518,32000,dataset\segments\Halcyon_smyrnensis\XC1100474-White-throated-Kingfisher_Marina2_segment_0007.wav,train
XC1100474-White-throated-Kingfisher_Marina2_segment_0008.wav,XC1100474-White-throated-Kingfisher_Marina2,White-throated Kingfisher,Halcyon smyrnensis,XC1100474-White-throated-Kingfisher_Marina2.wav,8,20.0,25.0,5,67.518,32000,dataset\segments\Halcyon_smyrnensis\XC1100474-White-throated-Kingfisher_Marina2_segment_0008.wav,train
XC1100474-White-throated-Kingfisher_Marina2_segment_0009.wav,XC1100474-White-throated-Kingfisher_Marina2,White-throated Kingfisher,Halcyon smyrnensis,XC1100474-White-throated-Kingfisher_Marina2.wav,9,22.5,27.5,5,67.518,32000,dataset\segments\Halcyon_smyrnensis\XC1100474-White-throated-Kingfisher_Marina2_segment_0009.wav,train
XC1100474-White-throated-Kingfisher_Marina2_segment_0010.wav,XC1100474-White-throated-Kingfisher_Marina2,White-throated Kingfisher,Halcyon smyrnensis,XC1100474-White-throated-Kingfisher_Marina2.wav,10,25.0,30.0,5,67.518,32000,dataset\segments\Halcyon_smyrnensis\XC1100474-White-throated-Kingfisher_Marina2_segment_0010.wav,train
XC1100474-White-throated-Kingfisher_Marina2_segment_0011.wav,XC1100474-White-throated-Kingfisher_Marina2,White-throated Kingfisher,Halcyon smyrnensis,XC1100474-White-throated-Kingfisher_Marina2.wav,11,27.5,32.5,5,67.518,32000,dataset\segments\Halcyon_smyrnensis\XC1100474-White-throated-Kingfisher_Marina2_segment_0011.wav,train
XC1100474-White-throated-Kingfisher_Marina2_segment_0012.wav,XC1100474-White-throated-Kingfisher_Marina2,White-throated Kingfisher,Halcyon smyrnensis,XC1100474-White-throated-Kingfisher_Marina2.wav,12,30.0,35.0,5,67.518,32000,dataset\segments\Halcyon_smyrnensis\XC1100474-White-throated-Kingfisher_Marina2_segment_0012.wav,train
XC1100474-White-throated-Kingfisher_Marina2_segment_0013.wav,XC1100474-White-throated-Kingfisher_Marina2,White-throated Kingfisher,Halcyon smyrnensis,XC1100474-White-throated-Kingfisher_Marina2.wav,13,32.5,37.5,5,67.518,32000,dataset\segments\Halcyon_smyrnensis\XC1100474-White-throated-Kingfisher_Marina2_segment_0013.wav,train
XC1100474-White-throated-Kingfisher_Marina2_segment_0014.wav,XC1100474-White-throated-Kingfisher_Marina2,White-throated Kingfisher,Halcyon smyrnensis,XC1100474-White-throated-Kingfisher_Marina2.wav,14,35.0,40.0,5,67.518,32000,dataset\segments\Halcyon_smyrnensis\XC1100474-White-throated-Kingfisher_Marina2_segment_0014.wav,train
XC1100474-White-throated-Kingfisher_Marina2_segment_0015.wav,XC1100474-White-throated-Kingfisher_Marina2,White-throated Kingfisher,Halcyon smyrnensis,XC1100474-White-throated-Kingfisher_Marina2.wav,15,37.5,42.5,5,67.518,32000,dataset\segments\Halcyon_smyrnensis\XC1100474-White-throated-Kingfisher_Marina2_segment_0015.wav,train
XC1100474-White-throated-Kingfisher_Marina2_segment_0016.wav,XC1100474-White-throated-Kingfisher_Marina2,White-throated Kingfisher,Halcyon smyrnensis,XC1100474-White-throated-Kingfisher_Marina2.wav,16,40.0,45.0,5,67.518,32000,dataset\segments\Halcyon_smyrnensis\XC1100474-White-throated-Kingfisher_Marina2_segment_0016.wav,train
XC1100474-White-throated-Kingfisher_Marina2_segment_0017.wav,XC1100474-White-throated-Kingfisher_Marina2,White-throated Kingfisher,Halcyon smyrnensis,XC1100474-White-throated-Kingfisher_Marina2.wav,17,42.5,47.5,5,67.518,32000,dataset\segments\Halcyon_smyrnensis\XC1100474-White-throated-Kingfisher_Marina2_segment_0017.wav,train
XC1100474-White-throated-Kingfisher_Marina2_segment_0018.wav,XC1100474-White-throated-Kingfisher_Marina2,White-throated Kingfisher,Halcyon smyrnensis,XC1100474-White-throated-Kingfisher_Marina2.wav,18,45.0,50.0,5,67.518,32000,dataset\segments\Halcyon_smyrnensis\XC1100474-White-throated-Kingfisher_Marina2_segment_0018.wav,train
XC1100474-White-throated-Kingfisher_Marina2_segment_0019.wav,XC1100474-White-throated-Kingfisher_Marina2,White-throated Kingfisher,Halcyon smyrnensis,XC1100474-White-throated-Kingfisher_Marina2.wav,19,47.5,52.5,5,67.518,32000,dataset\segments\Halcyon_smyrnensis\XC1100474-White-throated-Kingfisher_Marina2_segment_0019.wav,train
XC1100474-White-throated-Kingfisher_Marina2_segment_0020.wav,XC1100474-White-throated-Kingfisher_Marina2,White-throated Kingfisher,Halcyon smyrnensis,XC1100474-White-throated-Kingfisher_Marina2.wav,20,50.0,55.0,5,67.518,32000,dataset\segments\Halcyon_smyrnensis\XC1100474-White-throated-Kingfisher_Marina2_segment_0020.wav,train
XC1100474-White-throated-Kingfisher_Marina2_segment_0021.wav,XC1100474-White-throated-Kingfisher_Marina2,White-throated Kingfisher,Halcyon smyrnensis,XC1100474-White-throated-Kingfisher_Marina2.wav,21,52.5,57.5,5,67.518,32000,dataset\segments\Halcyon_smyrnensis\XC1100474-White-throated-Kingfisher_Marina2_segment_0021.wav,train
XC1100474-White-throated-Kingfisher_Marina2_segment_0022.wav,XC1100474-White-throated-Kingfisher_Marina2,White-throated Kingfisher,Halcyon smyrnensis,XC1100474-White-throated-Kingfisher_Marina2.wav,22,55.0,60.0,5,67.518,32000,dataset\segments\Halcyon_smyrnensis\XC1100474-White-throated-Kingfisher_Marina2_segment_0022.wav,train
XC1100474-White-throated-Kingfisher_Marina2_segment_0023.wav,XC1100474-White-throated-Kingfisher_Marina2,White-throated Kingfisher,Halcyon smyrnensis,XC1100474-White-throated-Kingfisher_Marina2.wav,23,57.5,62.5,5,67.518,32000,dataset\segments\Halcyon_smyrnensis\XC1100474-White-throated-Kingfisher_Marina2_segment_0023.wav,train
XC1100474-White-throated-Kingfisher_Marina2_segment_0024.wav,XC1100474-White-throated-Kingfisher_Marina2,White-throated Kingfisher,Halcyon smyrnensis,XC1100474-White-throated-Kingfisher_Marina2.wav,24,60.0,65.0,5,67.518,32000,dataset\segments\Halcyon_smyrnensis\XC1100474-White-throated-Kingfisher_Marina2_segment_0024.wav,train
XC1100474-White-throated-Kingfisher_Marina2_segment_0025.wav,XC1100474-White-throated-Kingfisher_Marina2,White-throated Kingfisher,Halcyon smyrnensis,XC1100474-White-throated-Kingfisher_Marina2.wav,25,62.5,67.5,5,67.518,32000,dataset\segments\Halcyon_smyrnensis\XC1100474-White-throated-Kingfisher_Marina2_segment_0025.wav,train
"XC942414-White-throated-Kingfisher,-call,-Paya-Indah-Wetlands,-Malaysia,-040924,-0904-uur_segment_0000.wav","XC942414-White-throated-Kingfisher,-call,-Paya-Indah-Wetlands,-Malaysia,-040924,-0904-uur",White-throated Kingfisher,Halcyon smyrnensis,"XC942414-White-throated-Kingfisher,-call,-Paya-Indah-Wetlands,-Malaysia,-040924,-0904-uur.wav",0,0.0,5.0,5,39.3,32000,"dataset\segments\Halcyon_smyrnensis\XC942414-White-throated-Kingfisher,-call,-Paya-Indah-Wetlands,-Malaysia,-040924,-0904-uur_segment_0000.wav",train
"XC942414-White-throated-Kingfisher,-call,-Paya-Indah-Wetlands,-Malaysia,-040924,-0904-uur_segment_0001.wav","XC942414-White-throated-Kingfisher,-call,-Paya-Indah-Wetlands,-Malaysia,-040924,-0904-uur",White-throated Kingfisher,Halcyon smyrnensis,"XC942414-White-throated-Kingfisher,-call,-Paya-Indah-Wetlands,-Malaysia,-040924,-0904-uur.wav",1,2.5,7.5,5,39.3,32000,"dataset\segments\Halcyon_smyrnensis\XC942414-White-throated-Kingfisher,-call,-Paya-Indah-Wetlands,-Malaysia,-040924,-0904-uur_segment_0001.wav",train
"XC942414-White-throated-Kingfisher,-call,-Paya-Indah-Wetlands,-Malaysia,-040924,-0904-uur_segment_0002.wav","XC942414-White-throated-Kingfisher,-call,-Paya-Indah-Wetlands,-Malaysia,-040924,-0904-uur",White-throated Kingfisher,Halcyon smyrnensis,"XC942414-White-throated-Kingfisher,-call,-Paya-Indah-Wetlands,-Malaysia,-040924,-0904-uur.wav",2,5.0,10.0,5,39.3,32000,"dataset\segments\Halcyon_smyrnensis\XC942414-White-throated-Kingfisher,-call,-Paya-Indah-Wetlands,-Malaysia,-040924,-0904-uur_segment_0002.wav",train
"XC942414-White-throated-Kingfisher,-call,-Paya-Indah-Wetlands,-Malaysia,-040924,-0904-uur_segment_0003.wav","XC942414-White-throated-Kingfisher,-call,-Paya-Indah-Wetlands,-Malaysia,-040924,-0904-uur",White-throated Kingfisher,Halcyon smyrnensis,"XC942414-White-throated-Kingfisher,-call,-Paya-Indah-Wetlands,-Malaysia,-040924,-0904-uur.wav",3,7.5,12.5,5,39.3,32000,"dataset\segments\Halcyon_smyrnensis\XC942414-White-throated-Kingfisher,-call,-Paya-Indah-Wetlands,-Malaysia,-040924,-0904-uur_segment_0003.wav",train
"XC942414-White-throated-Kingfisher,-call,-Paya-Indah-Wetlands,-Malaysia,-040924,-0904-uur_segment_0004.wav","XC942414-White-throated-Kingfisher,-call,-Paya-Indah-Wetlands,-Malaysia,-040924,-0904-uur",White-throated Kingfisher,Halcyon smyrnensis,"XC942414-White-throated-Kingfisher,-call,-Paya-Indah-Wetlands,-Malaysia,-040924,-0904-uur.wav",4,10.0,15.0,5,39.3,32000,"dataset\segments\Halcyon_smyrnensis\XC942414-White-throated-Kingfisher,-call,-Paya-Indah-Wetlands,-Malaysia,-040924,-0904-uur_segment_0004.wav",train
"XC942414-White-throated-Kingfisher,-call,-Paya-Indah-Wetlands,-Malaysia,-040924,-0904-uur_segment_0005.wav","XC942414-White-throated-Kingfisher,-call,-Paya-Indah-Wetlands,-Malaysia,-040924,-0904-uur",White-throated Kingfisher,Halcyon smyrnensis,"XC942414-White-throated-Kingfisher,-call,-Paya-Indah-Wetlands,-Malaysia,-040924,-0904-uur.wav",5,12.5,17.5,5,39.3,32000,"dataset\segments\Halcyon_smyrnensis\XC942414-White-throated-Kingfisher,-call,-Paya-Indah-Wetlands,-Malaysia,-040924,-0904-uur_segment_0005.wav",train
"XC942414-White-throated-Kingfisher,-call,-Paya-Indah-Wetlands,-Malaysia,-040924,-0904-uur_segment_0006.wav","XC942414-White-throated-Kingfisher,-call,-Paya-Indah-Wetlands,-Malaysia,-040924,-0904-uur",White-throated Kingfisher,Halcyon smyrnensis,"XC942414-White-throated-Kingfisher,-call,-Paya-Indah-Wetlands,-Malaysia,-040924,-0904-uur.wav",6,15.0,20.0,5,39.3,32000,"dataset\segments\Halcyon_smyrnensis\XC942414-White-throated-Kingfisher,-call,-Paya-Indah-Wetlands,-Malaysia,-040924,-0904-uur_segment_0006.wav",train
"XC942414-White-throated-Kingfisher,-call,-Paya-Indah-Wetlands,-Malaysia,-040924,-0904-uur_segment_0007.wav","XC942414-White-throated-Kingfisher,-call,-Paya-Indah-Wetlands,-Malaysia,-040924,-0904-uur",White-throated Kingfisher,Halcyon smyrnensis,"XC942414-White-throated-Kingfisher,-call,-Paya-Indah-Wetlands,-Malaysia,-040924,-0904-uur.wav",7,17.5,22.5,5,39.3,32000,"dataset\segments\Halcyon_smyrnensis\XC942414-White-throated-Kingfisher,-call,-Paya-Indah-Wetlands,-Malaysia,-040924,-0904-uur_segment_0007.wav",train
"XC942414-White-throated-Kingfisher,-call,-Paya-Indah-Wetlands,-Malaysia,-040924,-0904-uur_segment_0008.wav","XC942414-White-throated-Kingfisher,-call,-Paya-Indah-Wetlands,-Malaysia,-040924,-0904-uur",White-throated Kingfisher,Halcyon smyrnensis,"XC942414-White-throated-Kingfisher,-call,-Paya-Indah-Wetlands,-Malaysia,-040924,-0904-uur.wav",8,20.0,25.0,5,39.3,32000,"dataset\segments\Halcyon_smyrnensis\XC942414-White-throated-Kingfisher,-call,-Paya-Indah-Wetlands,-Malaysia,-040924,-0904-uur_segment_0008.wav",train
"XC942414-White-throated-Kingfisher,-call,-Paya-Indah-Wetlands,-Malaysia,-040924,-0904-uur_segment_0009.wav","XC942414-White-throated-Kingfisher,-call,-Paya-Indah-Wetlands,-Malaysia,-040924,-0904-uur",White-throated Kingfisher,Halcyon smyrnensis,"XC942414-White-throated-Kingfisher,-call,-Paya-Indah-Wetlands,-Malaysia,-040924,-0904-uur.wav",9,22.5,27.5,5,39.3,32000,"dataset\segments\Halcyon_smyrnensis\XC942414-White-throated-Kingfisher,-call,-Paya-Indah-Wetlands,-Malaysia,-040924,-0904-uur_segment_0009.wav",train
"XC942414-White-throated-Kingfisher,-call,-Paya-Indah-Wetlands,-Malaysia,-040924,-0904-uur_segment_0010.wav","XC942414-White-throated-Kingfisher,-call,-Paya-Indah-Wetlands,-Malaysia,-040924,-0904-uur",White-throated Kingfisher,Halcyon smyrnensis,"XC942414-White-throated-Kingfisher,-call,-Paya-Indah-Wetlands,-Malaysia,-040924,-0904-uur.wav",10,25.0,30.0,5,39.3,32000,"dataset\segments\Halcyon_smyrnensis\XC942414-White-throated-Kingfisher,-call,-Paya-Indah-Wetlands,-Malaysia,-040924,-0904-uur_segment_0010.wav",train
"XC942414-White-throated-Kingfisher,-call,-Paya-Indah-Wetlands,-Malaysia,-040924,-0904-uur_segment_0011.wav","XC942414-White-throated-Kingfisher,-call,-Paya-Indah-Wetlands,-Malaysia,-040924,-0904-uur",White-throated Kingfisher,Halcyon smyrnensis,"XC942414-White-throated-Kingfisher,-call,-Paya-Indah-Wetlands,-Malaysia,-040924,-0904-uur.wav",11,27.5,32.5,5,39.3,32000,"dataset\segments\Halcyon_smyrnensis\XC942414-White-throated-Kingfisher,-call,-Paya-Indah-Wetlands,-Malaysia,-040924,-0904-uur_segment_0011.wav",train
"XC942414-White-throated-Kingfisher,-call,-Paya-Indah-Wetlands,-Malaysia,-040924,-0904-uur_segment_0012.wav","XC942414-White-throated-Kingfisher,-call,-Paya-Indah-Wetlands,-Malaysia,-040924,-0904-uur",White-throated Kingfisher,Halcyon smyrnensis,"XC942414-White-throated-Kingfisher,-call,-Paya-Indah-Wetlands,-Malaysia,-040924,-0904-uur.wav",12,30.0,35.0,5,39.3,32000,"dataset\segments\Halcyon_smyrnensis\XC942414-White-throated-Kingfisher,-call,-Paya-Indah-Wetlands,-Malaysia,-040924,-0904-uur_segment_0012.wav",train
"XC942414-White-throated-Kingfisher,-call,-Paya-Indah-Wetlands,-Malaysia,-040924,-0904-uur_segment_0013.wav","XC942414-White-throated-Kingfisher,-call,-Paya-Indah-Wetlands,-Malaysia,-040924,-0904-uur",White-throated Kingfisher,Halcyon smyrnensis,"XC942414-White-throated-Kingfisher,-call,-Paya-Indah-Wetlands,-Malaysia,-040924,-0904-uur.wav",13,32.5,37.5,5,39.3,32000,"dataset\segments\Halcyon_smyrnensis\XC942414-White-throated-Kingfisher,-call,-Paya-Indah-Wetlands,-Malaysia,-040924,-0904-uur_segment_0013.wav",train
"XC949671-White-throated-Kingfisher-singing-very-good-2024-11-01-Benjakiti-Park,-Bangkok,-Thailand_005_short_segment_0000.wav","XC949671-White-throated-Kingfisher-singing-very-good-2024-11-01-Benjakiti-Park,-Bangkok,-Thailand_005_short",White-throated Kingfisher,Halcyon smyrnensis,"XC949671-White-throated-Kingfisher-singing-very-good-2024-11-01-Benjakiti-Park,-Bangkok,-Thailand_005_short.wav",0,0.0,5.0,5,23.626,32000,"dataset\segments\Halcyon_smyrnensis\XC949671-White-throated-Kingfisher-singing-very-good-2024-11-01-Benjakiti-Park,-Bangkok,-Thailand_005_short_segment_0000.wav",train
"XC949671-White-throated-Kingfisher-singing-very-good-2024-11-01-Benjakiti-Park,-Bangkok,-Thailand_005_short_segment_0001.wav","XC949671-White-throated-Kingfisher-singing-very-good-2024-11-01-Benjakiti-Park,-Bangkok,-Thailand_005_short",White-throated Kingfisher,Halcyon smyrnensis,"XC949671-White-throated-Kingfisher-singing-very-good-2024-11-01-Benjakiti-Park,-Bangkok,-Thailand_005_short.wav",1,2.5,7.5,5,23.626,32000,"dataset\segments\Halcyon_smyrnensis\XC949671-White-throated-Kingfisher-singing-very-good-2024-11-01-Benjakiti-Park,-Bangkok,-Thailand_005_short_segment_0001.wav",train
"XC949671-White-throated-Kingfisher-singing-very-good-2024-11-01-Benjakiti-Park,-Bangkok,-Thailand_005_short_segment_0002.wav","XC949671-White-throated-Kingfisher-singing-very-good-2024-11-01-Benjakiti-Park,-Bangkok,-Thailand_005_short",White-throated Kingfisher,Halcyon smyrnensis,"XC949671-White-throated-Kingfisher-singing-very-good-2024-11-01-Benjakiti-Park,-Bangkok,-Thailand_005_short.wav",2,5.0,10.0,5,23.626,32000,"dataset\segments\Halcyon_smyrnensis\XC949671-White-throated-Kingfisher-singing-very-good-2024-11-01-Benjakiti-Park,-Bangkok,-Thailand_005_short_segment_0002.wav",train
"XC949671-White-throated-Kingfisher-singing-very-good-2024-11-01-Benjakiti-Park,-Bangkok,-Thailand_005_short_segment_0003.wav","XC949671-White-throated-Kingfisher-singing-very-good-2024-11-01-Benjakiti-Park,-Bangkok,-Thailand_005_short",White-throated Kingfisher,Halcyon smyrnensis,"XC949671-White-throated-Kingfisher-singing-very-good-2024-11-01-Benjakiti-Park,-Bangkok,-Thailand_005_short.wav",3,7.5,12.5,5,23.626,32000,"dataset\segments\Halcyon_smyrnensis\XC949671-White-throated-Kingfisher-singing-very-good-2024-11-01-Benjakiti-Park,-Bangkok,-Thailand_005_short_segment_0003.wav",train
"XC949671-White-throated-Kingfisher-singing-very-good-2024-11-01-Benjakiti-Park,-Bangkok,-Thailand_005_short_segment_0004.wav","XC949671-White-throated-Kingfisher-singing-very-good-2024-11-01-Benjakiti-Park,-Bangkok,-Thailand_005_short",White-throated Kingfisher,Halcyon smyrnensis,"XC949671-White-throated-Kingfisher-singing-very-good-2024-11-01-Benjakiti-Park,-Bangkok,-Thailand_005_short.wav",4,10.0,15.0,5,23.626,32000,"dataset\segments\Halcyon_smyrnensis\XC949671-White-throated-Kingfisher-singing-very-good-2024-11-01-Benjakiti-Park,-Bangkok,-Thailand_005_short_segment_0004.wav",train
"XC949671-White-throated-Kingfisher-singing-very-good-2024-11-01-Benjakiti-Park,-Bangkok,-Thailand_005_short_segment_0005.wav","XC949671-White-throated-Kingfisher-singing-very-good-2024-11-01-Benjakiti-Park,-Bangkok,-Thailand_005_short",White-throated Kingfisher,Halcyon smyrnensis,"XC949671-White-throated-Kingfisher-singing-very-good-2024-11-01-Benjakiti-Park,-Bangkok,-Thailand_005_short.wav",5,12.5,17.5,5,23.626,32000,"dataset\segments\Halcyon_smyrnensis\XC949671-White-throated-Kingfisher-singing-very-good-2024-11-01-Benjakiti-Park,-Bangkok,-Thailand_005_short_segment_0005.wav",train
"XC949671-White-throated-Kingfisher-singing-very-good-2024-11-01-Benjakiti-Park,-Bangkok,-Thailand_005_short_segment_0006.wav","XC949671-White-throated-Kingfisher-singing-very-good-2024-11-01-Benjakiti-Park,-Bangkok,-Thailand_005_short",White-throated Kingfisher,Halcyon smyrnensis,"XC949671-White-throated-Kingfisher-singing-very-good-2024-11-01-Benjakiti-Park,-Bangkok,-Thailand_005_short.wav",6,15.0,20.0,5,23.626,32000,"dataset\segments\Halcyon_smyrnensis\XC949671-White-throated-Kingfisher-singing-very-good-2024-11-01-Benjakiti-Park,-Bangkok,-Thailand_005_short_segment_0006.wav",train
"XC949671-White-throated-Kingfisher-singing-very-good-2024-11-01-Benjakiti-Park,-Bangkok,-Thailand_005_short_segment_0007.wav","XC949671-White-throated-Kingfisher-singing-very-good-2024-11-01-Benjakiti-Park,-Bangkok,-Thailand_005_short",White-throated Kingfisher,Halcyon smyrnensis,"XC949671-White-throated-Kingfisher-singing-very-good-2024-11-01-Benjakiti-Park,-Bangkok,-Thailand_005_short.wav",7,17.5,22.5,5,23.626,32000,"dataset\segments\Halcyon_smyrnensis\XC949671-White-throated-Kingfisher-singing-very-good-2024-11-01-Benjakiti-Park,-Bangkok,-Thailand_005_short_segment_0007.wav",train
XC978470-20250302-0844-蒼翡翠-edit_segment_0000.wav,XC978470-20250302-0844-蒼翡翠-edit,White-throated Kingfisher,Halcyon smyrnensis,XC978470-20250302-0844-蒼翡翠-edit.wav,0,0.0,5.0,5,51.393,32000,dataset\segments\Halcyon_smyrnensis\XC978470-20250302-0844-蒼翡翠-edit_segment_0000.wav,train
XC978470-20250302-0844-蒼翡翠-edit_segment_0001.wav,XC978470-20250302-0844-蒼翡翠-edit,White-throated Kingfisher,Halcyon smyrnensis,XC978470-20250302-0844-蒼翡翠-edit.wav,1,2.5,7.5,5,51.393,32000,dataset\segments\Halcyon_smyrnensis\XC978470-20250302-0844-蒼翡翠-edit_segment_0001.wav,train
XC978470-20250302-0844-蒼翡翠-edit_segment_0002.wav,XC978470-20250302-0844-蒼翡翠-edit,White-throated Kingfisher,Halcyon smyrnensis,XC978470-20250302-0844-蒼翡翠-edit.wav,2,5.0,10.0,5,51.393,32000,dataset\segments\Halcyon_smyrnensis\XC978470-20250302-0844-蒼翡翠-edit_segment_0002.wav,train
XC978470-20250302-0844-蒼翡翠-edit_segment_0003.wav,XC978470-20250302-0844-蒼翡翠-edit,White-throated Kingfisher,Halcyon smyrnensis,XC978470-20250302-0844-蒼翡翠-edit.wav,3,7.5,12.5,5,51.393,32000,dataset\segments\Halcyon_smyrnensis\XC978470-20250302-0844-蒼翡翠-edit_segment_0003.wav,train
XC978470-20250302-0844-蒼翡翠-edit_segment_0004.wav,XC978470-20250302-0844-蒼翡翠-edit,White-throated Kingfisher,Halcyon smyrnensis,XC978470-20250302-0844-蒼翡翠-edit.wav,4,10.0,15.0,5,51.393,32000,dataset\segments\Halcyon_smyrnensis\XC978470-20250302-0844-蒼翡翠-edit_segment_0004.wav,train
XC978470-20250302-0844-蒼翡翠-edit_segment_0005.wav,XC978470-20250302-0844-蒼翡翠-edit,White-throated Kingfisher,Halcyon smyrnensis,XC978470-20250302-0844-蒼翡翠-edit.wav,5,12.5,17.5,5,51.393,32000,dataset\segments\Halcyon_smyrnensis\XC978470-20250302-0844-蒼翡翠-edit_segment_0005.wav,train
XC978470-20250302-0844-蒼翡翠-edit_segment_0006.wav,XC978470-20250302-0844-蒼翡翠-edit,White-throated Kingfisher,Halcyon smyrnensis,XC978470-20250302-0844-蒼翡翠-edit.wav,6,15.0,20.0,5,51.393,32000,dataset\segments\Halcyon_smyrnensis\XC978470-20250302-0844-蒼翡翠-edit_segment_0006.wav,train
XC978470-20250302-0844-蒼翡翠-edit_segment_0007.wav,XC978470-20250302-0844-蒼翡翠-edit,White-throated Kingfisher,Halcyon smyrnensis,XC978470-20250302-0844-蒼翡翠-edit.wav,7,17.5,22.5,5,51.393,32000,dataset\segments\Halcyon_smyrnensis\XC978470-20250302-0844-蒼翡翠-edit_segment_0007.wav,train
XC978470-20250302-0844-蒼翡翠-edit_segment_0008.wav,XC978470-20250302-0844-蒼翡翠-edit,White-throated Kingfisher,Halcyon smyrnensis,XC978470-20250302-0844-蒼翡翠-edit.wav,8,20.0,25.0,5,51.393,32000,dataset\segments\Halcyon_smyrnensis\XC978470-20250302-0844-蒼翡翠-edit_segment_0008.wav,train
XC978470-20250302-0844-蒼翡翠-edit_segment_0009.wav,XC978470-20250302-0844-蒼翡翠-edit,White-throated Kingfisher,Halcyon smyrnensis,XC978470-20250302-0844-蒼翡翠-edit.wav,9,22.5,27.5,5,51.393,32000,dataset\segments\Halcyon_smyrnensis\XC978470-20250302-0844-蒼翡翠-edit_segment_0009.wav,train
XC978470-20250302-0844-蒼翡翠-edit_segment_0010.wav,XC978470-20250302-0844-蒼翡翠-edit,White-throated Kingfisher,Halcyon smyrnensis,XC978470-20250302-0844-蒼翡翠-edit.wav,10,25.0,30.0,5,51.393,32000,dataset\segments\Halcyon_smyrnensis\XC978470-20250302-0844-蒼翡翠-edit_segment_0010.wav,train
XC978470-20250302-0844-蒼翡翠-edit_segment_0011.wav,XC978470-20250302-0844-蒼翡翠-edit,White-throated Kingfisher,Halcyon smyrnensis,XC978470-20250302-0844-蒼翡翠-edit.wav,11,27.5,32.5,5,51.393,32000,dataset\segments\Halcyon_smyrnensis\XC978470-20250302-0844-蒼翡翠-edit_segment_0011.wav,train
XC978470-20250302-0844-蒼翡翠-edit_segment_0012.wav,XC978470-20250302-0844-蒼翡翠-edit,White-throated Kingfisher,Halcyon smyrnensis,XC978470-20250302-0844-蒼翡翠-edit.wav,12,30.0,35.0,5,51.393,32000,dataset\segments\Halcyon_smyrnensis\XC978470-20250302-0844-蒼翡翠-edit_segment_0012.wav,train
XC978470-20250302-0844-蒼翡翠-edit_segment_0013.wav,XC978470-20250302-0844-蒼翡翠-edit,White-throated Kingfisher,Halcyon smyrnensis,XC978470-20250302-0844-蒼翡翠-edit.wav,13,32.5,37.5,5,51.393,32000,dataset\segments\Halcyon_smyrnensis\XC978470-20250302-0844-蒼翡翠-edit_segment_0013.wav,train
XC978470-20250302-0844-蒼翡翠-edit_segment_0014.wav,XC978470-20250302-0844-蒼翡翠-edit,White-throated Kingfisher,Halcyon smyrnensis,XC978470-20250302-0844-蒼翡翠-edit.wav,14,35.0,40.0,5,51.393,32000,dataset\segments\Halcyon_smyrnensis\XC978470-20250302-0844-蒼翡翠-edit_segment_0014.wav,train
XC978470-20250302-0844-蒼翡翠-edit_segment_0015.wav,XC978470-20250302-0844-蒼翡翠-edit,White-throated Kingfisher,Halcyon smyrnensis,XC978470-20250302-0844-蒼翡翠-edit.wav,15,37.5,42.5,5,51.393,32000,dataset\segments\Halcyon_smyrnensis\XC978470-20250302-0844-蒼翡翠-edit_segment_0015.wav,train
XC978470-20250302-0844-蒼翡翠-edit_segment_0016.wav,XC978470-20250302-0844-蒼翡翠-edit,White-throated Kingfisher,Halcyon smyrnensis,XC978470-20250302-0844-蒼翡翠-edit.wav,16,40.0,45.0,5,51.393,32000,dataset\segments\Halcyon_smyrnensis\XC978470-20250302-0844-蒼翡翠-edit_segment_0016.wav,train
XC978470-20250302-0844-蒼翡翠-edit_segment_0017.wav,XC978470-20250302-0844-蒼翡翠-edit,White-throated Kingfisher,Halcyon smyrnensis,XC978470-20250302-0844-蒼翡翠-edit.wav,17,42.5,47.5,5,51.393,32000,dataset\segments\Halcyon_smyrnensis\XC978470-20250302-0844-蒼翡翠-edit_segment_0017.wav,train
XC978470-20250302-0844-蒼翡翠-edit_segment_0018.wav,XC978470-20250302-0844-蒼翡翠-edit,White-throated Kingfisher,Halcyon smyrnensis,XC978470-20250302-0844-蒼翡翠-edit.wav,18,45.0,50.0,5,51.393,32000,dataset\segments\Halcyon_smyrnensis\XC978470-20250302-0844-蒼翡翠-edit_segment_0018.wav,train
"XC980502-White-throated-Kingfisher-call-very-good-2024-12-29-Bharatpur,-Rajasthan,-India_0042_003_segment_0000.wav","XC980502-White-throated-Kingfisher-call-very-good-2024-12-29-Bharatpur,-Rajasthan,-India_0042_003",White-throated Kingfisher,Halcyon smyrnensis,"XC980502-White-throated-Kingfisher-call-very-good-2024-12-29-Bharatpur,-Rajasthan,-India_0042_003.wav",0,0.0,5.0,5,12.815,32000,"dataset\segments\Halcyon_smyrnensis\XC980502-White-throated-Kingfisher-call-very-good-2024-12-29-Bharatpur,-Rajasthan,-India_0042_003_segment_0000.wav",train
"XC980502-White-throated-Kingfisher-call-very-good-2024-12-29-Bharatpur,-Rajasthan,-India_0042_003_segment_0001.wav","XC980502-White-throated-Kingfisher-call-very-good-2024-12-29-Bharatpur,-Rajasthan,-India_0042_003",White-throated Kingfisher,Halcyon smyrnensis,"XC980502-White-throated-Kingfisher-call-very-good-2024-12-29-Bharatpur,-Rajasthan,-India_0042_003.wav",1,2.5,7.5,5,12.815,32000,"dataset\segments\Halcyon_smyrnensis\XC980502-White-throated-Kingfisher-call-very-good-2024-12-29-Bharatpur,-Rajasthan,-India_0042_003_segment_0001.wav",train
"XC980502-White-throated-Kingfisher-call-very-good-2024-12-29-Bharatpur,-Rajasthan,-India_0042_003_segment_0002.wav","XC980502-White-throated-Kingfisher-call-very-good-2024-12-29-Bharatpur,-Rajasthan,-India_0042_003",White-throated Kingfisher,Halcyon smyrnensis,"XC980502-White-throated-Kingfisher-call-very-good-2024-12-29-Bharatpur,-Rajasthan,-India_0042_003.wav",2,5.0,10.0,5,12.815,32000,"dataset\segments\Halcyon_smyrnensis\XC980502-White-throated-Kingfisher-call-very-good-2024-12-29-Bharatpur,-Rajasthan,-India_0042_003_segment_0002.wav",train
"XC980502-White-throated-Kingfisher-call-very-good-2024-12-29-Bharatpur,-Rajasthan,-India_0042_003_segment_0003.wav","XC980502-White-throated-Kingfisher-call-very-good-2024-12-29-Bharatpur,-Rajasthan,-India_0042_003",White-throated Kingfisher,Halcyon smyrnensis,"XC980502-White-throated-Kingfisher-call-very-good-2024-12-29-Bharatpur,-Rajasthan,-India_0042_003.wav",3,7.5,12.5,5,12.815,32000,"dataset\segments\Halcyon_smyrnensis\XC980502-White-throated-Kingfisher-call-very-good-2024-12-29-Bharatpur,-Rajasthan,-India_0042_003_segment_0003.wav",train
XC987391-250331_2712-White-throated-Kingfisher-20250331-8.20am-Andaman-Kalatang-ebird-xeno_segment_0000.wav,XC987391-250331_2712-White-throated-Kingfisher-20250331-8.20am-Andaman-Kalatang-ebird-xeno,White-throated Kingfisher,Halcyon smyrnensis,XC987391-250331_2712-White-throated-Kingfisher-20250331-8.20am-Andaman-Kalatang-ebird-xeno.wav,0,0.0,5.0,5,19.622,32000,dataset\segments\Halcyon_smyrnensis\XC987391-250331_2712-White-throated-Kingfisher-20250331-8.20am-Andaman-Kalatang-ebird-xeno_segment_0000.wav,train
XC987391-250331_2712-White-throated-Kingfisher-20250331-8.20am-Andaman-Kalatang-ebird-xeno_segment_0001.wav,XC987391-250331_2712-White-throated-Kingfisher-20250331-8.20am-Andaman-Kalatang-ebird-xeno,White-throated Kingfisher,Halcyon smyrnensis,XC987391-250331_2712-White-throated-Kingfisher-20250331-8.20am-Andaman-Kalatang-ebird-xeno.wav,1,2.5,7.5,5,19.622,32000,dataset\segments\Halcyon_smyrnensis\XC987391-250331_2712-White-throated-Kingfisher-20250331-8.20am-Andaman-Kalatang-ebird-xeno_segment_0001.wav,train
XC987391-250331_2712-White-throated-Kingfisher-20250331-8.20am-Andaman-Kalatang-ebird-xeno_segment_0002.wav,XC987391-250331_2712-White-throated-Kingfisher-20250331-8.20am-Andaman-Kalatang-ebird-xeno,White-throated Kingfisher,Halcyon smyrnensis,XC987391-250331_2712-White-throated-Kingfisher-20250331-8.20am-Andaman-Kalatang-ebird-xeno.wav,2,5.0,10.0,5,19.622,32000,dataset\segments\Halcyon_smyrnensis\XC987391-250331_2712-White-throated-Kingfisher-20250331-8.20am-Andaman-Kalatang-ebird-xeno_segment_0002.wav,train
XC987391-250331_2712-White-throated-Kingfisher-20250331-8.20am-Andaman-Kalatang-ebird-xeno_segment_0003.wav,XC987391-250331_2712-White-throated-Kingfisher-20250331-8.20am-Andaman-Kalatang-ebird-xeno,White-throated Kingfisher,Halcyon smyrnensis,XC987391-250331_2712-White-throated-Kingfisher-20250331-8.20am-Andaman-Kalatang-ebird-xeno.wav,3,7.5,12.5,5,19.622,32000,dataset\segments\Halcyon_smyrnensis\XC987391-250331_2712-White-throated-Kingfisher-20250331-8.20am-Andaman-Kalatang-ebird-xeno_segment_0003.wav,train
XC987391-250331_2712-White-throated-Kingfisher-20250331-8.20am-Andaman-Kalatang-ebird-xeno_segment_0004.wav,XC987391-250331_2712-White-throated-Kingfisher-20250331-8.20am-Andaman-Kalatang-ebird-xeno,White-throated Kingfisher,Halcyon smyrnensis,XC987391-250331_2712-White-throated-Kingfisher-20250331-8.20am-Andaman-Kalatang-ebird-xeno.wav,4,10.0,15.0,5,19.622,32000,dataset\segments\Halcyon_smyrnensis\XC987391-250331_2712-White-throated-Kingfisher-20250331-8.20am-Andaman-Kalatang-ebird-xeno_segment_0004.wav,train
XC987391-250331_2712-White-throated-Kingfisher-20250331-8.20am-Andaman-Kalatang-ebird-xeno_segment_0005.wav,XC987391-250331_2712-White-throated-Kingfisher-20250331-8.20am-Andaman-Kalatang-ebird-xeno,White-throated Kingfisher,Halcyon smyrnensis,XC987391-250331_2712-White-throated-Kingfisher-20250331-8.20am-Andaman-Kalatang-ebird-xeno.wav,5,12.5,17.5,5,19.622,32000,dataset\segments\Halcyon_smyrnensis\XC987391-250331_2712-White-throated-Kingfisher-20250331-8.20am-Andaman-Kalatang-ebird-xeno_segment_0005.wav,train
XC987419-White-throated-Kingfisher-_segment_0000.wav,XC987419-White-throated-Kingfisher-,White-throated Kingfisher,Halcyon smyrnensis,XC987419-White-throated-Kingfisher-.wav,0,0.0,5.0,5,21.504,32000,dataset\segments\Halcyon_smyrnensis\XC987419-White-throated-Kingfisher-_segment_0000.wav,train
XC987419-White-throated-Kingfisher-_segment_0001.wav,XC987419-White-throated-Kingfisher-,White-throated Kingfisher,Halcyon smyrnensis,XC987419-White-throated-Kingfisher-.wav,1,2.5,7.5,5,21.504,32000,dataset\segments\Halcyon_smyrnensis\XC987419-White-throated-Kingfisher-_segment_0001.wav,train
XC987419-White-throated-Kingfisher-_segment_0002.wav,XC987419-White-throated-Kingfisher-,White-throated Kingfisher,Halcyon smyrnensis,XC987419-White-throated-Kingfisher-.wav,2,5.0,10.0,5,21.504,32000,dataset\segments\Halcyon_smyrnensis\XC987419-White-throated-Kingfisher-_segment_0002.wav,train
XC987419-White-throated-Kingfisher-_segment_0003.wav,XC987419-White-throated-Kingfisher-,White-throated Kingfisher,Halcyon smyrnensis,XC987419-White-throated-Kingfisher-.wav,3,7.5,12.5,5,21.504,32000,dataset\segments\Halcyon_smyrnensis\XC987419-White-throated-Kingfisher-_segment_0003.wav,train
XC987419-White-throated-Kingfisher-_segment_0004.wav,XC987419-White-throated-Kingfisher-,White-throated Kingfisher,Halcyon smyrnensis,XC987419-White-throated-Kingfisher-.wav,4,10.0,15.0,5,21.504,32000,dataset\segments\Halcyon_smyrnensis\XC987419-White-throated-Kingfisher-_segment_0004.wav,train
XC987419-White-throated-Kingfisher-_segment_0005.wav,XC987419-White-throated-Kingfisher-,White-throated Kingfisher,Halcyon smyrnensis,XC987419-White-throated-Kingfisher-.wav,5,12.5,17.5,5,21.504,32000,dataset\segments\Halcyon_smyrnensis\XC987419-White-throated-Kingfisher-_segment_0005.wav,train
XC987419-White-throated-Kingfisher-_segment_0006.wav,XC987419-White-throated-Kingfisher-,White-throated Kingfisher,Halcyon smyrnensis,XC987419-White-throated-Kingfisher-.wav,6,15.0,20.0,5,21.504,32000,dataset\segments\Halcyon_smyrnensis\XC987419-White-throated-Kingfisher-_segment_0006.wav,train
XC1026906-KITE_Black-Mongolica-1200m-052225-0851_segment_0000.wav,XC1026906-KITE_Black-Mongolica-1200m-052225-0851,Black Kite,Milvus migrans,XC1026906-KITE_Black-Mongolica-1200m-052225-0851.wav,0,0.0,5.0,5,91.849,32000,dataset\segments\Milvus_migrans\XC1026906-KITE_Black-Mongolica-1200m-052225-0851_segment_0000.wav,train
XC1026906-KITE_Black-Mongolica-1200m-052225-0851_segment_0001.wav,XC1026906-KITE_Black-Mongolica-1200m-052225-0851,Black Kite,Milvus migrans,XC1026906-KITE_Black-Mongolica-1200m-052225-0851.wav,1,2.5,7.5,5,91.849,32000,dataset\segments\Milvus_migrans\XC1026906-KITE_Black-Mongolica-1200m-052225-0851_segment_0001.wav,train
XC1026906-KITE_Black-Mongolica-1200m-052225-0851_segment_0002.wav,XC1026906-KITE_Black-Mongolica-1200m-052225-0851,Black Kite,Milvus migrans,XC1026906-KITE_Black-Mongolica-1200m-052225-0851.wav,2,5.0,10.0,5,91.849,32000,dataset\segments\Milvus_migrans\XC1026906-KITE_Black-Mongolica-1200m-052225-0851_segment_0002.wav,train
XC1026906-KITE_Black-Mongolica-1200m-052225-0851_segment_0003.wav,XC1026906-KITE_Black-Mongolica-1200m-052225-0851,Black Kite,Milvus migrans,XC1026906-KITE_Black-Mongolica-1200m-052225-0851.wav,3,7.5,12.5,5,91.849,32000,dataset\segments\Milvus_migrans\XC1026906-KITE_Black-Mongolica-1200m-052225-0851_segment_0003.wav,train
XC1026906-KITE_Black-Mongolica-1200m-052225-0851_segment_0004.wav,XC1026906-KITE_Black-Mongolica-1200m-052225-0851,Black Kite,Milvus migrans,XC1026906-KITE_Black-Mongolica-1200m-052225-0851.wav,4,10.0,15.0,5,91.849,32000,dataset\segments\Milvus_migrans\XC1026906-KITE_Black-Mongolica-1200m-052225-0851_segment_0004.wav,train
XC1026906-KITE_Black-Mongolica-1200m-052225-0851_segment_0005.wav,XC1026906-KITE_Black-Mongolica-1200m-052225-0851,Black Kite,Milvus migrans,XC1026906-KITE_Black-Mongolica-1200m-052225-0851.wav,5,12.5,17.5,5,91.849,32000,dataset\segments\Milvus_migrans\XC1026906-KITE_Black-Mongolica-1200m-052225-0851_segment_0005.wav,train
XC1026906-KITE_Black-Mongolica-1200m-052225-0851_segment_0006.wav,XC1026906-KITE_Black-Mongolica-1200m-052225-0851,Black Kite,Milvus migrans,XC1026906-KITE_Black-Mongolica-1200m-052225-0851.wav,6,15.0,20.0,5,91.849,32000,dataset\segments\Milvus_migrans\XC1026906-KITE_Black-Mongolica-1200m-052225-0851_segment_0006.wav,train
XC1026906-KITE_Black-Mongolica-1200m-052225-0851_segment_0007.wav,XC1026906-KITE_Black-Mongolica-1200m-052225-0851,Black Kite,Milvus migrans,XC1026906-KITE_Black-Mongolica-1200m-052225-0851.wav,7,17.5,22.5,5,91.849,32000,dataset\segments\Milvus_migrans\XC1026906-KITE_Black-Mongolica-1200m-052225-0851_segment_0007.wav,train
XC1026906-KITE_Black-Mongolica-1200m-052225-0851_segment_0008.wav,XC1026906-KITE_Black-Mongolica-1200m-052225-0851,Black Kite,Milvus migrans,XC1026906-KITE_Black-Mongolica-1200m-052225-0851.wav,8,20.0,25.0,5,91.849,32000,dataset\segments\Milvus_migrans\XC1026906-KITE_Black-Mongolica-1200m-052225-0851_segment_0008.wav,train
XC1026906-KITE_Black-Mongolica-1200m-052225-0851_segment_0009.wav,XC1026906-KITE_Black-Mongolica-1200m-052225-0851,Black Kite,Milvus migrans,XC1026906-KITE_Black-Mongolica-1200m-052225-0851.wav,9,22.5,27.5,5,91.849,32000,dataset\segments\Milvus_migrans\XC1026906-KITE_Black-Mongolica-1200m-052225-0851_segment_0009.wav,train
XC1026906-KITE_Black-Mongolica-1200m-052225-0851_segment_0010.wav,XC1026906-KITE_Black-Mongolica-1200m-052225-0851,Black Kite,Milvus migrans,XC1026906-KITE_Black-Mongolica-1200m-052225-0851.wav,10,25.0,30.0,5,91.849,32000,dataset\segments\Milvus_migrans\XC1026906-KITE_Black-Mongolica-1200m-052225-0851_segment_0010.wav,train
XC1026906-KITE_Black-Mongolica-1200m-052225-0851_segment_0011.wav,XC1026906-KITE_Black-Mongolica-1200m-052225-0851,Black Kite,Milvus migrans,XC1026906-KITE_Black-Mongolica-1200m-052225-0851.wav,11,27.5,32.5,5,91.849,32000,dataset\segments\Milvus_migrans\XC1026906-KITE_Black-Mongolica-1200m-052225-0851_segment_0011.wav,train
XC1026906-KITE_Black-Mongolica-1200m-052225-0851_segment_0012.wav,XC1026906-KITE_Black-Mongolica-1200m-052225-0851,Black Kite,Milvus migrans,XC1026906-KITE_Black-Mongolica-1200m-052225-0851.wav,12,30.0,35.0,5,91.849,32000,dataset\segments\Milvus_migrans\XC1026906-KITE_Black-Mongolica-1200m-052225-0851_segment_0012.wav,train
XC1026906-KITE_Black-Mongolica-1200m-052225-0851_segment_0013.wav,XC1026906-KITE_Black-Mongolica-1200m-052225-0851,Black Kite,Milvus migrans,XC1026906-KITE_Black-Mongolica-1200m-052225-0851.wav,13,32.5,37.5,5,91.849,32000,dataset\segments\Milvus_migrans\XC1026906-KITE_Black-Mongolica-1200m-052225-0851_segment_0013.wav,train
XC1026906-KITE_Black-Mongolica-1200m-052225-0851_segment_0014.wav,XC1026906-KITE_Black-Mongolica-1200m-052225-0851,Black Kite,Milvus migrans,XC1026906-KITE_Black-Mongolica-1200m-052225-0851.wav,14,35.0,40.0,5,91.849,32000,dataset\segments\Milvus_migrans\XC1026906-KITE_Black-Mongolica-1200m-052225-0851_segment_0014.wav,train
XC1026906-KITE_Black-Mongolica-1200m-052225-0851_segment_0015.wav,XC1026906-KITE_Black-Mongolica-1200m-052225-0851,Black Kite,Milvus migrans,XC1026906-KITE_Black-Mongolica-1200m-052225-0851.wav,15,37.5,42.5,5,91.849,32000,dataset\segments\Milvus_migrans\XC1026906-KITE_Black-Mongolica-1200m-052225-0851_segment_0015.wav,train
XC1026906-KITE_Black-Mongolica-1200m-052225-0851_segment_0016.wav,XC1026906-KITE_Black-Mongolica-1200m-052225-0851,Black Kite,Milvus migrans,XC1026906-KITE_Black-Mongolica-1200m-052225-0851.wav,16,40.0,45.0,5,91.849,32000,dataset\segments\Milvus_migrans\XC1026906-KITE_Black-Mongolica-1200m-052225-0851_segment_0016.wav,train
XC1026906-KITE_Black-Mongolica-1200m-052225-0851_segment_0017.wav,XC1026906-KITE_Black-Mongolica-1200m-052225-0851,Black Kite,Milvus migrans,XC1026906-KITE_Black-Mongolica-1200m-052225-0851.wav,17,42.5,47.5,5,91.849,32000,dataset\segments\Milvus_migrans\XC1026906-KITE_Black-Mongolica-1200m-052225-0851_segment_0017.wav,train
XC1026906-KITE_Black-Mongolica-1200m-052225-0851_segment_0018.wav,XC1026906-KITE_Black-Mongolica-1200m-052225-0851,Black Kite,Milvus migrans,XC1026906-KITE_Black-Mongolica-1200m-052225-0851.wav,18,45.0,50.0,5,91.849,32000,dataset\segments\Milvus_migrans\XC1026906-KITE_Black-Mongolica-1200m-052225-0851_segment_0018.wav,train
XC1026906-KITE_Black-Mongolica-1200m-052225-0851_segment_0019.wav,XC1026906-KITE_Black-Mongolica-1200m-052225-0851,Black Kite,Milvus migrans,XC1026906-KITE_Black-Mongolica-1200m-052225-0851.wav,19,47.5,52.5,5,91.849,32000,dataset\segments\Milvus_migrans\XC1026906-KITE_Black-Mongolica-1200m-052225-0851_segment_0019.wav,train
XC1026906-KITE_Black-Mongolica-1200m-052225-0851_segment_0020.wav,XC1026906-KITE_Black-Mongolica-1200m-052225-0851,Black Kite,Milvus migrans,XC1026906-KITE_Black-Mongolica-1200m-052225-0851.wav,20,50.0,55.0,5,91.849,32000,dataset\segments\Milvus_migrans\XC1026906-KITE_Black-Mongolica-1200m-052225-0851_segment_0020.wav,train
XC1026906-KITE_Black-Mongolica-1200m-052225-0851_segment_0021.wav,XC1026906-KITE_Black-Mongolica-1200m-052225-0851,Black Kite,Milvus migrans,XC1026906-KITE_Black-Mongolica-1200m-052225-0851.wav,21,52.5,57.5,5,91.849,32000,dataset\segments\Milvus_migrans\XC1026906-KITE_Black-Mongolica-1200m-052225-0851_segment_0021.wav,train
XC1026906-KITE_Black-Mongolica-1200m-052225-0851_segment_0022.wav,XC1026906-KITE_Black-Mongolica-1200m-052225-0851,Black Kite,Milvus migrans,XC1026906-KITE_Black-Mongolica-1200m-052225-0851.wav,22,55.0,60.0,5,91.849,32000,dataset\segments\Milvus_migrans\XC1026906-KITE_Black-Mongolica-1200m-052225-0851_segment_0022.wav,train
XC1026906-KITE_Black-Mongolica-1200m-052225-0851_segment_0023.wav,XC1026906-KITE_Black-Mongolica-1200m-052225-0851,Black Kite,Milvus migrans,XC1026906-KITE_Black-Mongolica-1200m-052225-0851.wav,23,57.5,62.5,5,91.849,32000,dataset\segments\Milvus_migrans\XC1026906-KITE_Black-Mongolica-1200m-052225-0851_segment_0023.wav,train
XC1026906-KITE_Black-Mongolica-1200m-052225-0851_segment_0024.wav,XC1026906-KITE_Black-Mongolica-1200m-052225-0851,Black Kite,Milvus migrans,XC1026906-KITE_Black-Mongolica-1200m-052225-0851.wav,24,60.0,65.0,5,91.849,32000,dataset\segments\Milvus_migrans\XC1026906-KITE_Black-Mongolica-1200m-052225-0851_segment_0024.wav,train
XC1026906-KITE_Black-Mongolica-1200m-052225-0851_segment_0025.wav,XC1026906-KITE_Black-Mongolica-1200m-052225-0851,Black Kite,Milvus migrans,XC1026906-KITE_Black-Mongolica-1200m-052225-0851.wav,25,62.5,67.5,5,91.849,32000,dataset\segments\Milvus_migrans\XC1026906-KITE_Black-Mongolica-1200m-052225-0851_segment_0025.wav,train
XC1026906-KITE_Black-Mongolica-1200m-052225-0851_segment_0026.wav,XC1026906-KITE_Black-Mongolica-1200m-052225-0851,Black Kite,Milvus migrans,XC1026906-KITE_Black-Mongolica-1200m-052225-0851.wav,26,65.0,70.0,5,91.849,32000,dataset\segments\Milvus_migrans\XC1026906-KITE_Black-Mongolica-1200m-052225-0851_segment_0026.wav,train
XC1026906-KITE_Black-Mongolica-1200m-052225-0851_segment_0027.wav,XC1026906-KITE_Black-Mongolica-1200m-052225-0851,Black Kite,Milvus migrans,XC1026906-KITE_Black-Mongolica-1200m-052225-0851.wav,27,67.5,72.5,5,91.849,32000,dataset\segments\Milvus_migrans\XC1026906-KITE_Black-Mongolica-1200m-052225-0851_segment_0027.wav,train
XC1026906-KITE_Black-Mongolica-1200m-052225-0851_segment_0028.wav,XC1026906-KITE_Black-Mongolica-1200m-052225-0851,Black Kite,Milvus migrans,XC1026906-KITE_Black-Mongolica-1200m-052225-0851.wav,28,70.0,75.0,5,91.849,32000,dataset\segments\Milvus_migrans\XC1026906-KITE_Black-Mongolica-1200m-052225-0851_segment_0028.wav,train
XC1026906-KITE_Black-Mongolica-1200m-052225-0851_segment_0029.wav,XC1026906-KITE_Black-Mongolica-1200m-052225-0851,Black Kite,Milvus migrans,XC1026906-KITE_Black-Mongolica-1200m-052225-0851.wav,29,72.5,77.5,5,91.849,32000,dataset\segments\Milvus_migrans\XC1026906-KITE_Black-Mongolica-1200m-052225-0851_segment_0029.wav,train
XC1026906-KITE_Black-Mongolica-1200m-052225-0851_segment_0030.wav,XC1026906-KITE_Black-Mongolica-1200m-052225-0851,Black Kite,Milvus migrans,XC1026906-KITE_Black-Mongolica-1200m-052225-0851.wav,30,75.0,80.0,5,91.849,32000,dataset\segments\Milvus_migrans\XC1026906-KITE_Black-Mongolica-1200m-052225-0851_segment_0030.wav,train
XC1026906-KITE_Black-Mongolica-1200m-052225-0851_segment_0031.wav,XC1026906-KITE_Black-Mongolica-1200m-052225-0851,Black Kite,Milvus migrans,XC1026906-KITE_Black-Mongolica-1200m-052225-0851.wav,31,77.5,82.5,5,91.849,32000,dataset\segments\Milvus_migrans\XC1026906-KITE_Black-Mongolica-1200m-052225-0851_segment_0031.wav,train
XC1026906-KITE_Black-Mongolica-1200m-052225-0851_segment_0032.wav,XC1026906-KITE_Black-Mongolica-1200m-052225-0851,Black Kite,Milvus migrans,XC1026906-KITE_Black-Mongolica-1200m-052225-0851.wav,32,80.0,85.0,5,91.849,32000,dataset\segments\Milvus_migrans\XC1026906-KITE_Black-Mongolica-1200m-052225-0851_segment_0032.wav,train
XC1026906-KITE_Black-Mongolica-1200m-052225-0851_segment_0033.wav,XC1026906-KITE_Black-Mongolica-1200m-052225-0851,Black Kite,Milvus migrans,XC1026906-KITE_Black-Mongolica-1200m-052225-0851.wav,33,82.5,87.5,5,91.849,32000,dataset\segments\Milvus_migrans\XC1026906-KITE_Black-Mongolica-1200m-052225-0851_segment_0033.wav,train
XC1026906-KITE_Black-Mongolica-1200m-052225-0851_segment_0034.wav,XC1026906-KITE_Black-Mongolica-1200m-052225-0851,Black Kite,Milvus migrans,XC1026906-KITE_Black-Mongolica-1200m-052225-0851.wav,34,85.0,90.0,5,91.849,32000,dataset\segments\Milvus_migrans\XC1026906-KITE_Black-Mongolica-1200m-052225-0851_segment_0034.wav,train
XC1030295-Brunglada_01_segment_0000.wav,XC1030295-Brunglada_01,Black Kite,Milvus migrans,XC1030295-Brunglada_01.wav,0,0.0,5.0,5,5.731,32000,dataset\segments\Milvus_migrans\XC1030295-Brunglada_01_segment_0000.wav,train
XC1030297-Brunglada_02_segment_0000.wav,XC1030297-Brunglada_02,Black Kite,Milvus migrans,XC1030297-Brunglada_02.wav,0,0.0,5.0,5,5.038,32000,dataset\segments\Milvus_migrans\XC1030297-Brunglada_02_segment_0000.wav,train
"XC1047269-Milvus-migrans-1.05.2025,-Дача,-пруд,11-55,-A_segment_0000.wav","XC1047269-Milvus-migrans-1.05.2025,-Дача,-пруд,11-55,-A",Black Kite,Milvus migrans,"XC1047269-Milvus-migrans-1.05.2025,-Дача,-пруд,11-55,-A.wav",0,0.0,5.0,5,18.573,32000,"dataset\segments\Milvus_migrans\XC1047269-Milvus-migrans-1.05.2025,-Дача,-пруд,11-55,-A_segment_0000.wav",train
"XC1047269-Milvus-migrans-1.05.2025,-Дача,-пруд,11-55,-A_segment_0001.wav","XC1047269-Milvus-migrans-1.05.2025,-Дача,-пруд,11-55,-A",Black Kite,Milvus migrans,"XC1047269-Milvus-migrans-1.05.2025,-Дача,-пруд,11-55,-A.wav",1,2.5,7.5,5,18.573,32000,"dataset\segments\Milvus_migrans\XC1047269-Milvus-migrans-1.05.2025,-Дача,-пруд,11-55,-A_segment_0001.wav",train
"XC1047269-Milvus-migrans-1.05.2025,-Дача,-пруд,11-55,-A_segment_0002.wav","XC1047269-Milvus-migrans-1.05.2025,-Дача,-пруд,11-55,-A",Black Kite,Milvus migrans,"XC1047269-Milvus-migrans-1.05.2025,-Дача,-пруд,11-55,-A.wav",2,5.0,10.0,5,18.573,32000,"dataset\segments\Milvus_migrans\XC1047269-Milvus-migrans-1.05.2025,-Дача,-пруд,11-55,-A_segment_0002.wav",train
"XC1047269-Milvus-migrans-1.05.2025,-Дача,-пруд,11-55,-A_segment_0003.wav","XC1047269-Milvus-migrans-1.05.2025,-Дача,-пруд,11-55,-A",Black Kite,Milvus migrans,"XC1047269-Milvus-migrans-1.05.2025,-Дача,-пруд,11-55,-A.wav",3,7.5,12.5,5,18.573,32000,"dataset\segments\Milvus_migrans\XC1047269-Milvus-migrans-1.05.2025,-Дача,-пруд,11-55,-A_segment_0003.wav",train
"XC1047269-Milvus-migrans-1.05.2025,-Дача,-пруд,11-55,-A_segment_0004.wav","XC1047269-Milvus-migrans-1.05.2025,-Дача,-пруд,11-55,-A",Black Kite,Milvus migrans,"XC1047269-Milvus-migrans-1.05.2025,-Дача,-пруд,11-55,-A.wav",4,10.0,15.0,5,18.573,32000,"dataset\segments\Milvus_migrans\XC1047269-Milvus-migrans-1.05.2025,-Дача,-пруд,11-55,-A_segment_0004.wav",train
"XC1047269-Milvus-migrans-1.05.2025,-Дача,-пруд,11-55,-A_segment_0005.wav","XC1047269-Milvus-migrans-1.05.2025,-Дача,-пруд,11-55,-A",Black Kite,Milvus migrans,"XC1047269-Milvus-migrans-1.05.2025,-Дача,-пруд,11-55,-A.wav",5,12.5,17.5,5,18.573,32000,"dataset\segments\Milvus_migrans\XC1047269-Milvus-migrans-1.05.2025,-Дача,-пруд,11-55,-A_segment_0005.wav",train
XC1080296-Black-Kite-FL-X-Vulture-feedings-station-26Apr25-12.15p-LS119836a_segment_0000.wav,XC1080296-Black-Kite-FL-X-Vulture-feedings-station-26Apr25-12.15p-LS119836a,Black Kite,Milvus migrans,XC1080296-Black-Kite-FL-X-Vulture-feedings-station-26Apr25-12.15p-LS119836a.wav,0,0.0,5.0,5,39.828,32000,dataset\segments\Milvus_migrans\XC1080296-Black-Kite-FL-X-Vulture-feedings-station-26Apr25-12.15p-LS119836a_segment_0000.wav,train
XC1080296-Black-Kite-FL-X-Vulture-feedings-station-26Apr25-12.15p-LS119836a_segment_0001.wav,XC1080296-Black-Kite-FL-X-Vulture-feedings-station-26Apr25-12.15p-LS119836a,Black Kite,Milvus migrans,XC1080296-Black-Kite-FL-X-Vulture-feedings-station-26Apr25-12.15p-LS119836a.wav,1,2.5,7.5,5,39.828,32000,dataset\segments\Milvus_migrans\XC1080296-Black-Kite-FL-X-Vulture-feedings-station-26Apr25-12.15p-LS119836a_segment_0001.wav,train
XC1080296-Black-Kite-FL-X-Vulture-feedings-station-26Apr25-12.15p-LS119836a_segment_0002.wav,XC1080296-Black-Kite-FL-X-Vulture-feedings-station-26Apr25-12.15p-LS119836a,Black Kite,Milvus migrans,XC1080296-Black-Kite-FL-X-Vulture-feedings-station-26Apr25-12.15p-LS119836a.wav,2,5.0,10.0,5,39.828,32000,dataset\segments\Milvus_migrans\XC1080296-Black-Kite-FL-X-Vulture-feedings-station-26Apr25-12.15p-LS119836a_segment_0002.wav,train
XC1080296-Black-Kite-FL-X-Vulture-feedings-station-26Apr25-12.15p-LS119836a_segment_0003.wav,XC1080296-Black-Kite-FL-X-Vulture-feedings-station-26Apr25-12.15p-LS119836a,Black Kite,Milvus migrans,XC1080296-Black-Kite-FL-X-Vulture-feedings-station-26Apr25-12.15p-LS119836a.wav,3,7.5,12.5,5,39.828,32000,dataset\segments\Milvus_migrans\XC1080296-Black-Kite-FL-X-Vulture-feedings-station-26Apr25-12.15p-LS119836a_segment_0003.wav,train
XC1080296-Black-Kite-FL-X-Vulture-feedings-station-26Apr25-12.15p-LS119836a_segment_0004.wav,XC1080296-Black-Kite-FL-X-Vulture-feedings-station-26Apr25-12.15p-LS119836a,Black Kite,Milvus migrans,XC1080296-Black-Kite-FL-X-Vulture-feedings-station-26Apr25-12.15p-LS119836a.wav,4,10.0,15.0,5,39.828,32000,dataset\segments\Milvus_migrans\XC1080296-Black-Kite-FL-X-Vulture-feedings-station-26Apr25-12.15p-LS119836a_segment_0004.wav,train
XC1080296-Black-Kite-FL-X-Vulture-feedings-station-26Apr25-12.15p-LS119836a_segment_0005.wav,XC1080296-Black-Kite-FL-X-Vulture-feedings-station-26Apr25-12.15p-LS119836a,Black Kite,Milvus migrans,XC1080296-Black-Kite-FL-X-Vulture-feedings-station-26Apr25-12.15p-LS119836a.wav,5,12.5,17.5,5,39.828,32000,dataset\segments\Milvus_migrans\XC1080296-Black-Kite-FL-X-Vulture-feedings-station-26Apr25-12.15p-LS119836a_segment_0005.wav,train
XC1080296-Black-Kite-FL-X-Vulture-feedings-station-26Apr25-12.15p-LS119836a_segment_0006.wav,XC1080296-Black-Kite-FL-X-Vulture-feedings-station-26Apr25-12.15p-LS119836a,Black Kite,Milvus migrans,XC1080296-Black-Kite-FL-X-Vulture-feedings-station-26Apr25-12.15p-LS119836a.wav,6,15.0,20.0,5,39.828,32000,dataset\segments\Milvus_migrans\XC1080296-Black-Kite-FL-X-Vulture-feedings-station-26Apr25-12.15p-LS119836a_segment_0006.wav,train
XC1080296-Black-Kite-FL-X-Vulture-feedings-station-26Apr25-12.15p-LS119836a_segment_0007.wav,XC1080296-Black-Kite-FL-X-Vulture-feedings-station-26Apr25-12.15p-LS119836a,Black Kite,Milvus migrans,XC1080296-Black-Kite-FL-X-Vulture-feedings-station-26Apr25-12.15p-LS119836a.wav,7,17.5,22.5,5,39.828,32000,dataset\segments\Milvus_migrans\XC1080296-Black-Kite-FL-X-Vulture-feedings-station-26Apr25-12.15p-LS119836a_segment_0007.wav,train
XC1080296-Black-Kite-FL-X-Vulture-feedings-station-26Apr25-12.15p-LS119836a_segment_0008.wav,XC1080296-Black-Kite-FL-X-Vulture-feedings-station-26Apr25-12.15p-LS119836a,Black Kite,Milvus migrans,XC1080296-Black-Kite-FL-X-Vulture-feedings-station-26Apr25-12.15p-LS119836a.wav,8,20.0,25.0,5,39.828,32000,dataset\segments\Milvus_migrans\XC1080296-Black-Kite-FL-X-Vulture-feedings-station-26Apr25-12.15p-LS119836a_segment_0008.wav,train
XC1080296-Black-Kite-FL-X-Vulture-feedings-station-26Apr25-12.15p-LS119836a_segment_0009.wav,XC1080296-Black-Kite-FL-X-Vulture-feedings-station-26Apr25-12.15p-LS119836a,Black Kite,Milvus migrans,XC1080296-Black-Kite-FL-X-Vulture-feedings-station-26Apr25-12.15p-LS119836a.wav,9,22.5,27.5,5,39.828,32000,dataset\segments\Milvus_migrans\XC1080296-Black-Kite-FL-X-Vulture-feedings-station-26Apr25-12.15p-LS119836a_segment_0009.wav,train
XC1080296-Black-Kite-FL-X-Vulture-feedings-station-26Apr25-12.15p-LS119836a_segment_0010.wav,XC1080296-Black-Kite-FL-X-Vulture-feedings-station-26Apr25-12.15p-LS119836a,Black Kite,Milvus migrans,XC1080296-Black-Kite-FL-X-Vulture-feedings-station-26Apr25-12.15p-LS119836a.wav,10,25.0,30.0,5,39.828,32000,dataset\segments\Milvus_migrans\XC1080296-Black-Kite-FL-X-Vulture-feedings-station-26Apr25-12.15p-LS119836a_segment_0010.wav,train
XC1080296-Black-Kite-FL-X-Vulture-feedings-station-26Apr25-12.15p-LS119836a_segment_0011.wav,XC1080296-Black-Kite-FL-X-Vulture-feedings-station-26Apr25-12.15p-LS119836a,Black Kite,Milvus migrans,XC1080296-Black-Kite-FL-X-Vulture-feedings-station-26Apr25-12.15p-LS119836a.wav,11,27.5,32.5,5,39.828,32000,dataset\segments\Milvus_migrans\XC1080296-Black-Kite-FL-X-Vulture-feedings-station-26Apr25-12.15p-LS119836a_segment_0011.wav,train
XC1080296-Black-Kite-FL-X-Vulture-feedings-station-26Apr25-12.15p-LS119836a_segment_0012.wav,XC1080296-Black-Kite-FL-X-Vulture-feedings-station-26Apr25-12.15p-LS119836a,Black Kite,Milvus migrans,XC1080296-Black-Kite-FL-X-Vulture-feedings-station-26Apr25-12.15p-LS119836a.wav,12,30.0,35.0,5,39.828,32000,dataset\segments\Milvus_migrans\XC1080296-Black-Kite-FL-X-Vulture-feedings-station-26Apr25-12.15p-LS119836a_segment_0012.wav,train
XC1080296-Black-Kite-FL-X-Vulture-feedings-station-26Apr25-12.15p-LS119836a_segment_0013.wav,XC1080296-Black-Kite-FL-X-Vulture-feedings-station-26Apr25-12.15p-LS119836a,Black Kite,Milvus migrans,XC1080296-Black-Kite-FL-X-Vulture-feedings-station-26Apr25-12.15p-LS119836a.wav,13,32.5,37.5,5,39.828,32000,dataset\segments\Milvus_migrans\XC1080296-Black-Kite-FL-X-Vulture-feedings-station-26Apr25-12.15p-LS119836a_segment_0013.wav,train
XC1080297-Black-Kite-FL-X-Vulture-feedings-station-26Apr25-12.30p-LS119836_2a_segment_0000.wav,XC1080297-Black-Kite-FL-X-Vulture-feedings-station-26Apr25-12.30p-LS119836_2a,Black Kite,Milvus migrans,XC1080297-Black-Kite-FL-X-Vulture-feedings-station-26Apr25-12.30p-LS119836_2a.wav,0,0.0,5.0,5,20.618,32000,dataset\segments\Milvus_migrans\XC1080297-Black-Kite-FL-X-Vulture-feedings-station-26Apr25-12.30p-LS119836_2a_segment_0000.wav,train
XC1080297-Black-Kite-FL-X-Vulture-feedings-station-26Apr25-12.30p-LS119836_2a_segment_0001.wav,XC1080297-Black-Kite-FL-X-Vulture-feedings-station-26Apr25-12.30p-LS119836_2a,Black Kite,Milvus migrans,XC1080297-Black-Kite-FL-X-Vulture-feedings-station-26Apr25-12.30p-LS119836_2a.wav,1,2.5,7.5,5,20.618,32000,dataset\segments\Milvus_migrans\XC1080297-Black-Kite-FL-X-Vulture-feedings-station-26Apr25-12.30p-LS119836_2a_segment_0001.wav,train
XC1080297-Black-Kite-FL-X-Vulture-feedings-station-26Apr25-12.30p-LS119836_2a_segment_0002.wav,XC1080297-Black-Kite-FL-X-Vulture-feedings-station-26Apr25-12.30p-LS119836_2a,Black Kite,Milvus migrans,XC1080297-Black-Kite-FL-X-Vulture-feedings-station-26Apr25-12.30p-LS119836_2a.wav,2,5.0,10.0,5,20.618,32000,dataset\segments\Milvus_migrans\XC1080297-Black-Kite-FL-X-Vulture-feedings-station-26Apr25-12.30p-LS119836_2a_segment_0002.wav,train
XC1080297-Black-Kite-FL-X-Vulture-feedings-station-26Apr25-12.30p-LS119836_2a_segment_0003.wav,XC1080297-Black-Kite-FL-X-Vulture-feedings-station-26Apr25-12.30p-LS119836_2a,Black Kite,Milvus migrans,XC1080297-Black-Kite-FL-X-Vulture-feedings-station-26Apr25-12.30p-LS119836_2a.wav,3,7.5,12.5,5,20.618,32000,dataset\segments\Milvus_migrans\XC1080297-Black-Kite-FL-X-Vulture-feedings-station-26Apr25-12.30p-LS119836_2a_segment_0003.wav,train
XC1080297-Black-Kite-FL-X-Vulture-feedings-station-26Apr25-12.30p-LS119836_2a_segment_0004.wav,XC1080297-Black-Kite-FL-X-Vulture-feedings-station-26Apr25-12.30p-LS119836_2a,Black Kite,Milvus migrans,XC1080297-Black-Kite-FL-X-Vulture-feedings-station-26Apr25-12.30p-LS119836_2a.wav,4,10.0,15.0,5,20.618,32000,dataset\segments\Milvus_migrans\XC1080297-Black-Kite-FL-X-Vulture-feedings-station-26Apr25-12.30p-LS119836_2a_segment_0004.wav,train
XC1080297-Black-Kite-FL-X-Vulture-feedings-station-26Apr25-12.30p-LS119836_2a_segment_0005.wav,XC1080297-Black-Kite-FL-X-Vulture-feedings-station-26Apr25-12.30p-LS119836_2a,Black Kite,Milvus migrans,XC1080297-Black-Kite-FL-X-Vulture-feedings-station-26Apr25-12.30p-LS119836_2a.wav,5,12.5,17.5,5,20.618,32000,dataset\segments\Milvus_migrans\XC1080297-Black-Kite-FL-X-Vulture-feedings-station-26Apr25-12.30p-LS119836_2a_segment_0005.wav,train
XC1080297-Black-Kite-FL-X-Vulture-feedings-station-26Apr25-12.30p-LS119836_2a_segment_0006.wav,XC1080297-Black-Kite-FL-X-Vulture-feedings-station-26Apr25-12.30p-LS119836_2a,Black Kite,Milvus migrans,XC1080297-Black-Kite-FL-X-Vulture-feedings-station-26Apr25-12.30p-LS119836_2a.wav,6,15.0,20.0,5,20.618,32000,dataset\segments\Milvus_migrans\XC1080297-Black-Kite-FL-X-Vulture-feedings-station-26Apr25-12.30p-LS119836_2a_segment_0006.wav,train
XC1084278-MILMIG_260227_0050_Galez65_Barran_segment_0000.wav,XC1084278-MILMIG_260227_0050_Galez65_Barran,Black Kite,Milvus migrans,XC1084278-MILMIG_260227_0050_Galez65_Barran.wav,0,0.0,5.0,5,187.127,32000,dataset\segments\Milvus_migrans\XC1084278-MILMIG_260227_0050_Galez65_Barran_segment_0000.wav,train
XC1084278-MILMIG_260227_0050_Galez65_Barran_segment_0001.wav,XC1084278-MILMIG_260227_0050_Galez65_Barran,Black Kite,Milvus migrans,XC1084278-MILMIG_260227_0050_Galez65_Barran.wav,1,2.5,7.5,5,187.127,32000,dataset\segments\Milvus_migrans\XC1084278-MILMIG_260227_0050_Galez65_Barran_segment_0001.wav,train
XC1084278-MILMIG_260227_0050_Galez65_Barran_segment_0002.wav,XC1084278-MILMIG_260227_0050_Galez65_Barran,Black Kite,Milvus migrans,XC1084278-MILMIG_260227_0050_Galez65_Barran.wav,2,5.0,10.0,5,187.127,32000,dataset\segments\Milvus_migrans\XC1084278-MILMIG_260227_0050_Galez65_Barran_segment_0002.wav,train
XC1084278-MILMIG_260227_0050_Galez65_Barran_segment_0003.wav,XC1084278-MILMIG_260227_0050_Galez65_Barran,Black Kite,Milvus migrans,XC1084278-MILMIG_260227_0050_Galez65_Barran.wav,3,7.5,12.5,5,187.127,32000,dataset\segments\Milvus_migrans\XC1084278-MILMIG_260227_0050_Galez65_Barran_segment_0003.wav,train
XC1084278-MILMIG_260227_0050_Galez65_Barran_segment_0004.wav,XC1084278-MILMIG_260227_0050_Galez65_Barran,Black Kite,Milvus migrans,XC1084278-MILMIG_260227_0050_Galez65_Barran.wav,4,10.0,15.0,5,187.127,32000,dataset\segments\Milvus_migrans\XC1084278-MILMIG_260227_0050_Galez65_Barran_segment_0004.wav,train
XC1084278-MILMIG_260227_0050_Galez65_Barran_segment_0005.wav,XC1084278-MILMIG_260227_0050_Galez65_Barran,Black Kite,Milvus migrans,XC1084278-MILMIG_260227_0050_Galez65_Barran.wav,5,12.5,17.5,5,187.127,32000,dataset\segments\Milvus_migrans\XC1084278-MILMIG_260227_0050_Galez65_Barran_segment_0005.wav,train
XC1084278-MILMIG_260227_0050_Galez65_Barran_segment_0006.wav,XC1084278-MILMIG_260227_0050_Galez65_Barran,Black Kite,Milvus migrans,XC1084278-MILMIG_260227_0050_Galez65_Barran.wav,6,15.0,20.0,5,187.127,32000,dataset\segments\Milvus_migrans\XC1084278-MILMIG_260227_0050_Galez65_Barran_segment_0006.wav,train
XC1084278-MILMIG_260227_0050_Galez65_Barran_segment_0007.wav,XC1084278-MILMIG_260227_0050_Galez65_Barran,Black Kite,Milvus migrans,XC1084278-MILMIG_260227_0050_Galez65_Barran.wav,7,17.5,22.5,5,187.127,32000,dataset\segments\Milvus_migrans\XC1084278-MILMIG_260227_0050_Galez65_Barran_segment_0007.wav,train
XC1084278-MILMIG_260227_0050_Galez65_Barran_segment_0008.wav,XC1084278-MILMIG_260227_0050_Galez65_Barran,Black Kite,Milvus migrans,XC1084278-MILMIG_260227_0050_Galez65_Barran.wav,8,20.0,25.0,5,187.127,32000,dataset\segments\Milvus_migrans\XC1084278-MILMIG_260227_0050_Galez65_Barran_segment_0008.wav,train
XC1084278-MILMIG_260227_0050_Galez65_Barran_segment_0009.wav,XC1084278-MILMIG_260227_0050_Galez65_Barran,Black Kite,Milvus migrans,XC1084278-MILMIG_260227_0050_Galez65_Barran.wav,9,22.5,27.5,5,187.127,32000,dataset\segments\Milvus_migrans\XC1084278-MILMIG_260227_0050_Galez65_Barran_segment_0009.wav,train
XC1084278-MILMIG_260227_0050_Galez65_Barran_segment_0010.wav,XC1084278-MILMIG_260227_0050_Galez65_Barran,Black Kite,Milvus migrans,XC1084278-MILMIG_260227_0050_Galez65_Barran.wav,10,25.0,30.0,5,187.127,32000,dataset\segments\Milvus_migrans\XC1084278-MILMIG_260227_0050_Galez65_Barran_segment_0010.wav,train
XC1084278-MILMIG_260227_0050_Galez65_Barran_segment_0011.wav,XC1084278-MILMIG_260227_0050_Galez65_Barran,Black Kite,Milvus migrans,XC1084278-MILMIG_260227_0050_Galez65_Barran.wav,11,27.5,32.5,5,187.127,32000,dataset\segments\Milvus_migrans\XC1084278-MILMIG_260227_0050_Galez65_Barran_segment_0011.wav,train
XC1084278-MILMIG_260227_0050_Galez65_Barran_segment_0012.wav,XC1084278-MILMIG_260227_0050_Galez65_Barran,Black Kite,Milvus migrans,XC1084278-MILMIG_260227_0050_Galez65_Barran.wav,12,30.0,35.0,5,187.127,32000,dataset\segments\Milvus_migrans\XC1084278-MILMIG_260227_0050_Galez65_Barran_segment_0012.wav,train
XC1084278-MILMIG_260227_0050_Galez65_Barran_segment_0013.wav,XC1084278-MILMIG_260227_0050_Galez65_Barran,Black Kite,Milvus migrans,XC1084278-MILMIG_260227_0050_Galez65_Barran.wav,13,32.5,37.5,5,187.127,32000,dataset\segments\Milvus_migrans\XC1084278-MILMIG_260227_0050_Galez65_Barran_segment_0013.wav,train
XC1084278-MILMIG_260227_0050_Galez65_Barran_segment_0014.wav,XC1084278-MILMIG_260227_0050_Galez65_Barran,Black Kite,Milvus migrans,XC1084278-MILMIG_260227_0050_Galez65_Barran.wav,14,35.0,40.0,5,187.127,32000,dataset\segments\Milvus_migrans\XC1084278-MILMIG_260227_0050_Galez65_Barran_segment_0014.wav,train
XC1084278-MILMIG_260227_0050_Galez65_Barran_segment_0015.wav,XC1084278-MILMIG_260227_0050_Galez65_Barran,Black Kite,Milvus migrans,XC1084278-MILMIG_260227_0050_Galez65_Barran.wav,15,37.5,42.5,5,187.127,32000,dataset\segments\Milvus_migrans\XC1084278-MILMIG_260227_0050_Galez65_Barran_segment_0015.wav,train
XC1084278-MILMIG_260227_0050_Galez65_Barran_segment_0016.wav,XC1084278-MILMIG_260227_0050_Galez65_Barran,Black Kite,Milvus migrans,XC1084278-MILMIG_260227_0050_Galez65_Barran.wav,16,40.0,45.0,5,187.127,32000,dataset\segments\Milvus_migrans\XC1084278-MILMIG_260227_0050_Galez65_Barran_segment_0016.wav,train
XC1084278-MILMIG_260227_0050_Galez65_Barran_segment_0017.wav,XC1084278-MILMIG_260227_0050_Galez65_Barran,Black Kite,Milvus migrans,XC1084278-MILMIG_260227_0050_Galez65_Barran.wav,17,42.5,47.5,5,187.127,32000,dataset\segments\Milvus_migrans\XC1084278-MILMIG_260227_0050_Galez65_Barran_segment_0017.wav,train
XC1084278-MILMIG_260227_0050_Galez65_Barran_segment_0018.wav,XC1084278-MILMIG_260227_0050_Galez65_Barran,Black Kite,Milvus migrans,XC1084278-MILMIG_260227_0050_Galez65_Barran.wav,18,45.0,50.0,5,187.127,32000,dataset\segments\Milvus_migrans\XC1084278-MILMIG_260227_0050_Galez65_Barran_segment_0018.wav,train
XC1084278-MILMIG_260227_0050_Galez65_Barran_segment_0019.wav,XC1084278-MILMIG_260227_0050_Galez65_Barran,Black Kite,Milvus migrans,XC1084278-MILMIG_260227_0050_Galez65_Barran.wav,19,47.5,52.5,5,187.127,32000,dataset\segments\Milvus_migrans\XC1084278-MILMIG_260227_0050_Galez65_Barran_segment_0019.wav,train
XC1084278-MILMIG_260227_0050_Galez65_Barran_segment_0020.wav,XC1084278-MILMIG_260227_0050_Galez65_Barran,Black Kite,Milvus migrans,XC1084278-MILMIG_260227_0050_Galez65_Barran.wav,20,50.0,55.0,5,187.127,32000,dataset\segments\Milvus_migrans\XC1084278-MILMIG_260227_0050_Galez65_Barran_segment_0020.wav,train
XC1084278-MILMIG_260227_0050_Galez65_Barran_segment_0021.wav,XC1084278-MILMIG_260227_0050_Galez65_Barran,Black Kite,Milvus migrans,XC1084278-MILMIG_260227_0050_Galez65_Barran.wav,21,52.5,57.5,5,187.127,32000,dataset\segments\Milvus_migrans\XC1084278-MILMIG_260227_0050_Galez65_Barran_segment_0021.wav,train
XC1084278-MILMIG_260227_0050_Galez65_Barran_segment_0022.wav,XC1084278-MILMIG_260227_0050_Galez65_Barran,Black Kite,Milvus migrans,XC1084278-MILMIG_260227_0050_Galez65_Barran.wav,22,55.0,60.0,5,187.127,32000,dataset\segments\Milvus_migrans\XC1084278-MILMIG_260227_0050_Galez65_Barran_segment_0022.wav,train
XC1084278-MILMIG_260227_0050_Galez65_Barran_segment_0023.wav,XC1084278-MILMIG_260227_0050_Galez65_Barran,Black Kite,Milvus migrans,XC1084278-MILMIG_260227_0050_Galez65_Barran.wav,23,57.5,62.5,5,187.127,32000,dataset\segments\Milvus_migrans\XC1084278-MILMIG_260227_0050_Galez65_Barran_segment_0023.wav,train
XC1084278-MILMIG_260227_0050_Galez65_Barran_segment_0024.wav,XC1084278-MILMIG_260227_0050_Galez65_Barran,Black Kite,Milvus migrans,XC1084278-MILMIG_260227_0050_Galez65_Barran.wav,24,60.0,65.0,5,187.127,32000,dataset\segments\Milvus_migrans\XC1084278-MILMIG_260227_0050_Galez65_Barran_segment_0024.wav,train
XC1084278-MILMIG_260227_0050_Galez65_Barran_segment_0025.wav,XC1084278-MILMIG_260227_0050_Galez65_Barran,Black Kite,Milvus migrans,XC1084278-MILMIG_260227_0050_Galez65_Barran.wav,25,62.5,67.5,5,187.127,32000,dataset\segments\Milvus_migrans\XC1084278-MILMIG_260227_0050_Galez65_Barran_segment_0025.wav,train
XC1084278-MILMIG_260227_0050_Galez65_Barran_segment_0026.wav,XC1084278-MILMIG_260227_0050_Galez65_Barran,Black Kite,Milvus migrans,XC1084278-MILMIG_260227_0050_Galez65_Barran.wav,26,65.0,70.0,5,187.127,32000,dataset\segments\Milvus_migrans\XC1084278-MILMIG_260227_0050_Galez65_Barran_segment_0026.wav,train
XC1084278-MILMIG_260227_0050_Galez65_Barran_segment_0027.wav,XC1084278-MILMIG_260227_0050_Galez65_Barran,Black Kite,Milvus migrans,XC1084278-MILMIG_260227_0050_Galez65_Barran.wav,27,67.5,72.5,5,187.127,32000,dataset\segments\Milvus_migrans\XC1084278-MILMIG_260227_0050_Galez65_Barran_segment_0027.wav,train
XC1084278-MILMIG_260227_0050_Galez65_Barran_segment_0028.wav,XC1084278-MILMIG_260227_0050_Galez65_Barran,Black Kite,Milvus migrans,XC1084278-MILMIG_260227_0050_Galez65_Barran.wav,28,70.0,75.0,5,187.127,32000,dataset\segments\Milvus_migrans\XC1084278-MILMIG_260227_0050_Galez65_Barran_segment_0028.wav,train
XC1084278-MILMIG_260227_0050_Galez65_Barran_segment_0029.wav,XC1084278-MILMIG_260227_0050_Galez65_Barran,Black Kite,Milvus migrans,XC1084278-MILMIG_260227_0050_Galez65_Barran.wav,29,72.5,77.5,5,187.127,32000,dataset\segments\Milvus_migrans\XC1084278-MILMIG_260227_0050_Galez65_Barran_segment_0029.wav,train
XC1084278-MILMIG_260227_0050_Galez65_Barran_segment_0030.wav,XC1084278-MILMIG_260227_0050_Galez65_Barran,Black Kite,Milvus migrans,XC1084278-MILMIG_260227_0050_Galez65_Barran.wav,30,75.0,80.0,5,187.127,32000,dataset\segments\Milvus_migrans\XC1084278-MILMIG_260227_0050_Galez65_Barran_segment_0030.wav,train
XC1084278-MILMIG_260227_0050_Galez65_Barran_segment_0031.wav,XC1084278-MILMIG_260227_0050_Galez65_Barran,Black Kite,Milvus migrans,XC1084278-MILMIG_260227_0050_Galez65_Barran.wav,31,77.5,82.5,5,187.127,32000,dataset\segments\Milvus_migrans\XC1084278-MILMIG_260227_0050_Galez65_Barran_segment_0031.wav,train
XC1084278-MILMIG_260227_0050_Galez65_Barran_segment_0032.wav,XC1084278-MILMIG_260227_0050_Galez65_Barran,Black Kite,Milvus migrans,XC1084278-MILMIG_260227_0050_Galez65_Barran.wav,32,80.0,85.0,5,187.127,32000,dataset\segments\Milvus_migrans\XC1084278-MILMIG_260227_0050_Galez65_Barran_segment_0032.wav,train
XC1084278-MILMIG_260227_0050_Galez65_Barran_segment_0033.wav,XC1084278-MILMIG_260227_0050_Galez65_Barran,Black Kite,Milvus migrans,XC1084278-MILMIG_260227_0050_Galez65_Barran.wav,33,82.5,87.5,5,187.127,32000,dataset\segments\Milvus_migrans\XC1084278-MILMIG_260227_0050_Galez65_Barran_segment_0033.wav,train
XC1084278-MILMIG_260227_0050_Galez65_Barran_segment_0034.wav,XC1084278-MILMIG_260227_0050_Galez65_Barran,Black Kite,Milvus migrans,XC1084278-MILMIG_260227_0050_Galez65_Barran.wav,34,85.0,90.0,5,187.127,32000,dataset\segments\Milvus_migrans\XC1084278-MILMIG_260227_0050_Galez65_Barran_segment_0034.wav,train
XC1084278-MILMIG_260227_0050_Galez65_Barran_segment_0035.wav,XC1084278-MILMIG_260227_0050_Galez65_Barran,Black Kite,Milvus migrans,XC1084278-MILMIG_260227_0050_Galez65_Barran.wav,35,87.5,92.5,5,187.127,32000,dataset\segments\Milvus_migrans\XC1084278-MILMIG_260227_0050_Galez65_Barran_segment_0035.wav,train
XC1084278-MILMIG_260227_0050_Galez65_Barran_segment_0036.wav,XC1084278-MILMIG_260227_0050_Galez65_Barran,Black Kite,Milvus migrans,XC1084278-MILMIG_260227_0050_Galez65_Barran.wav,36,90.0,95.0,5,187.127,32000,dataset\segments\Milvus_migrans\XC1084278-MILMIG_260227_0050_Galez65_Barran_segment_0036.wav,train
XC1084278-MILMIG_260227_0050_Galez65_Barran_segment_0037.wav,XC1084278-MILMIG_260227_0050_Galez65_Barran,Black Kite,Milvus migrans,XC1084278-MILMIG_260227_0050_Galez65_Barran.wav,37,92.5,97.5,5,187.127,32000,dataset\segments\Milvus_migrans\XC1084278-MILMIG_260227_0050_Galez65_Barran_segment_0037.wav,train
XC1084278-MILMIG_260227_0050_Galez65_Barran_segment_0038.wav,XC1084278-MILMIG_260227_0050_Galez65_Barran,Black Kite,Milvus migrans,XC1084278-MILMIG_260227_0050_Galez65_Barran.wav,38,95.0,100.0,5,187.127,32000,dataset\segments\Milvus_migrans\XC1084278-MILMIG_260227_0050_Galez65_Barran_segment_0038.wav,train
XC1084278-MILMIG_260227_0050_Galez65_Barran_segment_0039.wav,XC1084278-MILMIG_260227_0050_Galez65_Barran,Black Kite,Milvus migrans,XC1084278-MILMIG_260227_0050_Galez65_Barran.wav,39,97.5,102.5,5,187.127,32000,dataset\segments\Milvus_migrans\XC1084278-MILMIG_260227_0050_Galez65_Barran_segment_0039.wav,train
XC1084278-MILMIG_260227_0050_Galez65_Barran_segment_0040.wav,XC1084278-MILMIG_260227_0050_Galez65_Barran,Black Kite,Milvus migrans,XC1084278-MILMIG_260227_0050_Galez65_Barran.wav,40,100.0,105.0,5,187.127,32000,dataset\segments\Milvus_migrans\XC1084278-MILMIG_260227_0050_Galez65_Barran_segment_0040.wav,train
XC1084278-MILMIG_260227_0050_Galez65_Barran_segment_0041.wav,XC1084278-MILMIG_260227_0050_Galez65_Barran,Black Kite,Milvus migrans,XC1084278-MILMIG_260227_0050_Galez65_Barran.wav,41,102.5,107.5,5,187.127,32000,dataset\segments\Milvus_migrans\XC1084278-MILMIG_260227_0050_Galez65_Barran_segment_0041.wav,train
XC1084278-MILMIG_260227_0050_Galez65_Barran_segment_0042.wav,XC1084278-MILMIG_260227_0050_Galez65_Barran,Black Kite,Milvus migrans,XC1084278-MILMIG_260227_0050_Galez65_Barran.wav,42,105.0,110.0,5,187.127,32000,dataset\segments\Milvus_migrans\XC1084278-MILMIG_260227_0050_Galez65_Barran_segment_0042.wav,train
XC1084278-MILMIG_260227_0050_Galez65_Barran_segment_0043.wav,XC1084278-MILMIG_260227_0050_Galez65_Barran,Black Kite,Milvus migrans,XC1084278-MILMIG_260227_0050_Galez65_Barran.wav,43,107.5,112.5,5,187.127,32000,dataset\segments\Milvus_migrans\XC1084278-MILMIG_260227_0050_Galez65_Barran_segment_0043.wav,train
XC1084278-MILMIG_260227_0050_Galez65_Barran_segment_0044.wav,XC1084278-MILMIG_260227_0050_Galez65_Barran,Black Kite,Milvus migrans,XC1084278-MILMIG_260227_0050_Galez65_Barran.wav,44,110.0,115.0,5,187.127,32000,dataset\segments\Milvus_migrans\XC1084278-MILMIG_260227_0050_Galez65_Barran_segment_0044.wav,train
XC1084278-MILMIG_260227_0050_Galez65_Barran_segment_0045.wav,XC1084278-MILMIG_260227_0050_Galez65_Barran,Black Kite,Milvus migrans,XC1084278-MILMIG_260227_0050_Galez65_Barran.wav,45,112.5,117.5,5,187.127,32000,dataset\segments\Milvus_migrans\XC1084278-MILMIG_260227_0050_Galez65_Barran_segment_0045.wav,train
XC1084278-MILMIG_260227_0050_Galez65_Barran_segment_0046.wav,XC1084278-MILMIG_260227_0050_Galez65_Barran,Black Kite,Milvus migrans,XC1084278-MILMIG_260227_0050_Galez65_Barran.wav,46,115.0,120.0,5,187.127,32000,dataset\segments\Milvus_migrans\XC1084278-MILMIG_260227_0050_Galez65_Barran_segment_0046.wav,train
XC1084278-MILMIG_260227_0050_Galez65_Barran_segment_0047.wav,XC1084278-MILMIG_260227_0050_Galez65_Barran,Black Kite,Milvus migrans,XC1084278-MILMIG_260227_0050_Galez65_Barran.wav,47,117.5,122.5,5,187.127,32000,dataset\segments\Milvus_migrans\XC1084278-MILMIG_260227_0050_Galez65_Barran_segment_0047.wav,train
XC1084278-MILMIG_260227_0050_Galez65_Barran_segment_0048.wav,XC1084278-MILMIG_260227_0050_Galez65_Barran,Black Kite,Milvus migrans,XC1084278-MILMIG_260227_0050_Galez65_Barran.wav,48,120.0,125.0,5,187.127,32000,dataset\segments\Milvus_migrans\XC1084278-MILMIG_260227_0050_Galez65_Barran_segment_0048.wav,train
XC1084278-MILMIG_260227_0050_Galez65_Barran_segment_0049.wav,XC1084278-MILMIG_260227_0050_Galez65_Barran,Black Kite,Milvus migrans,XC1084278-MILMIG_260227_0050_Galez65_Barran.wav,49,122.5,127.5,5,187.127,32000,dataset\segments\Milvus_migrans\XC1084278-MILMIG_260227_0050_Galez65_Barran_segment_0049.wav,train
XC1084278-MILMIG_260227_0050_Galez65_Barran_segment_0050.wav,XC1084278-MILMIG_260227_0050_Galez65_Barran,Black Kite,Milvus migrans,XC1084278-MILMIG_260227_0050_Galez65_Barran.wav,50,125.0,130.0,5,187.127,32000,dataset\segments\Milvus_migrans\XC1084278-MILMIG_260227_0050_Galez65_Barran_segment_0050.wav,train
XC1084278-MILMIG_260227_0050_Galez65_Barran_segment_0051.wav,XC1084278-MILMIG_260227_0050_Galez65_Barran,Black Kite,Milvus migrans,XC1084278-MILMIG_260227_0050_Galez65_Barran.wav,51,127.5,132.5,5,187.127,32000,dataset\segments\Milvus_migrans\XC1084278-MILMIG_260227_0050_Galez65_Barran_segment_0051.wav,train
XC1084278-MILMIG_260227_0050_Galez65_Barran_segment_0052.wav,XC1084278-MILMIG_260227_0050_Galez65_Barran,Black Kite,Milvus migrans,XC1084278-MILMIG_260227_0050_Galez65_Barran.wav,52,130.0,135.0,5,187.127,32000,dataset\segments\Milvus_migrans\XC1084278-MILMIG_260227_0050_Galez65_Barran_segment_0052.wav,train
XC1084278-MILMIG_260227_0050_Galez65_Barran_segment_0053.wav,XC1084278-MILMIG_260227_0050_Galez65_Barran,Black Kite,Milvus migrans,XC1084278-MILMIG_260227_0050_Galez65_Barran.wav,53,132.5,137.5,5,187.127,32000,dataset\segments\Milvus_migrans\XC1084278-MILMIG_260227_0050_Galez65_Barran_segment_0053.wav,train
XC1084278-MILMIG_260227_0050_Galez65_Barran_segment_0054.wav,XC1084278-MILMIG_260227_0050_Galez65_Barran,Black Kite,Milvus migrans,XC1084278-MILMIG_260227_0050_Galez65_Barran.wav,54,135.0,140.0,5,187.127,32000,dataset\segments\Milvus_migrans\XC1084278-MILMIG_260227_0050_Galez65_Barran_segment_0054.wav,train
XC1084278-MILMIG_260227_0050_Galez65_Barran_segment_0055.wav,XC1084278-MILMIG_260227_0050_Galez65_Barran,Black Kite,Milvus migrans,XC1084278-MILMIG_260227_0050_Galez65_Barran.wav,55,137.5,142.5,5,187.127,32000,dataset\segments\Milvus_migrans\XC1084278-MILMIG_260227_0050_Galez65_Barran_segment_0055.wav,train
XC1084278-MILMIG_260227_0050_Galez65_Barran_segment_0056.wav,XC1084278-MILMIG_260227_0050_Galez65_Barran,Black Kite,Milvus migrans,XC1084278-MILMIG_260227_0050_Galez65_Barran.wav,56,140.0,145.0,5,187.127,32000,dataset\segments\Milvus_migrans\XC1084278-MILMIG_260227_0050_Galez65_Barran_segment_0056.wav,train
XC1084278-MILMIG_260227_0050_Galez65_Barran_segment_0057.wav,XC1084278-MILMIG_260227_0050_Galez65_Barran,Black Kite,Milvus migrans,XC1084278-MILMIG_260227_0050_Galez65_Barran.wav,57,142.5,147.5,5,187.127,32000,dataset\segments\Milvus_migrans\XC1084278-MILMIG_260227_0050_Galez65_Barran_segment_0057.wav,train
XC1084278-MILMIG_260227_0050_Galez65_Barran_segment_0058.wav,XC1084278-MILMIG_260227_0050_Galez65_Barran,Black Kite,Milvus migrans,XC1084278-MILMIG_260227_0050_Galez65_Barran.wav,58,145.0,150.0,5,187.127,32000,dataset\segments\Milvus_migrans\XC1084278-MILMIG_260227_0050_Galez65_Barran_segment_0058.wav,train
XC1084278-MILMIG_260227_0050_Galez65_Barran_segment_0059.wav,XC1084278-MILMIG_260227_0050_Galez65_Barran,Black Kite,Milvus migrans,XC1084278-MILMIG_260227_0050_Galez65_Barran.wav,59,147.5,152.5,5,187.127,32000,dataset\segments\Milvus_migrans\XC1084278-MILMIG_260227_0050_Galez65_Barran_segment_0059.wav,train
XC1084278-MILMIG_260227_0050_Galez65_Barran_segment_0060.wav,XC1084278-MILMIG_260227_0050_Galez65_Barran,Black Kite,Milvus migrans,XC1084278-MILMIG_260227_0050_Galez65_Barran.wav,60,150.0,155.0,5,187.127,32000,dataset\segments\Milvus_migrans\XC1084278-MILMIG_260227_0050_Galez65_Barran_segment_0060.wav,train
XC1084278-MILMIG_260227_0050_Galez65_Barran_segment_0061.wav,XC1084278-MILMIG_260227_0050_Galez65_Barran,Black Kite,Milvus migrans,XC1084278-MILMIG_260227_0050_Galez65_Barran.wav,61,152.5,157.5,5,187.127,32000,dataset\segments\Milvus_migrans\XC1084278-MILMIG_260227_0050_Galez65_Barran_segment_0061.wav,train
XC1084278-MILMIG_260227_0050_Galez65_Barran_segment_0062.wav,XC1084278-MILMIG_260227_0050_Galez65_Barran,Black Kite,Milvus migrans,XC1084278-MILMIG_260227_0050_Galez65_Barran.wav,62,155.0,160.0,5,187.127,32000,dataset\segments\Milvus_migrans\XC1084278-MILMIG_260227_0050_Galez65_Barran_segment_0062.wav,train
XC1084278-MILMIG_260227_0050_Galez65_Barran_segment_0063.wav,XC1084278-MILMIG_260227_0050_Galez65_Barran,Black Kite,Milvus migrans,XC1084278-MILMIG_260227_0050_Galez65_Barran.wav,63,157.5,162.5,5,187.127,32000,dataset\segments\Milvus_migrans\XC1084278-MILMIG_260227_0050_Galez65_Barran_segment_0063.wav,train
XC1084278-MILMIG_260227_0050_Galez65_Barran_segment_0064.wav,XC1084278-MILMIG_260227_0050_Galez65_Barran,Black Kite,Milvus migrans,XC1084278-MILMIG_260227_0050_Galez65_Barran.wav,64,160.0,165.0,5,187.127,32000,dataset\segments\Milvus_migrans\XC1084278-MILMIG_260227_0050_Galez65_Barran_segment_0064.wav,train
XC1084278-MILMIG_260227_0050_Galez65_Barran_segment_0065.wav,XC1084278-MILMIG_260227_0050_Galez65_Barran,Black Kite,Milvus migrans,XC1084278-MILMIG_260227_0050_Galez65_Barran.wav,65,162.5,167.5,5,187.127,32000,dataset\segments\Milvus_migrans\XC1084278-MILMIG_260227_0050_Galez65_Barran_segment_0065.wav,train
XC1084278-MILMIG_260227_0050_Galez65_Barran_segment_0066.wav,XC1084278-MILMIG_260227_0050_Galez65_Barran,Black Kite,Milvus migrans,XC1084278-MILMIG_260227_0050_Galez65_Barran.wav,66,165.0,170.0,5,187.127,32000,dataset\segments\Milvus_migrans\XC1084278-MILMIG_260227_0050_Galez65_Barran_segment_0066.wav,train
XC1084278-MILMIG_260227_0050_Galez65_Barran_segment_0067.wav,XC1084278-MILMIG_260227_0050_Galez65_Barran,Black Kite,Milvus migrans,XC1084278-MILMIG_260227_0050_Galez65_Barran.wav,67,167.5,172.5,5,187.127,32000,dataset\segments\Milvus_migrans\XC1084278-MILMIG_260227_0050_Galez65_Barran_segment_0067.wav,train
XC1084278-MILMIG_260227_0050_Galez65_Barran_segment_0068.wav,XC1084278-MILMIG_260227_0050_Galez65_Barran,Black Kite,Milvus migrans,XC1084278-MILMIG_260227_0050_Galez65_Barran.wav,68,170.0,175.0,5,187.127,32000,dataset\segments\Milvus_migrans\XC1084278-MILMIG_260227_0050_Galez65_Barran_segment_0068.wav,train
XC1084278-MILMIG_260227_0050_Galez65_Barran_segment_0069.wav,XC1084278-MILMIG_260227_0050_Galez65_Barran,Black Kite,Milvus migrans,XC1084278-MILMIG_260227_0050_Galez65_Barran.wav,69,172.5,177.5,5,187.127,32000,dataset\segments\Milvus_migrans\XC1084278-MILMIG_260227_0050_Galez65_Barran_segment_0069.wav,train
XC1084278-MILMIG_260227_0050_Galez65_Barran_segment_0070.wav,XC1084278-MILMIG_260227_0050_Galez65_Barran,Black Kite,Milvus migrans,XC1084278-MILMIG_260227_0050_Galez65_Barran.wav,70,175.0,180.0,5,187.127,32000,dataset\segments\Milvus_migrans\XC1084278-MILMIG_260227_0050_Galez65_Barran_segment_0070.wav,train
XC1084278-MILMIG_260227_0050_Galez65_Barran_segment_0071.wav,XC1084278-MILMIG_260227_0050_Galez65_Barran,Black Kite,Milvus migrans,XC1084278-MILMIG_260227_0050_Galez65_Barran.wav,71,177.5,182.5,5,187.127,32000,dataset\segments\Milvus_migrans\XC1084278-MILMIG_260227_0050_Galez65_Barran_segment_0071.wav,train
XC1084278-MILMIG_260227_0050_Galez65_Barran_segment_0072.wav,XC1084278-MILMIG_260227_0050_Galez65_Barran,Black Kite,Milvus migrans,XC1084278-MILMIG_260227_0050_Galez65_Barran.wav,72,180.0,185.0,5,187.127,32000,dataset\segments\Milvus_migrans\XC1084278-MILMIG_260227_0050_Galez65_Barran_segment_0072.wav,train
XC1099002-Black-Kite-黑鸢-call-亚成鸟-几只抢食物-香港米埔-小锅-+JS4006单麦-250209_0826----A_segment_0000.wav,XC1099002-Black-Kite-黑鸢-call-亚成鸟-几只抢食物-香港米埔-小锅-+JS4006单麦-250209_0826----A,Black Kite,Milvus migrans,XC1099002-Black-Kite-黑鸢-call-亚成鸟-几只抢食物-香港米埔-小锅-+JS4006单麦-250209_0826----A.wav,0,0.0,5.0,5,114.355,32000,dataset\segments\Milvus_migrans\XC1099002-Black-Kite-黑鸢-call-亚成鸟-几只抢食物-香港米埔-小锅-+JS4006单麦-250209_0826----A_segment_0000.wav,train
XC1099002-Black-Kite-黑鸢-call-亚成鸟-几只抢食物-香港米埔-小锅-+JS4006单麦-250209_0826----A_segment_0001.wav,XC1099002-Black-Kite-黑鸢-call-亚成鸟-几只抢食物-香港米埔-小锅-+JS4006单麦-250209_0826----A,Black Kite,Milvus migrans,XC1099002-Black-Kite-黑鸢-call-亚成鸟-几只抢食物-香港米埔-小锅-+JS4006单麦-250209_0826----A.wav,1,2.5,7.5,5,114.355,32000,dataset\segments\Milvus_migrans\XC1099002-Black-Kite-黑鸢-call-亚成鸟-几只抢食物-香港米埔-小锅-+JS4006单麦-250209_0826----A_segment_0001.wav,train
XC1099002-Black-Kite-黑鸢-call-亚成鸟-几只抢食物-香港米埔-小锅-+JS4006单麦-250209_0826----A_segment_0002.wav,XC1099002-Black-Kite-黑鸢-call-亚成鸟-几只抢食物-香港米埔-小锅-+JS4006单麦-250209_0826----A,Black Kite,Milvus migrans,XC1099002-Black-Kite-黑鸢-call-亚成鸟-几只抢食物-香港米埔-小锅-+JS4006单麦-250209_0826----A.wav,2,5.0,10.0,5,114.355,32000,dataset\segments\Milvus_migrans\XC1099002-Black-Kite-黑鸢-call-亚成鸟-几只抢食物-香港米埔-小锅-+JS4006单麦-250209_0826----A_segment_0002.wav,train
XC1099002-Black-Kite-黑鸢-call-亚成鸟-几只抢食物-香港米埔-小锅-+JS4006单麦-250209_0826----A_segment_0003.wav,XC1099002-Black-Kite-黑鸢-call-亚成鸟-几只抢食物-香港米埔-小锅-+JS4006单麦-250209_0826----A,Black Kite,Milvus migrans,XC1099002-Black-Kite-黑鸢-call-亚成鸟-几只抢食物-香港米埔-小锅-+JS4006单麦-250209_0826----A.wav,3,7.5,12.5,5,114.355,32000,dataset\segments\Milvus_migrans\XC1099002-Black-Kite-黑鸢-call-亚成鸟-几只抢食物-香港米埔-小锅-+JS4006单麦-250209_0826----A_segment_0003.wav,train
XC1099002-Black-Kite-黑鸢-call-亚成鸟-几只抢食物-香港米埔-小锅-+JS4006单麦-250209_0826----A_segment_0004.wav,XC1099002-Black-Kite-黑鸢-call-亚成鸟-几只抢食物-香港米埔-小锅-+JS4006单麦-250209_0826----A,Black Kite,Milvus migrans,XC1099002-Black-Kite-黑鸢-call-亚成鸟-几只抢食物-香港米埔-小锅-+JS4006单麦-250209_0826----A.wav,4,10.0,15.0,5,114.355,32000,dataset\segments\Milvus_migrans\XC1099002-Black-Kite-黑鸢-call-亚成鸟-几只抢食物-香港米埔-小锅-+JS4006单麦-250209_0826----A_segment_0004.wav,train
XC1099002-Black-Kite-黑鸢-call-亚成鸟-几只抢食物-香港米埔-小锅-+JS4006单麦-250209_0826----A_segment_0005.wav,XC1099002-Black-Kite-黑鸢-call-亚成鸟-几只抢食物-香港米埔-小锅-+JS4006单麦-250209_0826----A,Black Kite,Milvus migrans,XC1099002-Black-Kite-黑鸢-call-亚成鸟-几只抢食物-香港米埔-小锅-+JS4006单麦-250209_0826----A.wav,5,12.5,17.5,5,114.355,32000,dataset\segments\Milvus_migrans\XC1099002-Black-Kite-黑鸢-call-亚成鸟-几只抢食物-香港米埔-小锅-+JS4006单麦-250209_0826----A_segment_0005.wav,train
XC1099002-Black-Kite-黑鸢-call-亚成鸟-几只抢食物-香港米埔-小锅-+JS4006单麦-250209_0826----A_segment_0006.wav,XC1099002-Black-Kite-黑鸢-call-亚成鸟-几只抢食物-香港米埔-小锅-+JS4006单麦-250209_0826----A,Black Kite,Milvus migrans,XC1099002-Black-Kite-黑鸢-call-亚成鸟-几只抢食物-香港米埔-小锅-+JS4006单麦-250209_0826----A.wav,6,15.0,20.0,5,114.355,32000,dataset\segments\Milvus_migrans\XC1099002-Black-Kite-黑鸢-call-亚成鸟-几只抢食物-香港米埔-小锅-+JS4006单麦-250209_0826----A_segment_0006.wav,train
XC1099002-Black-Kite-黑鸢-call-亚成鸟-几只抢食物-香港米埔-小锅-+JS4006单麦-250209_0826----A_segment_0007.wav,XC1099002-Black-Kite-黑鸢-call-亚成鸟-几只抢食物-香港米埔-小锅-+JS4006单麦-250209_0826----A,Black Kite,Milvus migrans,XC1099002-Black-Kite-黑鸢-call-亚成鸟-几只抢食物-香港米埔-小锅-+JS4006单麦-250209_0826----A.wav,7,17.5,22.5,5,114.355,32000,dataset\segments\Milvus_migrans\XC1099002-Black-Kite-黑鸢-call-亚成鸟-几只抢食物-香港米埔-小锅-+JS4006单麦-250209_0826----A_segment_0007.wav,train
XC1099002-Black-Kite-黑鸢-call-亚成鸟-几只抢食物-香港米埔-小锅-+JS4006单麦-250209_0826----A_segment_0008.wav,XC1099002-Black-Kite-黑鸢-call-亚成鸟-几只抢食物-香港米埔-小锅-+JS4006单麦-250209_0826----A,Black Kite,Milvus migrans,XC1099002-Black-Kite-黑鸢-call-亚成鸟-几只抢食物-香港米埔-小锅-+JS4006单麦-250209_0826----A.wav,8,20.0,25.0,5,114.355,32000,dataset\segments\Milvus_migrans\XC1099002-Black-Kite-黑鸢-call-亚成鸟-几只抢食物-香港米埔-小锅-+JS4006单麦-250209_0826----A_segment_0008.wav,train
XC1099002-Black-Kite-黑鸢-call-亚成鸟-几只抢食物-香港米埔-小锅-+JS4006单麦-250209_0826----A_segment_0009.wav,XC1099002-Black-Kite-黑鸢-call-亚成鸟-几只抢食物-香港米埔-小锅-+JS4006单麦-250209_0826----A,Black Kite,Milvus migrans,XC1099002-Black-Kite-黑鸢-call-亚成鸟-几只抢食物-香港米埔-小锅-+JS4006单麦-250209_0826----A.wav,9,22.5,27.5,5,114.355,32000,dataset\segments\Milvus_migrans\XC1099002-Black-Kite-黑鸢-call-亚成鸟-几只抢食物-香港米埔-小锅-+JS4006单麦-250209_0826----A_segment_0009.wav,train
XC1099002-Black-Kite-黑鸢-call-亚成鸟-几只抢食物-香港米埔-小锅-+JS4006单麦-250209_0826----A_segment_0010.wav,XC1099002-Black-Kite-黑鸢-call-亚成鸟-几只抢食物-香港米埔-小锅-+JS4006单麦-250209_0826----A,Black Kite,Milvus migrans,XC1099002-Black-Kite-黑鸢-call-亚成鸟-几只抢食物-香港米埔-小锅-+JS4006单麦-250209_0826----A.wav,10,25.0,30.0,5,114.355,32000,dataset\segments\Milvus_migrans\XC1099002-Black-Kite-黑鸢-call-亚成鸟-几只抢食物-香港米埔-小锅-+JS4006单麦-250209_0826----A_segment_0010.wav,train
XC1099002-Black-Kite-黑鸢-call-亚成鸟-几只抢食物-香港米埔-小锅-+JS4006单麦-250209_0826----A_segment_0011.wav,XC1099002-Black-Kite-黑鸢-call-亚成鸟-几只抢食物-香港米埔-小锅-+JS4006单麦-250209_0826----A,Black Kite,Milvus migrans,XC1099002-Black-Kite-黑鸢-call-亚成鸟-几只抢食物-香港米埔-小锅-+JS4006单麦-250209_0826----A.wav,11,27.5,32.5,5,114.355,32000,dataset\segments\Milvus_migrans\XC1099002-Black-Kite-黑鸢-call-亚成鸟-几只抢食物-香港米埔-小锅-+JS4006单麦-250209_0826----A_segment_0011.wav,train
XC1099002-Black-Kite-黑鸢-call-亚成鸟-几只抢食物-香港米埔-小锅-+JS4006单麦-250209_0826----A_segment_0012.wav,XC1099002-Black-Kite-黑鸢-call-亚成鸟-几只抢食物-香港米埔-小锅-+JS4006单麦-250209_0826----A,Black Kite,Milvus migrans,XC1099002-Black-Kite-黑鸢-call-亚成鸟-几只抢食物-香港米埔-小锅-+JS4006单麦-250209_0826----A.wav,12,30.0,35.0,5,114.355,32000,dataset\segments\Milvus_migrans\XC1099002-Black-Kite-黑鸢-call-亚成鸟-几只抢食物-香港米埔-小锅-+JS4006单麦-250209_0826----A_segment_0012.wav,train
XC1099002-Black-Kite-黑鸢-call-亚成鸟-几只抢食物-香港米埔-小锅-+JS4006单麦-250209_0826----A_segment_0013.wav,XC1099002-Black-Kite-黑鸢-call-亚成鸟-几只抢食物-香港米埔-小锅-+JS4006单麦-250209_0826----A,Black Kite,Milvus migrans,XC1099002-Black-Kite-黑鸢-call-亚成鸟-几只抢食物-香港米埔-小锅-+JS4006单麦-250209_0826----A.wav,13,32.5,37.5,5,114.355,32000,dataset\segments\Milvus_migrans\XC1099002-Black-Kite-黑鸢-call-亚成鸟-几只抢食物-香港米埔-小锅-+JS4006单麦-250209_0826----A_segment_0013.wav,train
XC1099002-Black-Kite-黑鸢-call-亚成鸟-几只抢食物-香港米埔-小锅-+JS4006单麦-250209_0826----A_segment_0014.wav,XC1099002-Black-Kite-黑鸢-call-亚成鸟-几只抢食物-香港米埔-小锅-+JS4006单麦-250209_0826----A,Black Kite,Milvus migrans,XC1099002-Black-Kite-黑鸢-call-亚成鸟-几只抢食物-香港米埔-小锅-+JS4006单麦-250209_0826----A.wav,14,35.0,40.0,5,114.355,32000,dataset\segments\Milvus_migrans\XC1099002-Black-Kite-黑鸢-call-亚成鸟-几只抢食物-香港米埔-小锅-+JS4006单麦-250209_0826----A_segment_0014.wav,train
XC1099002-Black-Kite-黑鸢-call-亚成鸟-几只抢食物-香港米埔-小锅-+JS4006单麦-250209_0826----A_segment_0015.wav,XC1099002-Black-Kite-黑鸢-call-亚成鸟-几只抢食物-香港米埔-小锅-+JS4006单麦-250209_0826----A,Black Kite,Milvus migrans,XC1099002-Black-Kite-黑鸢-call-亚成鸟-几只抢食物-香港米埔-小锅-+JS4006单麦-250209_0826----A.wav,15,37.5,42.5,5,114.355,32000,dataset\segments\Milvus_migrans\XC1099002-Black-Kite-黑鸢-call-亚成鸟-几只抢食物-香港米埔-小锅-+JS4006单麦-250209_0826----A_segment_0015.wav,train
XC1099002-Black-Kite-黑鸢-call-亚成鸟-几只抢食物-香港米埔-小锅-+JS4006单麦-250209_0826----A_segment_0016.wav,XC1099002-Black-Kite-黑鸢-call-亚成鸟-几只抢食物-香港米埔-小锅-+JS4006单麦-250209_0826----A,Black Kite,Milvus migrans,XC1099002-Black-Kite-黑鸢-call-亚成鸟-几只抢食物-香港米埔-小锅-+JS4006单麦-250209_0826----A.wav,16,40.0,45.0,5,114.355,32000,dataset\segments\Milvus_migrans\XC1099002-Black-Kite-黑鸢-call-亚成鸟-几只抢食物-香港米埔-小锅-+JS4006单麦-250209_0826----A_segment_0016.wav,train
XC1099002-Black-Kite-黑鸢-call-亚成鸟-几只抢食物-香港米埔-小锅-+JS4006单麦-250209_0826----A_segment_0017.wav,XC1099002-Black-Kite-黑鸢-call-亚成鸟-几只抢食物-香港米埔-小锅-+JS4006单麦-250209_0826----A,Black Kite,Milvus migrans,XC1099002-Black-Kite-黑鸢-call-亚成鸟-几只抢食物-香港米埔-小锅-+JS4006单麦-250209_0826----A.wav,17,42.5,47.5,5,114.355,32000,dataset\segments\Milvus_migrans\XC1099002-Black-Kite-黑鸢-call-亚成鸟-几只抢食物-香港米埔-小锅-+JS4006单麦-250209_0826----A_segment_0017.wav,train
XC1099002-Black-Kite-黑鸢-call-亚成鸟-几只抢食物-香港米埔-小锅-+JS4006单麦-250209_0826----A_segment_0018.wav,XC1099002-Black-Kite-黑鸢-call-亚成鸟-几只抢食物-香港米埔-小锅-+JS4006单麦-250209_0826----A,Black Kite,Milvus migrans,XC1099002-Black-Kite-黑鸢-call-亚成鸟-几只抢食物-香港米埔-小锅-+JS4006单麦-250209_0826----A.wav,18,45.0,50.0,5,114.355,32000,dataset\segments\Milvus_migrans\XC1099002-Black-Kite-黑鸢-call-亚成鸟-几只抢食物-香港米埔-小锅-+JS4006单麦-250209_0826----A_segment_0018.wav,train
XC1099002-Black-Kite-黑鸢-call-亚成鸟-几只抢食物-香港米埔-小锅-+JS4006单麦-250209_0826----A_segment_0019.wav,XC1099002-Black-Kite-黑鸢-call-亚成鸟-几只抢食物-香港米埔-小锅-+JS4006单麦-250209_0826----A,Black Kite,Milvus migrans,XC1099002-Black-Kite-黑鸢-call-亚成鸟-几只抢食物-香港米埔-小锅-+JS4006单麦-250209_0826----A.wav,19,47.5,52.5,5,114.355,32000,dataset\segments\Milvus_migrans\XC1099002-Black-Kite-黑鸢-call-亚成鸟-几只抢食物-香港米埔-小锅-+JS4006单麦-250209_0826----A_segment_0019.wav,train
XC1099002-Black-Kite-黑鸢-call-亚成鸟-几只抢食物-香港米埔-小锅-+JS4006单麦-250209_0826----A_segment_0020.wav,XC1099002-Black-Kite-黑鸢-call-亚成鸟-几只抢食物-香港米埔-小锅-+JS4006单麦-250209_0826----A,Black Kite,Milvus migrans,XC1099002-Black-Kite-黑鸢-call-亚成鸟-几只抢食物-香港米埔-小锅-+JS4006单麦-250209_0826----A.wav,20,50.0,55.0,5,114.355,32000,dataset\segments\Milvus_migrans\XC1099002-Black-Kite-黑鸢-call-亚成鸟-几只抢食物-香港米埔-小锅-+JS4006单麦-250209_0826----A_segment_0020.wav,train
XC1099002-Black-Kite-黑鸢-call-亚成鸟-几只抢食物-香港米埔-小锅-+JS4006单麦-250209_0826----A_segment_0021.wav,XC1099002-Black-Kite-黑鸢-call-亚成鸟-几只抢食物-香港米埔-小锅-+JS4006单麦-250209_0826----A,Black Kite,Milvus migrans,XC1099002-Black-Kite-黑鸢-call-亚成鸟-几只抢食物-香港米埔-小锅-+JS4006单麦-250209_0826----A.wav,21,52.5,57.5,5,114.355,32000,dataset\segments\Milvus_migrans\XC1099002-Black-Kite-黑鸢-call-亚成鸟-几只抢食物-香港米埔-小锅-+JS4006单麦-250209_0826----A_segment_0021.wav,train
XC1099002-Black-Kite-黑鸢-call-亚成鸟-几只抢食物-香港米埔-小锅-+JS4006单麦-250209_0826----A_segment_0022.wav,XC1099002-Black-Kite-黑鸢-call-亚成鸟-几只抢食物-香港米埔-小锅-+JS4006单麦-250209_0826----A,Black Kite,Milvus migrans,XC1099002-Black-Kite-黑鸢-call-亚成鸟-几只抢食物-香港米埔-小锅-+JS4006单麦-250209_0826----A.wav,22,55.0,60.0,5,114.355,32000,dataset\segments\Milvus_migrans\XC1099002-Black-Kite-黑鸢-call-亚成鸟-几只抢食物-香港米埔-小锅-+JS4006单麦-250209_0826----A_segment_0022.wav,train
XC1099002-Black-Kite-黑鸢-call-亚成鸟-几只抢食物-香港米埔-小锅-+JS4006单麦-250209_0826----A_segment_0023.wav,XC1099002-Black-Kite-黑鸢-call-亚成鸟-几只抢食物-香港米埔-小锅-+JS4006单麦-250209_0826----A,Black Kite,Milvus migrans,XC1099002-Black-Kite-黑鸢-call-亚成鸟-几只抢食物-香港米埔-小锅-+JS4006单麦-250209_0826----A.wav,23,57.5,62.5,5,114.355,32000,dataset\segments\Milvus_migrans\XC1099002-Black-Kite-黑鸢-call-亚成鸟-几只抢食物-香港米埔-小锅-+JS4006单麦-250209_0826----A_segment_0023.wav,train
XC1099002-Black-Kite-黑鸢-call-亚成鸟-几只抢食物-香港米埔-小锅-+JS4006单麦-250209_0826----A_segment_0024.wav,XC1099002-Black-Kite-黑鸢-call-亚成鸟-几只抢食物-香港米埔-小锅-+JS4006单麦-250209_0826----A,Black Kite,Milvus migrans,XC1099002-Black-Kite-黑鸢-call-亚成鸟-几只抢食物-香港米埔-小锅-+JS4006单麦-250209_0826----A.wav,24,60.0,65.0,5,114.355,32000,dataset\segments\Milvus_migrans\XC1099002-Black-Kite-黑鸢-call-亚成鸟-几只抢食物-香港米埔-小锅-+JS4006单麦-250209_0826----A_segment_0024.wav,train
XC1099002-Black-Kite-黑鸢-call-亚成鸟-几只抢食物-香港米埔-小锅-+JS4006单麦-250209_0826----A_segment_0025.wav,XC1099002-Black-Kite-黑鸢-call-亚成鸟-几只抢食物-香港米埔-小锅-+JS4006单麦-250209_0826----A,Black Kite,Milvus migrans,XC1099002-Black-Kite-黑鸢-call-亚成鸟-几只抢食物-香港米埔-小锅-+JS4006单麦-250209_0826----A.wav,25,62.5,67.5,5,114.355,32000,dataset\segments\Milvus_migrans\XC1099002-Black-Kite-黑鸢-call-亚成鸟-几只抢食物-香港米埔-小锅-+JS4006单麦-250209_0826----A_segment_0025.wav,train
XC1099002-Black-Kite-黑鸢-call-亚成鸟-几只抢食物-香港米埔-小锅-+JS4006单麦-250209_0826----A_segment_0026.wav,XC1099002-Black-Kite-黑鸢-call-亚成鸟-几只抢食物-香港米埔-小锅-+JS4006单麦-250209_0826----A,Black Kite,Milvus migrans,XC1099002-Black-Kite-黑鸢-call-亚成鸟-几只抢食物-香港米埔-小锅-+JS4006单麦-250209_0826----A.wav,26,65.0,70.0,5,114.355,32000,dataset\segments\Milvus_migrans\XC1099002-Black-Kite-黑鸢-call-亚成鸟-几只抢食物-香港米埔-小锅-+JS4006单麦-250209_0826----A_segment_0026.wav,train
XC1099002-Black-Kite-黑鸢-call-亚成鸟-几只抢食物-香港米埔-小锅-+JS4006单麦-250209_0826----A_segment_0027.wav,XC1099002-Black-Kite-黑鸢-call-亚成鸟-几只抢食物-香港米埔-小锅-+JS4006单麦-250209_0826----A,Black Kite,Milvus migrans,XC1099002-Black-Kite-黑鸢-call-亚成鸟-几只抢食物-香港米埔-小锅-+JS4006单麦-250209_0826----A.wav,27,67.5,72.5,5,114.355,32000,dataset\segments\Milvus_migrans\XC1099002-Black-Kite-黑鸢-call-亚成鸟-几只抢食物-香港米埔-小锅-+JS4006单麦-250209_0826----A_segment_0027.wav,train
XC1099002-Black-Kite-黑鸢-call-亚成鸟-几只抢食物-香港米埔-小锅-+JS4006单麦-250209_0826----A_segment_0028.wav,XC1099002-Black-Kite-黑鸢-call-亚成鸟-几只抢食物-香港米埔-小锅-+JS4006单麦-250209_0826----A,Black Kite,Milvus migrans,XC1099002-Black-Kite-黑鸢-call-亚成鸟-几只抢食物-香港米埔-小锅-+JS4006单麦-250209_0826----A.wav,28,70.0,75.0,5,114.355,32000,dataset\segments\Milvus_migrans\XC1099002-Black-Kite-黑鸢-call-亚成鸟-几只抢食物-香港米埔-小锅-+JS4006单麦-250209_0826----A_segment_0028.wav,train
XC1099002-Black-Kite-黑鸢-call-亚成鸟-几只抢食物-香港米埔-小锅-+JS4006单麦-250209_0826----A_segment_0029.wav,XC1099002-Black-Kite-黑鸢-call-亚成鸟-几只抢食物-香港米埔-小锅-+JS4006单麦-250209_0826----A,Black Kite,Milvus migrans,XC1099002-Black-Kite-黑鸢-call-亚成鸟-几只抢食物-香港米埔-小锅-+JS4006单麦-250209_0826----A.wav,29,72.5,77.5,5,114.355,32000,dataset\segments\Milvus_migrans\XC1099002-Black-Kite-黑鸢-call-亚成鸟-几只抢食物-香港米埔-小锅-+JS4006单麦-250209_0826----A_segment_0029.wav,train
XC1099002-Black-Kite-黑鸢-call-亚成鸟-几只抢食物-香港米埔-小锅-+JS4006单麦-250209_0826----A_segment_0030.wav,XC1099002-Black-Kite-黑鸢-call-亚成鸟-几只抢食物-香港米埔-小锅-+JS4006单麦-250209_0826----A,Black Kite,Milvus migrans,XC1099002-Black-Kite-黑鸢-call-亚成鸟-几只抢食物-香港米埔-小锅-+JS4006单麦-250209_0826----A.wav,30,75.0,80.0,5,114.355,32000,dataset\segments\Milvus_migrans\XC1099002-Black-Kite-黑鸢-call-亚成鸟-几只抢食物-香港米埔-小锅-+JS4006单麦-250209_0826----A_segment_0030.wav,train
XC1099002-Black-Kite-黑鸢-call-亚成鸟-几只抢食物-香港米埔-小锅-+JS4006单麦-250209_0826----A_segment_0031.wav,XC1099002-Black-Kite-黑鸢-call-亚成鸟-几只抢食物-香港米埔-小锅-+JS4006单麦-250209_0826----A,Black Kite,Milvus migrans,XC1099002-Black-Kite-黑鸢-call-亚成鸟-几只抢食物-香港米埔-小锅-+JS4006单麦-250209_0826----A.wav,31,77.5,82.5,5,114.355,32000,dataset\segments\Milvus_migrans\XC1099002-Black-Kite-黑鸢-call-亚成鸟-几只抢食物-香港米埔-小锅-+JS4006单麦-250209_0826----A_segment_0031.wav,train
XC1099002-Black-Kite-黑鸢-call-亚成鸟-几只抢食物-香港米埔-小锅-+JS4006单麦-250209_0826----A_segment_0032.wav,XC1099002-Black-Kite-黑鸢-call-亚成鸟-几只抢食物-香港米埔-小锅-+JS4006单麦-250209_0826----A,Black Kite,Milvus migrans,XC1099002-Black-Kite-黑鸢-call-亚成鸟-几只抢食物-香港米埔-小锅-+JS4006单麦-250209_0826----A.wav,32,80.0,85.0,5,114.355,32000,dataset\segments\Milvus_migrans\XC1099002-Black-Kite-黑鸢-call-亚成鸟-几只抢食物-香港米埔-小锅-+JS4006单麦-250209_0826----A_segment_0032.wav,train
XC1099002-Black-Kite-黑鸢-call-亚成鸟-几只抢食物-香港米埔-小锅-+JS4006单麦-250209_0826----A_segment_0033.wav,XC1099002-Black-Kite-黑鸢-call-亚成鸟-几只抢食物-香港米埔-小锅-+JS4006单麦-250209_0826----A,Black Kite,Milvus migrans,XC1099002-Black-Kite-黑鸢-call-亚成鸟-几只抢食物-香港米埔-小锅-+JS4006单麦-250209_0826----A.wav,33,82.5,87.5,5,114.355,32000,dataset\segments\Milvus_migrans\XC1099002-Black-Kite-黑鸢-call-亚成鸟-几只抢食物-香港米埔-小锅-+JS4006单麦-250209_0826----A_segment_0033.wav,train
XC1099002-Black-Kite-黑鸢-call-亚成鸟-几只抢食物-香港米埔-小锅-+JS4006单麦-250209_0826----A_segment_0034.wav,XC1099002-Black-Kite-黑鸢-call-亚成鸟-几只抢食物-香港米埔-小锅-+JS4006单麦-250209_0826----A,Black Kite,Milvus migrans,XC1099002-Black-Kite-黑鸢-call-亚成鸟-几只抢食物-香港米埔-小锅-+JS4006单麦-250209_0826----A.wav,34,85.0,90.0,5,114.355,32000,dataset\segments\Milvus_migrans\XC1099002-Black-Kite-黑鸢-call-亚成鸟-几只抢食物-香港米埔-小锅-+JS4006单麦-250209_0826----A_segment_0034.wav,train
XC1099002-Black-Kite-黑鸢-call-亚成鸟-几只抢食物-香港米埔-小锅-+JS4006单麦-250209_0826----A_segment_0035.wav,XC1099002-Black-Kite-黑鸢-call-亚成鸟-几只抢食物-香港米埔-小锅-+JS4006单麦-250209_0826----A,Black Kite,Milvus migrans,XC1099002-Black-Kite-黑鸢-call-亚成鸟-几只抢食物-香港米埔-小锅-+JS4006单麦-250209_0826----A.wav,35,87.5,92.5,5,114.355,32000,dataset\segments\Milvus_migrans\XC1099002-Black-Kite-黑鸢-call-亚成鸟-几只抢食物-香港米埔-小锅-+JS4006单麦-250209_0826----A_segment_0035.wav,train
XC1099002-Black-Kite-黑鸢-call-亚成鸟-几只抢食物-香港米埔-小锅-+JS4006单麦-250209_0826----A_segment_0036.wav,XC1099002-Black-Kite-黑鸢-call-亚成鸟-几只抢食物-香港米埔-小锅-+JS4006单麦-250209_0826----A,Black Kite,Milvus migrans,XC1099002-Black-Kite-黑鸢-call-亚成鸟-几只抢食物-香港米埔-小锅-+JS4006单麦-250209_0826----A.wav,36,90.0,95.0,5,114.355,32000,dataset\segments\Milvus_migrans\XC1099002-Black-Kite-黑鸢-call-亚成鸟-几只抢食物-香港米埔-小锅-+JS4006单麦-250209_0826----A_segment_0036.wav,train
XC1099002-Black-Kite-黑鸢-call-亚成鸟-几只抢食物-香港米埔-小锅-+JS4006单麦-250209_0826----A_segment_0037.wav,XC1099002-Black-Kite-黑鸢-call-亚成鸟-几只抢食物-香港米埔-小锅-+JS4006单麦-250209_0826----A,Black Kite,Milvus migrans,XC1099002-Black-Kite-黑鸢-call-亚成鸟-几只抢食物-香港米埔-小锅-+JS4006单麦-250209_0826----A.wav,37,92.5,97.5,5,114.355,32000,dataset\segments\Milvus_migrans\XC1099002-Black-Kite-黑鸢-call-亚成鸟-几只抢食物-香港米埔-小锅-+JS4006单麦-250209_0826----A_segment_0037.wav,train
XC1099002-Black-Kite-黑鸢-call-亚成鸟-几只抢食物-香港米埔-小锅-+JS4006单麦-250209_0826----A_segment_0038.wav,XC1099002-Black-Kite-黑鸢-call-亚成鸟-几只抢食物-香港米埔-小锅-+JS4006单麦-250209_0826----A,Black Kite,Milvus migrans,XC1099002-Black-Kite-黑鸢-call-亚成鸟-几只抢食物-香港米埔-小锅-+JS4006单麦-250209_0826----A.wav,38,95.0,100.0,5,114.355,32000,dataset\segments\Milvus_migrans\XC1099002-Black-Kite-黑鸢-call-亚成鸟-几只抢食物-香港米埔-小锅-+JS4006单麦-250209_0826----A_segment_0038.wav,train
XC1099002-Black-Kite-黑鸢-call-亚成鸟-几只抢食物-香港米埔-小锅-+JS4006单麦-250209_0826----A_segment_0039.wav,XC1099002-Black-Kite-黑鸢-call-亚成鸟-几只抢食物-香港米埔-小锅-+JS4006单麦-250209_0826----A,Black Kite,Milvus migrans,XC1099002-Black-Kite-黑鸢-call-亚成鸟-几只抢食物-香港米埔-小锅-+JS4006单麦-250209_0826----A.wav,39,97.5,102.5,5,114.355,32000,dataset\segments\Milvus_migrans\XC1099002-Black-Kite-黑鸢-call-亚成鸟-几只抢食物-香港米埔-小锅-+JS4006单麦-250209_0826----A_segment_0039.wav,train
XC1099002-Black-Kite-黑鸢-call-亚成鸟-几只抢食物-香港米埔-小锅-+JS4006单麦-250209_0826----A_segment_0040.wav,XC1099002-Black-Kite-黑鸢-call-亚成鸟-几只抢食物-香港米埔-小锅-+JS4006单麦-250209_0826----A,Black Kite,Milvus migrans,XC1099002-Black-Kite-黑鸢-call-亚成鸟-几只抢食物-香港米埔-小锅-+JS4006单麦-250209_0826----A.wav,40,100.0,105.0,5,114.355,32000,dataset\segments\Milvus_migrans\XC1099002-Black-Kite-黑鸢-call-亚成鸟-几只抢食物-香港米埔-小锅-+JS4006单麦-250209_0826----A_segment_0040.wav,train
XC1099002-Black-Kite-黑鸢-call-亚成鸟-几只抢食物-香港米埔-小锅-+JS4006单麦-250209_0826----A_segment_0041.wav,XC1099002-Black-Kite-黑鸢-call-亚成鸟-几只抢食物-香港米埔-小锅-+JS4006单麦-250209_0826----A,Black Kite,Milvus migrans,XC1099002-Black-Kite-黑鸢-call-亚成鸟-几只抢食物-香港米埔-小锅-+JS4006单麦-250209_0826----A.wav,41,102.5,107.5,5,114.355,32000,dataset\segments\Milvus_migrans\XC1099002-Black-Kite-黑鸢-call-亚成鸟-几只抢食物-香港米埔-小锅-+JS4006单麦-250209_0826----A_segment_0041.wav,train
XC1099002-Black-Kite-黑鸢-call-亚成鸟-几只抢食物-香港米埔-小锅-+JS4006单麦-250209_0826----A_segment_0042.wav,XC1099002-Black-Kite-黑鸢-call-亚成鸟-几只抢食物-香港米埔-小锅-+JS4006单麦-250209_0826----A,Black Kite,Milvus migrans,XC1099002-Black-Kite-黑鸢-call-亚成鸟-几只抢食物-香港米埔-小锅-+JS4006单麦-250209_0826----A.wav,42,105.0,110.0,5,114.355,32000,dataset\segments\Milvus_migrans\XC1099002-Black-Kite-黑鸢-call-亚成鸟-几只抢食物-香港米埔-小锅-+JS4006单麦-250209_0826----A_segment_0042.wav,train
XC1099002-Black-Kite-黑鸢-call-亚成鸟-几只抢食物-香港米埔-小锅-+JS4006单麦-250209_0826----A_segment_0043.wav,XC1099002-Black-Kite-黑鸢-call-亚成鸟-几只抢食物-香港米埔-小锅-+JS4006单麦-250209_0826----A,Black Kite,Milvus migrans,XC1099002-Black-Kite-黑鸢-call-亚成鸟-几只抢食物-香港米埔-小锅-+JS4006单麦-250209_0826----A.wav,43,107.5,112.5,5,114.355,32000,dataset\segments\Milvus_migrans\XC1099002-Black-Kite-黑鸢-call-亚成鸟-几只抢食物-香港米埔-小锅-+JS4006单麦-250209_0826----A_segment_0043.wav,train
XC1102742-SCHWARZMILANE-11_06-vor-Thaining--VOC_260420-7385-_segment_0000.wav,XC1102742-SCHWARZMILANE-11_06-vor-Thaining--VOC_260420-7385-,Black Kite,Milvus migrans,XC1102742-SCHWARZMILANE-11_06-vor-Thaining--VOC_260420-7385-.wav,0,0.0,5.0,5,31.819,32000,dataset\segments\Milvus_migrans\XC1102742-SCHWARZMILANE-11_06-vor-Thaining--VOC_260420-7385-_segment_0000.wav,train
XC1102742-SCHWARZMILANE-11_06-vor-Thaining--VOC_260420-7385-_segment_0001.wav,XC1102742-SCHWARZMILANE-11_06-vor-Thaining--VOC_260420-7385-,Black Kite,Milvus migrans,XC1102742-SCHWARZMILANE-11_06-vor-Thaining--VOC_260420-7385-.wav,1,2.5,7.5,5,31.819,32000,dataset\segments\Milvus_migrans\XC1102742-SCHWARZMILANE-11_06-vor-Thaining--VOC_260420-7385-_segment_0001.wav,train
XC1102742-SCHWARZMILANE-11_06-vor-Thaining--VOC_260420-7385-_segment_0002.wav,XC1102742-SCHWARZMILANE-11_06-vor-Thaining--VOC_260420-7385-,Black Kite,Milvus migrans,XC1102742-SCHWARZMILANE-11_06-vor-Thaining--VOC_260420-7385-.wav,2,5.0,10.0,5,31.819,32000,dataset\segments\Milvus_migrans\XC1102742-SCHWARZMILANE-11_06-vor-Thaining--VOC_260420-7385-_segment_0002.wav,train
XC1102742-SCHWARZMILANE-11_06-vor-Thaining--VOC_260420-7385-_segment_0003.wav,XC1102742-SCHWARZMILANE-11_06-vor-Thaining--VOC_260420-7385-,Black Kite,Milvus migrans,XC1102742-SCHWARZMILANE-11_06-vor-Thaining--VOC_260420-7385-.wav,3,7.5,12.5,5,31.819,32000,dataset\segments\Milvus_migrans\XC1102742-SCHWARZMILANE-11_06-vor-Thaining--VOC_260420-7385-_segment_0003.wav,train
XC1102742-SCHWARZMILANE-11_06-vor-Thaining--VOC_260420-7385-_segment_0004.wav,XC1102742-SCHWARZMILANE-11_06-vor-Thaining--VOC_260420-7385-,Black Kite,Milvus migrans,XC1102742-SCHWARZMILANE-11_06-vor-Thaining--VOC_260420-7385-.wav,4,10.0,15.0,5,31.819,32000,dataset\segments\Milvus_migrans\XC1102742-SCHWARZMILANE-11_06-vor-Thaining--VOC_260420-7385-_segment_0004.wav,train
XC1102742-SCHWARZMILANE-11_06-vor-Thaining--VOC_260420-7385-_segment_0005.wav,XC1102742-SCHWARZMILANE-11_06-vor-Thaining--VOC_260420-7385-,Black Kite,Milvus migrans,XC1102742-SCHWARZMILANE-11_06-vor-Thaining--VOC_260420-7385-.wav,5,12.5,17.5,5,31.819,32000,dataset\segments\Milvus_migrans\XC1102742-SCHWARZMILANE-11_06-vor-Thaining--VOC_260420-7385-_segment_0005.wav,train
XC1102742-SCHWARZMILANE-11_06-vor-Thaining--VOC_260420-7385-_segment_0006.wav,XC1102742-SCHWARZMILANE-11_06-vor-Thaining--VOC_260420-7385-,Black Kite,Milvus migrans,XC1102742-SCHWARZMILANE-11_06-vor-Thaining--VOC_260420-7385-.wav,6,15.0,20.0,5,31.819,32000,dataset\segments\Milvus_migrans\XC1102742-SCHWARZMILANE-11_06-vor-Thaining--VOC_260420-7385-_segment_0006.wav,train
XC1102742-SCHWARZMILANE-11_06-vor-Thaining--VOC_260420-7385-_segment_0007.wav,XC1102742-SCHWARZMILANE-11_06-vor-Thaining--VOC_260420-7385-,Black Kite,Milvus migrans,XC1102742-SCHWARZMILANE-11_06-vor-Thaining--VOC_260420-7385-.wav,7,17.5,22.5,5,31.819,32000,dataset\segments\Milvus_migrans\XC1102742-SCHWARZMILANE-11_06-vor-Thaining--VOC_260420-7385-_segment_0007.wav,train
XC1102742-SCHWARZMILANE-11_06-vor-Thaining--VOC_260420-7385-_segment_0008.wav,XC1102742-SCHWARZMILANE-11_06-vor-Thaining--VOC_260420-7385-,Black Kite,Milvus migrans,XC1102742-SCHWARZMILANE-11_06-vor-Thaining--VOC_260420-7385-.wav,8,20.0,25.0,5,31.819,32000,dataset\segments\Milvus_migrans\XC1102742-SCHWARZMILANE-11_06-vor-Thaining--VOC_260420-7385-_segment_0008.wav,train
XC1102742-SCHWARZMILANE-11_06-vor-Thaining--VOC_260420-7385-_segment_0009.wav,XC1102742-SCHWARZMILANE-11_06-vor-Thaining--VOC_260420-7385-,Black Kite,Milvus migrans,XC1102742-SCHWARZMILANE-11_06-vor-Thaining--VOC_260420-7385-.wav,9,22.5,27.5,5,31.819,32000,dataset\segments\Milvus_migrans\XC1102742-SCHWARZMILANE-11_06-vor-Thaining--VOC_260420-7385-_segment_0009.wav,train
XC1102742-SCHWARZMILANE-11_06-vor-Thaining--VOC_260420-7385-_segment_0010.wav,XC1102742-SCHWARZMILANE-11_06-vor-Thaining--VOC_260420-7385-,Black Kite,Milvus migrans,XC1102742-SCHWARZMILANE-11_06-vor-Thaining--VOC_260420-7385-.wav,10,25.0,30.0,5,31.819,32000,dataset\segments\Milvus_migrans\XC1102742-SCHWARZMILANE-11_06-vor-Thaining--VOC_260420-7385-_segment_0010.wav,train
XC1106027-SCHWARZMILANE--11_11--Thaining--VOC_260420-7387-A1_segment_0000.wav,XC1106027-SCHWARZMILANE--11_11--Thaining--VOC_260420-7387-A1,Black Kite,Milvus migrans,XC1106027-SCHWARZMILANE--11_11--Thaining--VOC_260420-7387-A1.wav,0,0.0,5.0,5,5.523,32000,dataset\segments\Milvus_migrans\XC1106027-SCHWARZMILANE--11_11--Thaining--VOC_260420-7387-A1_segment_0000.wav,train
"XC1138382-Milvus-migrans-lineatus-260501_002,-1.05.2026,-Ктай,-п.1,-18-16--00--20,11B_segment_0000.wav","XC1138382-Milvus-migrans-lineatus-260501_002,-1.05.2026,-Ктай,-п.1,-18-16--00--20,11B",Black Kite,Milvus migrans,"XC1138382-Milvus-migrans-lineatus-260501_002,-1.05.2026,-Ктай,-п.1,-18-16--00--20,11B.wav",0,0.0,5.0,5,10.724,32000,"dataset\segments\Milvus_migrans\XC1138382-Milvus-migrans-lineatus-260501_002,-1.05.2026,-Ктай,-п.1,-18-16--00--20,11B_segment_0000.wav",train
"XC1138382-Milvus-migrans-lineatus-260501_002,-1.05.2026,-Ктай,-п.1,-18-16--00--20,11B_segment_0001.wav","XC1138382-Milvus-migrans-lineatus-260501_002,-1.05.2026,-Ктай,-п.1,-18-16--00--20,11B",Black Kite,Milvus migrans,"XC1138382-Milvus-migrans-lineatus-260501_002,-1.05.2026,-Ктай,-п.1,-18-16--00--20,11B.wav",1,2.5,7.5,5,10.724,32000,"dataset\segments\Milvus_migrans\XC1138382-Milvus-migrans-lineatus-260501_002,-1.05.2026,-Ктай,-п.1,-18-16--00--20,11B_segment_0001.wav",train
"XC1138382-Milvus-migrans-lineatus-260501_002,-1.05.2026,-Ктай,-п.1,-18-16--00--20,11B_segment_0002.wav","XC1138382-Milvus-migrans-lineatus-260501_002,-1.05.2026,-Ктай,-п.1,-18-16--00--20,11B",Black Kite,Milvus migrans,"XC1138382-Milvus-migrans-lineatus-260501_002,-1.05.2026,-Ктай,-п.1,-18-16--00--20,11B.wav",2,5.0,10.0,5,10.724,32000,"dataset\segments\Milvus_migrans\XC1138382-Milvus-migrans-lineatus-260501_002,-1.05.2026,-Ктай,-п.1,-18-16--00--20,11B_segment_0002.wav",train
XC1156724-MILMIG150726MixPre-022_FLIGHT-(2)_segment_0000.wav,XC1156724-MILMIG150726MixPre-022_FLIGHT-(2),Black Kite,Milvus migrans,XC1156724-MILMIG150726MixPre-022_FLIGHT-(2).wav,0,0.0,5.0,5,21.183,32000,dataset\segments\Milvus_migrans\XC1156724-MILMIG150726MixPre-022_FLIGHT-(2)_segment_0000.wav,train
XC1156724-MILMIG150726MixPre-022_FLIGHT-(2)_segment_0001.wav,XC1156724-MILMIG150726MixPre-022_FLIGHT-(2),Black Kite,Milvus migrans,XC1156724-MILMIG150726MixPre-022_FLIGHT-(2).wav,1,2.5,7.5,5,21.183,32000,dataset\segments\Milvus_migrans\XC1156724-MILMIG150726MixPre-022_FLIGHT-(2)_segment_0001.wav,train
XC1156724-MILMIG150726MixPre-022_FLIGHT-(2)_segment_0002.wav,XC1156724-MILMIG150726MixPre-022_FLIGHT-(2),Black Kite,Milvus migrans,XC1156724-MILMIG150726MixPre-022_FLIGHT-(2).wav,2,5.0,10.0,5,21.183,32000,dataset\segments\Milvus_migrans\XC1156724-MILMIG150726MixPre-022_FLIGHT-(2)_segment_0002.wav,train
XC1156724-MILMIG150726MixPre-022_FLIGHT-(2)_segment_0003.wav,XC1156724-MILMIG150726MixPre-022_FLIGHT-(2),Black Kite,Milvus migrans,XC1156724-MILMIG150726MixPre-022_FLIGHT-(2).wav,3,7.5,12.5,5,21.183,32000,dataset\segments\Milvus_migrans\XC1156724-MILMIG150726MixPre-022_FLIGHT-(2)_segment_0003.wav,train
XC1156724-MILMIG150726MixPre-022_FLIGHT-(2)_segment_0004.wav,XC1156724-MILMIG150726MixPre-022_FLIGHT-(2),Black Kite,Milvus migrans,XC1156724-MILMIG150726MixPre-022_FLIGHT-(2).wav,4,10.0,15.0,5,21.183,32000,dataset\segments\Milvus_migrans\XC1156724-MILMIG150726MixPre-022_FLIGHT-(2)_segment_0004.wav,train
XC1156724-MILMIG150726MixPre-022_FLIGHT-(2)_segment_0005.wav,XC1156724-MILMIG150726MixPre-022_FLIGHT-(2),Black Kite,Milvus migrans,XC1156724-MILMIG150726MixPre-022_FLIGHT-(2).wav,5,12.5,17.5,5,21.183,32000,dataset\segments\Milvus_migrans\XC1156724-MILMIG150726MixPre-022_FLIGHT-(2)_segment_0005.wav,train
XC1156724-MILMIG150726MixPre-022_FLIGHT-(2)_segment_0006.wav,XC1156724-MILMIG150726MixPre-022_FLIGHT-(2),Black Kite,Milvus migrans,XC1156724-MILMIG150726MixPre-022_FLIGHT-(2).wav,6,15.0,20.0,5,21.183,32000,dataset\segments\Milvus_migrans\XC1156724-MILMIG150726MixPre-022_FLIGHT-(2)_segment_0006.wav,train
XC1161887-Milvus-migrans_nestling-call_Fresno-el-Viejo_290726_0705_segment_0000.wav,XC1161887-Milvus-migrans_nestling-call_Fresno-el-Viejo_290726_0705,Black Kite,Milvus migrans,XC1161887-Milvus-migrans_nestling-call_Fresno-el-Viejo_290726_0705.wav,0,0.0,5.0,5,246.027,32000,dataset\segments\Milvus_migrans\XC1161887-Milvus-migrans_nestling-call_Fresno-el-Viejo_290726_0705_segment_0000.wav,train
XC1161887-Milvus-migrans_nestling-call_Fresno-el-Viejo_290726_0705_segment_0001.wav,XC1161887-Milvus-migrans_nestling-call_Fresno-el-Viejo_290726_0705,Black Kite,Milvus migrans,XC1161887-Milvus-migrans_nestling-call_Fresno-el-Viejo_290726_0705.wav,1,2.5,7.5,5,246.027,32000,dataset\segments\Milvus_migrans\XC1161887-Milvus-migrans_nestling-call_Fresno-el-Viejo_290726_0705_segment_0001.wav,train
XC1161887-Milvus-migrans_nestling-call_Fresno-el-Viejo_290726_0705_segment_0002.wav,XC1161887-Milvus-migrans_nestling-call_Fresno-el-Viejo_290726_0705,Black Kite,Milvus migrans,XC1161887-Milvus-migrans_nestling-call_Fresno-el-Viejo_290726_0705.wav,2,5.0,10.0,5,246.027,32000,dataset\segments\Milvus_migrans\XC1161887-Milvus-migrans_nestling-call_Fresno-el-Viejo_290726_0705_segment_0002.wav,train
XC1161887-Milvus-migrans_nestling-call_Fresno-el-Viejo_290726_0705_segment_0003.wav,XC1161887-Milvus-migrans_nestling-call_Fresno-el-Viejo_290726_0705,Black Kite,Milvus migrans,XC1161887-Milvus-migrans_nestling-call_Fresno-el-Viejo_290726_0705.wav,3,7.5,12.5,5,246.027,32000,dataset\segments\Milvus_migrans\XC1161887-Milvus-migrans_nestling-call_Fresno-el-Viejo_290726_0705_segment_0003.wav,train
XC1161887-Milvus-migrans_nestling-call_Fresno-el-Viejo_290726_0705_segment_0004.wav,XC1161887-Milvus-migrans_nestling-call_Fresno-el-Viejo_290726_0705,Black Kite,Milvus migrans,XC1161887-Milvus-migrans_nestling-call_Fresno-el-Viejo_290726_0705.wav,4,10.0,15.0,5,246.027,32000,dataset\segments\Milvus_migrans\XC1161887-Milvus-migrans_nestling-call_Fresno-el-Viejo_290726_0705_segment_0004.wav,train
XC1161887-Milvus-migrans_nestling-call_Fresno-el-Viejo_290726_0705_segment_0005.wav,XC1161887-Milvus-migrans_nestling-call_Fresno-el-Viejo_290726_0705,Black Kite,Milvus migrans,XC1161887-Milvus-migrans_nestling-call_Fresno-el-Viejo_290726_0705.wav,5,12.5,17.5,5,246.027,32000,dataset\segments\Milvus_migrans\XC1161887-Milvus-migrans_nestling-call_Fresno-el-Viejo_290726_0705_segment_0005.wav,train
XC1161887-Milvus-migrans_nestling-call_Fresno-el-Viejo_290726_0705_segment_0006.wav,XC1161887-Milvus-migrans_nestling-call_Fresno-el-Viejo_290726_0705,Black Kite,Milvus migrans,XC1161887-Milvus-migrans_nestling-call_Fresno-el-Viejo_290726_0705.wav,6,15.0,20.0,5,246.027,32000,dataset\segments\Milvus_migrans\XC1161887-Milvus-migrans_nestling-call_Fresno-el-Viejo_290726_0705_segment_0006.wav,train
XC1161887-Milvus-migrans_nestling-call_Fresno-el-Viejo_290726_0705_segment_0007.wav,XC1161887-Milvus-migrans_nestling-call_Fresno-el-Viejo_290726_0705,Black Kite,Milvus migrans,XC1161887-Milvus-migrans_nestling-call_Fresno-el-Viejo_290726_0705.wav,7,17.5,22.5,5,246.027,32000,dataset\segments\Milvus_migrans\XC1161887-Milvus-migrans_nestling-call_Fresno-el-Viejo_290726_0705_segment_0007.wav,train
XC1161887-Milvus-migrans_nestling-call_Fresno-el-Viejo_290726_0705_segment_0008.wav,XC1161887-Milvus-migrans_nestling-call_Fresno-el-Viejo_290726_0705,Black Kite,Milvus migrans,XC1161887-Milvus-migrans_nestling-call_Fresno-el-Viejo_290726_0705.wav,8,20.0,25.0,5,246.027,32000,dataset\segments\Milvus_migrans\XC1161887-Milvus-migrans_nestling-call_Fresno-el-Viejo_290726_0705_segment_0008.wav,train
XC1161887-Milvus-migrans_nestling-call_Fresno-el-Viejo_290726_0705_segment_0009.wav,XC1161887-Milvus-migrans_nestling-call_Fresno-el-Viejo_290726_0705,Black Kite,Milvus migrans,XC1161887-Milvus-migrans_nestling-call_Fresno-el-Viejo_290726_0705.wav,9,22.5,27.5,5,246.027,32000,dataset\segments\Milvus_migrans\XC1161887-Milvus-migrans_nestling-call_Fresno-el-Viejo_290726_0705_segment_0009.wav,train
XC1161887-Milvus-migrans_nestling-call_Fresno-el-Viejo_290726_0705_segment_0010.wav,XC1161887-Milvus-migrans_nestling-call_Fresno-el-Viejo_290726_0705,Black Kite,Milvus migrans,XC1161887-Milvus-migrans_nestling-call_Fresno-el-Viejo_290726_0705.wav,10,25.0,30.0,5,246.027,32000,dataset\segments\Milvus_migrans\XC1161887-Milvus-migrans_nestling-call_Fresno-el-Viejo_290726_0705_segment_0010.wav,train
XC1161887-Milvus-migrans_nestling-call_Fresno-el-Viejo_290726_0705_segment_0011.wav,XC1161887-Milvus-migrans_nestling-call_Fresno-el-Viejo_290726_0705,Black Kite,Milvus migrans,XC1161887-Milvus-migrans_nestling-call_Fresno-el-Viejo_290726_0705.wav,11,27.5,32.5,5,246.027,32000,dataset\segments\Milvus_migrans\XC1161887-Milvus-migrans_nestling-call_Fresno-el-Viejo_290726_0705_segment_0011.wav,train
XC1161887-Milvus-migrans_nestling-call_Fresno-el-Viejo_290726_0705_segment_0012.wav,XC1161887-Milvus-migrans_nestling-call_Fresno-el-Viejo_290726_0705,Black Kite,Milvus migrans,XC1161887-Milvus-migrans_nestling-call_Fresno-el-Viejo_290726_0705.wav,12,30.0,35.0,5,246.027,32000,dataset\segments\Milvus_migrans\XC1161887-Milvus-migrans_nestling-call_Fresno-el-Viejo_290726_0705_segment_0012.wav,train
XC1161887-Milvus-migrans_nestling-call_Fresno-el-Viejo_290726_0705_segment_0013.wav,XC1161887-Milvus-migrans_nestling-call_Fresno-el-Viejo_290726_0705,Black Kite,Milvus migrans,XC1161887-Milvus-migrans_nestling-call_Fresno-el-Viejo_290726_0705.wav,13,32.5,37.5,5,246.027,32000,dataset\segments\Milvus_migrans\XC1161887-Milvus-migrans_nestling-call_Fresno-el-Viejo_290726_0705_segment_0013.wav,train
XC1161887-Milvus-migrans_nestling-call_Fresno-el-Viejo_290726_0705_segment_0014.wav,XC1161887-Milvus-migrans_nestling-call_Fresno-el-Viejo_290726_0705,Black Kite,Milvus migrans,XC1161887-Milvus-migrans_nestling-call_Fresno-el-Viejo_290726_0705.wav,14,35.0,40.0,5,246.027,32000,dataset\segments\Milvus_migrans\XC1161887-Milvus-migrans_nestling-call_Fresno-el-Viejo_290726_0705_segment_0014.wav,train
XC1161887-Milvus-migrans_nestling-call_Fresno-el-Viejo_290726_0705_segment_0015.wav,XC1161887-Milvus-migrans_nestling-call_Fresno-el-Viejo_290726_0705,Black Kite,Milvus migrans,XC1161887-Milvus-migrans_nestling-call_Fresno-el-Viejo_290726_0705.wav,15,37.5,42.5,5,246.027,32000,dataset\segments\Milvus_migrans\XC1161887-Milvus-migrans_nestling-call_Fresno-el-Viejo_290726_0705_segment_0015.wav,train
XC1161887-Milvus-migrans_nestling-call_Fresno-el-Viejo_290726_0705_segment_0016.wav,XC1161887-Milvus-migrans_nestling-call_Fresno-el-Viejo_290726_0705,Black Kite,Milvus migrans,XC1161887-Milvus-migrans_nestling-call_Fresno-el-Viejo_290726_0705.wav,16,40.0,45.0,5,246.027,32000,dataset\segments\Milvus_migrans\XC1161887-Milvus-migrans_nestling-call_Fresno-el-Viejo_290726_0705_segment_0016.wav,train
XC1161887-Milvus-migrans_nestling-call_Fresno-el-Viejo_290726_0705_segment_0017.wav,XC1161887-Milvus-migrans_nestling-call_Fresno-el-Viejo_290726_0705,Black Kite,Milvus migrans,XC1161887-Milvus-migrans_nestling-call_Fresno-el-Viejo_290726_0705.wav,17,42.5,47.5,5,246.027,32000,dataset\segments\Milvus_migrans\XC1161887-Milvus-migrans_nestling-call_Fresno-el-Viejo_290726_0705_segment_0017.wav,train
XC1161887-Milvus-migrans_nestling-call_Fresno-el-Viejo_290726_0705_segment_0018.wav,XC1161887-Milvus-migrans_nestling-call_Fresno-el-Viejo_290726_0705,Black Kite,Milvus migrans,XC1161887-Milvus-migrans_nestling-call_Fresno-el-Viejo_290726_0705.wav,18,45.0,50.0,5,246.027,32000,dataset\segments\Milvus_migrans\XC1161887-Milvus-migrans_nestling-call_Fresno-el-Viejo_290726_0705_segment_0018.wav,train
XC1161887-Milvus-migrans_nestling-call_Fresno-el-Viejo_290726_0705_segment_0019.wav,XC1161887-Milvus-migrans_nestling-call_Fresno-el-Viejo_290726_0705,Black Kite,Milvus migrans,XC1161887-Milvus-migrans_nestling-call_Fresno-el-Viejo_290726_0705.wav,19,47.5,52.5,5,246.027,32000,dataset\segments\Milvus_migrans\XC1161887-Milvus-migrans_nestling-call_Fresno-el-Viejo_290726_0705_segment_0019.wav,train
XC1161887-Milvus-migrans_nestling-call_Fresno-el-Viejo_290726_0705_segment_0020.wav,XC1161887-Milvus-migrans_nestling-call_Fresno-el-Viejo_290726_0705,Black Kite,Milvus migrans,XC1161887-Milvus-migrans_nestling-call_Fresno-el-Viejo_290726_0705.wav,20,50.0,55.0,5,246.027,32000,dataset\segments\Milvus_migrans\XC1161887-Milvus-migrans_nestling-call_Fresno-el-Viejo_290726_0705_segment_0020.wav,train
XC1161887-Milvus-migrans_nestling-call_Fresno-el-Viejo_290726_0705_segment_0021.wav,XC1161887-Milvus-migrans_nestling-call_Fresno-el-Viejo_290726_0705,Black Kite,Milvus migrans,XC1161887-Milvus-migrans_nestling-call_Fresno-el-Viejo_290726_0705.wav,21,52.5,57.5,5,246.027,32000,dataset\segments\Milvus_migrans\XC1161887-Milvus-migrans_nestling-call_Fresno-el-Viejo_290726_0705_segment_0021.wav,train
XC1161887-Milvus-migrans_nestling-call_Fresno-el-Viejo_290726_0705_segment_0022.wav,XC1161887-Milvus-migrans_nestling-call_Fresno-el-Viejo_290726_0705,Black Kite,Milvus migrans,XC1161887-Milvus-migrans_nestling-call_Fresno-el-Viejo_290726_0705.wav,22,55.0,60.0,5,246.027,32000,dataset\segments\Milvus_migrans\XC1161887-Milvus-migrans_nestling-call_Fresno-el-Viejo_290726_0705_segment_0022.wav,train
XC1161887-Milvus-migrans_nestling-call_Fresno-el-Viejo_290726_0705_segment_0023.wav,XC1161887-Milvus-migrans_nestling-call_Fresno-el-Viejo_290726_0705,Black Kite,Milvus migrans,XC1161887-Milvus-migrans_nestling-call_Fresno-el-Viejo_290726_0705.wav,23,57.5,62.5,5,246.027,32000,dataset\segments\Milvus_migrans\XC1161887-Milvus-migrans_nestling-call_Fresno-el-Viejo_290726_0705_segment_0023.wav,train
XC1161887-Milvus-migrans_nestling-call_Fresno-el-Viejo_290726_0705_segment_0024.wav,XC1161887-Milvus-migrans_nestling-call_Fresno-el-Viejo_290726_0705,Black Kite,Milvus migrans,XC1161887-Milvus-migrans_nestling-call_Fresno-el-Viejo_290726_0705.wav,24,60.0,65.0,5,246.027,32000,dataset\segments\Milvus_migrans\XC1161887-Milvus-migrans_nestling-call_Fresno-el-Viejo_290726_0705_segment_0024.wav,train
XC1161887-Milvus-migrans_nestling-call_Fresno-el-Viejo_290726_0705_segment_0025.wav,XC1161887-Milvus-migrans_nestling-call_Fresno-el-Viejo_290726_0705,Black Kite,Milvus migrans,XC1161887-Milvus-migrans_nestling-call_Fresno-el-Viejo_290726_0705.wav,25,62.5,67.5,5,246.027,32000,dataset\segments\Milvus_migrans\XC1161887-Milvus-migrans_nestling-call_Fresno-el-Viejo_290726_0705_segment_0025.wav,train
XC1161887-Milvus-migrans_nestling-call_Fresno-el-Viejo_290726_0705_segment_0026.wav,XC1161887-Milvus-migrans_nestling-call_Fresno-el-Viejo_290726_0705,Black Kite,Milvus migrans,XC1161887-Milvus-migrans_nestling-call_Fresno-el-Viejo_290726_0705.wav,26,65.0,70.0,5,246.027,32000,dataset\segments\Milvus_migrans\XC1161887-Milvus-migrans_nestling-call_Fresno-el-Viejo_290726_0705_segment_0026.wav,train
XC1161887-Milvus-migrans_nestling-call_Fresno-el-Viejo_290726_0705_segment_0027.wav,XC1161887-Milvus-migrans_nestling-call_Fresno-el-Viejo_290726_0705,Black Kite,Milvus migrans,XC1161887-Milvus-migrans_nestling-call_Fresno-el-Viejo_290726_0705.wav,27,67.5,72.5,5,246.027,32000,dataset\segments\Milvus_migrans\XC1161887-Milvus-migrans_nestling-call_Fresno-el-Viejo_290726_0705_segment_0027.wav,train
XC1161887-Milvus-migrans_nestling-call_Fresno-el-Viejo_290726_0705_segment_0028.wav,XC1161887-Milvus-migrans_nestling-call_Fresno-el-Viejo_290726_0705,Black Kite,Milvus migrans,XC1161887-Milvus-migrans_nestling-call_Fresno-el-Viejo_290726_0705.wav,28,70.0,75.0,5,246.027,32000,dataset\segments\Milvus_migrans\XC1161887-Milvus-migrans_nestling-call_Fresno-el-Viejo_290726_0705_segment_0028.wav,train
XC1161887-Milvus-migrans_nestling-call_Fresno-el-Viejo_290726_0705_segment_0029.wav,XC1161887-Milvus-migrans_nestling-call_Fresno-el-Viejo_290726_0705,Black Kite,Milvus migrans,XC1161887-Milvus-migrans_nestling-call_Fresno-el-Viejo_290726_0705.wav,29,72.5,77.5,5,246.027,32000,dataset\segments\Milvus_migrans\XC1161887-Milvus-migrans_nestling-call_Fresno-el-Viejo_290726_0705_segment_0029.wav,train
XC1161887-Milvus-migrans_nestling-call_Fresno-el-Viejo_290726_0705_segment_0030.wav,XC1161887-Milvus-migrans_nestling-call_Fresno-el-Viejo_290726_0705,Black Kite,Milvus migrans,XC1161887-Milvus-migrans_nestling-call_Fresno-el-Viejo_290726_0705.wav,30,75.0,80.0,5,246.027,32000,dataset\segments\Milvus_migrans\XC1161887-Milvus-migrans_nestling-call_Fresno-el-Viejo_290726_0705_segment_0030.wav,train
XC1161887-Milvus-migrans_nestling-call_Fresno-el-Viejo_290726_0705_segment_0031.wav,XC1161887-Milvus-migrans_nestling-call_Fresno-el-Viejo_290726_0705,Black Kite,Milvus migrans,XC1161887-Milvus-migrans_nestling-call_Fresno-el-Viejo_290726_0705.wav,31,77.5,82.5,5,246.027,32000,dataset\segments\Milvus_migrans\XC1161887-Milvus-migrans_nestling-call_Fresno-el-Viejo_290726_0705_segment_0031.wav,train
XC1161887-Milvus-migrans_nestling-call_Fresno-el-Viejo_290726_0705_segment_0032.wav,XC1161887-Milvus-migrans_nestling-call_Fresno-el-Viejo_290726_0705,Black Kite,Milvus migrans,XC1161887-Milvus-migrans_nestling-call_Fresno-el-Viejo_290726_0705.wav,32,80.0,85.0,5,246.027,32000,dataset\segments\Milvus_migrans\XC1161887-Milvus-migrans_nestling-call_Fresno-el-Viejo_290726_0705_segment_0032.wav,train
XC1161887-Milvus-migrans_nestling-call_Fresno-el-Viejo_290726_0705_segment_0033.wav,XC1161887-Milvus-migrans_nestling-call_Fresno-el-Viejo_290726_0705,Black Kite,Milvus migrans,XC1161887-Milvus-migrans_nestling-call_Fresno-el-Viejo_290726_0705.wav,33,82.5,87.5,5,246.027,32000,dataset\segments\Milvus_migrans\XC1161887-Milvus-migrans_nestling-call_Fresno-el-Viejo_290726_0705_segment_0033.wav,train
XC1161887-Milvus-migrans_nestling-call_Fresno-el-Viejo_290726_0705_segment_0034.wav,XC1161887-Milvus-migrans_nestling-call_Fresno-el-Viejo_290726_0705,Black Kite,Milvus migrans,XC1161887-Milvus-migrans_nestling-call_Fresno-el-Viejo_290726_0705.wav,34,85.0,90.0,5,246.027,32000,dataset\segments\Milvus_migrans\XC1161887-Milvus-migrans_nestling-call_Fresno-el-Viejo_290726_0705_segment_0034.wav,train
XC1161887-Milvus-migrans_nestling-call_Fresno-el-Viejo_290726_0705_segment_0035.wav,XC1161887-Milvus-migrans_nestling-call_Fresno-el-Viejo_290726_0705,Black Kite,Milvus migrans,XC1161887-Milvus-migrans_nestling-call_Fresno-el-Viejo_290726_0705.wav,35,87.5,92.5,5,246.027,32000,dataset\segments\Milvus_migrans\XC1161887-Milvus-migrans_nestling-call_Fresno-el-Viejo_290726_0705_segment_0035.wav,train
XC1161887-Milvus-migrans_nestling-call_Fresno-el-Viejo_290726_0705_segment_0036.wav,XC1161887-Milvus-migrans_nestling-call_Fresno-el-Viejo_290726_0705,Black Kite,Milvus migrans,XC1161887-Milvus-migrans_nestling-call_Fresno-el-Viejo_290726_0705.wav,36,90.0,95.0,5,246.027,32000,dataset\segments\Milvus_migrans\XC1161887-Milvus-migrans_nestling-call_Fresno-el-Viejo_290726_0705_segment_0036.wav,train
XC1161887-Milvus-migrans_nestling-call_Fresno-el-Viejo_290726_0705_segment_0037.wav,XC1161887-Milvus-migrans_nestling-call_Fresno-el-Viejo_290726_0705,Black Kite,Milvus migrans,XC1161887-Milvus-migrans_nestling-call_Fresno-el-Viejo_290726_0705.wav,37,92.5,97.5,5,246.027,32000,dataset\segments\Milvus_migrans\XC1161887-Milvus-migrans_nestling-call_Fresno-el-Viejo_290726_0705_segment_0037.wav,train
XC1161887-Milvus-migrans_nestling-call_Fresno-el-Viejo_290726_0705_segment_0038.wav,XC1161887-Milvus-migrans_nestling-call_Fresno-el-Viejo_290726_0705,Black Kite,Milvus migrans,XC1161887-Milvus-migrans_nestling-call_Fresno-el-Viejo_290726_0705.wav,38,95.0,100.0,5,246.027,32000,dataset\segments\Milvus_migrans\XC1161887-Milvus-migrans_nestling-call_Fresno-el-Viejo_290726_0705_segment_0038.wav,train
XC1161887-Milvus-migrans_nestling-call_Fresno-el-Viejo_290726_0705_segment_0039.wav,XC1161887-Milvus-migrans_nestling-call_Fresno-el-Viejo_290726_0705,Black Kite,Milvus migrans,XC1161887-Milvus-migrans_nestling-call_Fresno-el-Viejo_290726_0705.wav,39,97.5,102.5,5,246.027,32000,dataset\segments\Milvus_migrans\XC1161887-Milvus-migrans_nestling-call_Fresno-el-Viejo_290726_0705_segment_0039.wav,train
XC1161887-Milvus-migrans_nestling-call_Fresno-el-Viejo_290726_0705_segment_0040.wav,XC1161887-Milvus-migrans_nestling-call_Fresno-el-Viejo_290726_0705,Black Kite,Milvus migrans,XC1161887-Milvus-migrans_nestling-call_Fresno-el-Viejo_290726_0705.wav,40,100.0,105.0,5,246.027,32000,dataset\segments\Milvus_migrans\XC1161887-Milvus-migrans_nestling-call_Fresno-el-Viejo_290726_0705_segment_0040.wav,train
XC1161887-Milvus-migrans_nestling-call_Fresno-el-Viejo_290726_0705_segment_0041.wav,XC1161887-Milvus-migrans_nestling-call_Fresno-el-Viejo_290726_0705,Black Kite,Milvus migrans,XC1161887-Milvus-migrans_nestling-call_Fresno-el-Viejo_290726_0705.wav,41,102.5,107.5,5,246.027,32000,dataset\segments\Milvus_migrans\XC1161887-Milvus-migrans_nestling-call_Fresno-el-Viejo_290726_0705_segment_0041.wav,train
XC1161887-Milvus-migrans_nestling-call_Fresno-el-Viejo_290726_0705_segment_0042.wav,XC1161887-Milvus-migrans_nestling-call_Fresno-el-Viejo_290726_0705,Black Kite,Milvus migrans,XC1161887-Milvus-migrans_nestling-call_Fresno-el-Viejo_290726_0705.wav,42,105.0,110.0,5,246.027,32000,dataset\segments\Milvus_migrans\XC1161887-Milvus-migrans_nestling-call_Fresno-el-Viejo_290726_0705_segment_0042.wav,train
XC1161887-Milvus-migrans_nestling-call_Fresno-el-Viejo_290726_0705_segment_0043.wav,XC1161887-Milvus-migrans_nestling-call_Fresno-el-Viejo_290726_0705,Black Kite,Milvus migrans,XC1161887-Milvus-migrans_nestling-call_Fresno-el-Viejo_290726_0705.wav,43,107.5,112.5,5,246.027,32000,dataset\segments\Milvus_migrans\XC1161887-Milvus-migrans_nestling-call_Fresno-el-Viejo_290726_0705_segment_0043.wav,train
XC1161887-Milvus-migrans_nestling-call_Fresno-el-Viejo_290726_0705_segment_0044.wav,XC1161887-Milvus-migrans_nestling-call_Fresno-el-Viejo_290726_0705,Black Kite,Milvus migrans,XC1161887-Milvus-migrans_nestling-call_Fresno-el-Viejo_290726_0705.wav,44,110.0,115.0,5,246.027,32000,dataset\segments\Milvus_migrans\XC1161887-Milvus-migrans_nestling-call_Fresno-el-Viejo_290726_0705_segment_0044.wav,train
XC1161887-Milvus-migrans_nestling-call_Fresno-el-Viejo_290726_0705_segment_0045.wav,XC1161887-Milvus-migrans_nestling-call_Fresno-el-Viejo_290726_0705,Black Kite,Milvus migrans,XC1161887-Milvus-migrans_nestling-call_Fresno-el-Viejo_290726_0705.wav,45,112.5,117.5,5,246.027,32000,dataset\segments\Milvus_migrans\XC1161887-Milvus-migrans_nestling-call_Fresno-el-Viejo_290726_0705_segment_0045.wav,train
XC1161887-Milvus-migrans_nestling-call_Fresno-el-Viejo_290726_0705_segment_0046.wav,XC1161887-Milvus-migrans_nestling-call_Fresno-el-Viejo_290726_0705,Black Kite,Milvus migrans,XC1161887-Milvus-migrans_nestling-call_Fresno-el-Viejo_290726_0705.wav,46,115.0,120.0,5,246.027,32000,dataset\segments\Milvus_migrans\XC1161887-Milvus-migrans_nestling-call_Fresno-el-Viejo_290726_0705_segment_0046.wav,train
XC1161887-Milvus-migrans_nestling-call_Fresno-el-Viejo_290726_0705_segment_0047.wav,XC1161887-Milvus-migrans_nestling-call_Fresno-el-Viejo_290726_0705,Black Kite,Milvus migrans,XC1161887-Milvus-migrans_nestling-call_Fresno-el-Viejo_290726_0705.wav,47,117.5,122.5,5,246.027,32000,dataset\segments\Milvus_migrans\XC1161887-Milvus-migrans_nestling-call_Fresno-el-Viejo_290726_0705_segment_0047.wav,train
XC1161887-Milvus-migrans_nestling-call_Fresno-el-Viejo_290726_0705_segment_0048.wav,XC1161887-Milvus-migrans_nestling-call_Fresno-el-Viejo_290726_0705,Black Kite,Milvus migrans,XC1161887-Milvus-migrans_nestling-call_Fresno-el-Viejo_290726_0705.wav,48,120.0,125.0,5,246.027,32000,dataset\segments\Milvus_migrans\XC1161887-Milvus-migrans_nestling-call_Fresno-el-Viejo_290726_0705_segment_0048.wav,train
XC1161887-Milvus-migrans_nestling-call_Fresno-el-Viejo_290726_0705_segment_0049.wav,XC1161887-Milvus-migrans_nestling-call_Fresno-el-Viejo_290726_0705,Black Kite,Milvus migrans,XC1161887-Milvus-migrans_nestling-call_Fresno-el-Viejo_290726_0705.wav,49,122.5,127.5,5,246.027,32000,dataset\segments\Milvus_migrans\XC1161887-Milvus-migrans_nestling-call_Fresno-el-Viejo_290726_0705_segment_0049.wav,train
XC1161887-Milvus-migrans_nestling-call_Fresno-el-Viejo_290726_0705_segment_0050.wav,XC1161887-Milvus-migrans_nestling-call_Fresno-el-Viejo_290726_0705,Black Kite,Milvus migrans,XC1161887-Milvus-migrans_nestling-call_Fresno-el-Viejo_290726_0705.wav,50,125.0,130.0,5,246.027,32000,dataset\segments\Milvus_migrans\XC1161887-Milvus-migrans_nestling-call_Fresno-el-Viejo_290726_0705_segment_0050.wav,train
XC1161887-Milvus-migrans_nestling-call_Fresno-el-Viejo_290726_0705_segment_0051.wav,XC1161887-Milvus-migrans_nestling-call_Fresno-el-Viejo_290726_0705,Black Kite,Milvus migrans,XC1161887-Milvus-migrans_nestling-call_Fresno-el-Viejo_290726_0705.wav,51,127.5,132.5,5,246.027,32000,dataset\segments\Milvus_migrans\XC1161887-Milvus-migrans_nestling-call_Fresno-el-Viejo_290726_0705_segment_0051.wav,train
XC1161887-Milvus-migrans_nestling-call_Fresno-el-Viejo_290726_0705_segment_0052.wav,XC1161887-Milvus-migrans_nestling-call_Fresno-el-Viejo_290726_0705,Black Kite,Milvus migrans,XC1161887-Milvus-migrans_nestling-call_Fresno-el-Viejo_290726_0705.wav,52,130.0,135.0,5,246.027,32000,dataset\segments\Milvus_migrans\XC1161887-Milvus-migrans_nestling-call_Fresno-el-Viejo_290726_0705_segment_0052.wav,train
XC1161887-Milvus-migrans_nestling-call_Fresno-el-Viejo_290726_0705_segment_0053.wav,XC1161887-Milvus-migrans_nestling-call_Fresno-el-Viejo_290726_0705,Black Kite,Milvus migrans,XC1161887-Milvus-migrans_nestling-call_Fresno-el-Viejo_290726_0705.wav,53,132.5,137.5,5,246.027,32000,dataset\segments\Milvus_migrans\XC1161887-Milvus-migrans_nestling-call_Fresno-el-Viejo_290726_0705_segment_0053.wav,train
XC1161887-Milvus-migrans_nestling-call_Fresno-el-Viejo_290726_0705_segment_0054.wav,XC1161887-Milvus-migrans_nestling-call_Fresno-el-Viejo_290726_0705,Black Kite,Milvus migrans,XC1161887-Milvus-migrans_nestling-call_Fresno-el-Viejo_290726_0705.wav,54,135.0,140.0,5,246.027,32000,dataset\segments\Milvus_migrans\XC1161887-Milvus-migrans_nestling-call_Fresno-el-Viejo_290726_0705_segment_0054.wav,train
XC1161887-Milvus-migrans_nestling-call_Fresno-el-Viejo_290726_0705_segment_0055.wav,XC1161887-Milvus-migrans_nestling-call_Fresno-el-Viejo_290726_0705,Black Kite,Milvus migrans,XC1161887-Milvus-migrans_nestling-call_Fresno-el-Viejo_290726_0705.wav,55,137.5,142.5,5,246.027,32000,dataset\segments\Milvus_migrans\XC1161887-Milvus-migrans_nestling-call_Fresno-el-Viejo_290726_0705_segment_0055.wav,train
XC1161887-Milvus-migrans_nestling-call_Fresno-el-Viejo_290726_0705_segment_0056.wav,XC1161887-Milvus-migrans_nestling-call_Fresno-el-Viejo_290726_0705,Black Kite,Milvus migrans,XC1161887-Milvus-migrans_nestling-call_Fresno-el-Viejo_290726_0705.wav,56,140.0,145.0,5,246.027,32000,dataset\segments\Milvus_migrans\XC1161887-Milvus-migrans_nestling-call_Fresno-el-Viejo_290726_0705_segment_0056.wav,train
XC1161887-Milvus-migrans_nestling-call_Fresno-el-Viejo_290726_0705_segment_0057.wav,XC1161887-Milvus-migrans_nestling-call_Fresno-el-Viejo_290726_0705,Black Kite,Milvus migrans,XC1161887-Milvus-migrans_nestling-call_Fresno-el-Viejo_290726_0705.wav,57,142.5,147.5,5,246.027,32000,dataset\segments\Milvus_migrans\XC1161887-Milvus-migrans_nestling-call_Fresno-el-Viejo_290726_0705_segment_0057.wav,train
XC1161887-Milvus-migrans_nestling-call_Fresno-el-Viejo_290726_0705_segment_0058.wav,XC1161887-Milvus-migrans_nestling-call_Fresno-el-Viejo_290726_0705,Black Kite,Milvus migrans,XC1161887-Milvus-migrans_nestling-call_Fresno-el-Viejo_290726_0705.wav,58,145.0,150.0,5,246.027,32000,dataset\segments\Milvus_migrans\XC1161887-Milvus-migrans_nestling-call_Fresno-el-Viejo_290726_0705_segment_0058.wav,train
XC1161887-Milvus-migrans_nestling-call_Fresno-el-Viejo_290726_0705_segment_0059.wav,XC1161887-Milvus-migrans_nestling-call_Fresno-el-Viejo_290726_0705,Black Kite,Milvus migrans,XC1161887-Milvus-migrans_nestling-call_Fresno-el-Viejo_290726_0705.wav,59,147.5,152.5,5,246.027,32000,dataset\segments\Milvus_migrans\XC1161887-Milvus-migrans_nestling-call_Fresno-el-Viejo_290726_0705_segment_0059.wav,train
XC1161887-Milvus-migrans_nestling-call_Fresno-el-Viejo_290726_0705_segment_0060.wav,XC1161887-Milvus-migrans_nestling-call_Fresno-el-Viejo_290726_0705,Black Kite,Milvus migrans,XC1161887-Milvus-migrans_nestling-call_Fresno-el-Viejo_290726_0705.wav,60,150.0,155.0,5,246.027,32000,dataset\segments\Milvus_migrans\XC1161887-Milvus-migrans_nestling-call_Fresno-el-Viejo_290726_0705_segment_0060.wav,train
XC1161887-Milvus-migrans_nestling-call_Fresno-el-Viejo_290726_0705_segment_0061.wav,XC1161887-Milvus-migrans_nestling-call_Fresno-el-Viejo_290726_0705,Black Kite,Milvus migrans,XC1161887-Milvus-migrans_nestling-call_Fresno-el-Viejo_290726_0705.wav,61,152.5,157.5,5,246.027,32000,dataset\segments\Milvus_migrans\XC1161887-Milvus-migrans_nestling-call_Fresno-el-Viejo_290726_0705_segment_0061.wav,train
XC1161887-Milvus-migrans_nestling-call_Fresno-el-Viejo_290726_0705_segment_0062.wav,XC1161887-Milvus-migrans_nestling-call_Fresno-el-Viejo_290726_0705,Black Kite,Milvus migrans,XC1161887-Milvus-migrans_nestling-call_Fresno-el-Viejo_290726_0705.wav,62,155.0,160.0,5,246.027,32000,dataset\segments\Milvus_migrans\XC1161887-Milvus-migrans_nestling-call_Fresno-el-Viejo_290726_0705_segment_0062.wav,train
XC1161887-Milvus-migrans_nestling-call_Fresno-el-Viejo_290726_0705_segment_0063.wav,XC1161887-Milvus-migrans_nestling-call_Fresno-el-Viejo_290726_0705,Black Kite,Milvus migrans,XC1161887-Milvus-migrans_nestling-call_Fresno-el-Viejo_290726_0705.wav,63,157.5,162.5,5,246.027,32000,dataset\segments\Milvus_migrans\XC1161887-Milvus-migrans_nestling-call_Fresno-el-Viejo_290726_0705_segment_0063.wav,train
XC1161887-Milvus-migrans_nestling-call_Fresno-el-Viejo_290726_0705_segment_0064.wav,XC1161887-Milvus-migrans_nestling-call_Fresno-el-Viejo_290726_0705,Black Kite,Milvus migrans,XC1161887-Milvus-migrans_nestling-call_Fresno-el-Viejo_290726_0705.wav,64,160.0,165.0,5,246.027,32000,dataset\segments\Milvus_migrans\XC1161887-Milvus-migrans_nestling-call_Fresno-el-Viejo_290726_0705_segment_0064.wav,train
XC1161887-Milvus-migrans_nestling-call_Fresno-el-Viejo_290726_0705_segment_0065.wav,XC1161887-Milvus-migrans_nestling-call_Fresno-el-Viejo_290726_0705,Black Kite,Milvus migrans,XC1161887-Milvus-migrans_nestling-call_Fresno-el-Viejo_290726_0705.wav,65,162.5,167.5,5,246.027,32000,dataset\segments\Milvus_migrans\XC1161887-Milvus-migrans_nestling-call_Fresno-el-Viejo_290726_0705_segment_0065.wav,train
XC1161887-Milvus-migrans_nestling-call_Fresno-el-Viejo_290726_0705_segment_0066.wav,XC1161887-Milvus-migrans_nestling-call_Fresno-el-Viejo_290726_0705,Black Kite,Milvus migrans,XC1161887-Milvus-migrans_nestling-call_Fresno-el-Viejo_290726_0705.wav,66,165.0,170.0,5,246.027,32000,dataset\segments\Milvus_migrans\XC1161887-Milvus-migrans_nestling-call_Fresno-el-Viejo_290726_0705_segment_0066.wav,train
XC1161887-Milvus-migrans_nestling-call_Fresno-el-Viejo_290726_0705_segment_0067.wav,XC1161887-Milvus-migrans_nestling-call_Fresno-el-Viejo_290726_0705,Black Kite,Milvus migrans,XC1161887-Milvus-migrans_nestling-call_Fresno-el-Viejo_290726_0705.wav,67,167.5,172.5,5,246.027,32000,dataset\segments\Milvus_migrans\XC1161887-Milvus-migrans_nestling-call_Fresno-el-Viejo_290726_0705_segment_0067.wav,train
XC1161887-Milvus-migrans_nestling-call_Fresno-el-Viejo_290726_0705_segment_0068.wav,XC1161887-Milvus-migrans_nestling-call_Fresno-el-Viejo_290726_0705,Black Kite,Milvus migrans,XC1161887-Milvus-migrans_nestling-call_Fresno-el-Viejo_290726_0705.wav,68,170.0,175.0,5,246.027,32000,dataset\segments\Milvus_migrans\XC1161887-Milvus-migrans_nestling-call_Fresno-el-Viejo_290726_0705_segment_0068.wav,train
XC1161887-Milvus-migrans_nestling-call_Fresno-el-Viejo_290726_0705_segment_0069.wav,XC1161887-Milvus-migrans_nestling-call_Fresno-el-Viejo_290726_0705,Black Kite,Milvus migrans,XC1161887-Milvus-migrans_nestling-call_Fresno-el-Viejo_290726_0705.wav,69,172.5,177.5,5,246.027,32000,dataset\segments\Milvus_migrans\XC1161887-Milvus-migrans_nestling-call_Fresno-el-Viejo_290726_0705_segment_0069.wav,train
XC1161887-Milvus-migrans_nestling-call_Fresno-el-Viejo_290726_0705_segment_0070.wav,XC1161887-Milvus-migrans_nestling-call_Fresno-el-Viejo_290726_0705,Black Kite,Milvus migrans,XC1161887-Milvus-migrans_nestling-call_Fresno-el-Viejo_290726_0705.wav,70,175.0,180.0,5,246.027,32000,dataset\segments\Milvus_migrans\XC1161887-Milvus-migrans_nestling-call_Fresno-el-Viejo_290726_0705_segment_0070.wav,train
XC1161887-Milvus-migrans_nestling-call_Fresno-el-Viejo_290726_0705_segment_0071.wav,XC1161887-Milvus-migrans_nestling-call_Fresno-el-Viejo_290726_0705,Black Kite,Milvus migrans,XC1161887-Milvus-migrans_nestling-call_Fresno-el-Viejo_290726_0705.wav,71,177.5,182.5,5,246.027,32000,dataset\segments\Milvus_migrans\XC1161887-Milvus-migrans_nestling-call_Fresno-el-Viejo_290726_0705_segment_0071.wav,train
XC1161887-Milvus-migrans_nestling-call_Fresno-el-Viejo_290726_0705_segment_0072.wav,XC1161887-Milvus-migrans_nestling-call_Fresno-el-Viejo_290726_0705,Black Kite,Milvus migrans,XC1161887-Milvus-migrans_nestling-call_Fresno-el-Viejo_290726_0705.wav,72,180.0,185.0,5,246.027,32000,dataset\segments\Milvus_migrans\XC1161887-Milvus-migrans_nestling-call_Fresno-el-Viejo_290726_0705_segment_0072.wav,train
XC1161887-Milvus-migrans_nestling-call_Fresno-el-Viejo_290726_0705_segment_0073.wav,XC1161887-Milvus-migrans_nestling-call_Fresno-el-Viejo_290726_0705,Black Kite,Milvus migrans,XC1161887-Milvus-migrans_nestling-call_Fresno-el-Viejo_290726_0705.wav,73,182.5,187.5,5,246.027,32000,dataset\segments\Milvus_migrans\XC1161887-Milvus-migrans_nestling-call_Fresno-el-Viejo_290726_0705_segment_0073.wav,train
XC1161887-Milvus-migrans_nestling-call_Fresno-el-Viejo_290726_0705_segment_0074.wav,XC1161887-Milvus-migrans_nestling-call_Fresno-el-Viejo_290726_0705,Black Kite,Milvus migrans,XC1161887-Milvus-migrans_nestling-call_Fresno-el-Viejo_290726_0705.wav,74,185.0,190.0,5,246.027,32000,dataset\segments\Milvus_migrans\XC1161887-Milvus-migrans_nestling-call_Fresno-el-Viejo_290726_0705_segment_0074.wav,train
XC1161887-Milvus-migrans_nestling-call_Fresno-el-Viejo_290726_0705_segment_0075.wav,XC1161887-Milvus-migrans_nestling-call_Fresno-el-Viejo_290726_0705,Black Kite,Milvus migrans,XC1161887-Milvus-migrans_nestling-call_Fresno-el-Viejo_290726_0705.wav,75,187.5,192.5,5,246.027,32000,dataset\segments\Milvus_migrans\XC1161887-Milvus-migrans_nestling-call_Fresno-el-Viejo_290726_0705_segment_0075.wav,train
XC1161887-Milvus-migrans_nestling-call_Fresno-el-Viejo_290726_0705_segment_0076.wav,XC1161887-Milvus-migrans_nestling-call_Fresno-el-Viejo_290726_0705,Black Kite,Milvus migrans,XC1161887-Milvus-migrans_nestling-call_Fresno-el-Viejo_290726_0705.wav,76,190.0,195.0,5,246.027,32000,dataset\segments\Milvus_migrans\XC1161887-Milvus-migrans_nestling-call_Fresno-el-Viejo_290726_0705_segment_0076.wav,train
XC1161887-Milvus-migrans_nestling-call_Fresno-el-Viejo_290726_0705_segment_0077.wav,XC1161887-Milvus-migrans_nestling-call_Fresno-el-Viejo_290726_0705,Black Kite,Milvus migrans,XC1161887-Milvus-migrans_nestling-call_Fresno-el-Viejo_290726_0705.wav,77,192.5,197.5,5,246.027,32000,dataset\segments\Milvus_migrans\XC1161887-Milvus-migrans_nestling-call_Fresno-el-Viejo_290726_0705_segment_0077.wav,train
XC1161887-Milvus-migrans_nestling-call_Fresno-el-Viejo_290726_0705_segment_0078.wav,XC1161887-Milvus-migrans_nestling-call_Fresno-el-Viejo_290726_0705,Black Kite,Milvus migrans,XC1161887-Milvus-migrans_nestling-call_Fresno-el-Viejo_290726_0705.wav,78,195.0,200.0,5,246.027,32000,dataset\segments\Milvus_migrans\XC1161887-Milvus-migrans_nestling-call_Fresno-el-Viejo_290726_0705_segment_0078.wav,train
XC1161887-Milvus-migrans_nestling-call_Fresno-el-Viejo_290726_0705_segment_0079.wav,XC1161887-Milvus-migrans_nestling-call_Fresno-el-Viejo_290726_0705,Black Kite,Milvus migrans,XC1161887-Milvus-migrans_nestling-call_Fresno-el-Viejo_290726_0705.wav,79,197.5,202.5,5,246.027,32000,dataset\segments\Milvus_migrans\XC1161887-Milvus-migrans_nestling-call_Fresno-el-Viejo_290726_0705_segment_0079.wav,train
XC1161887-Milvus-migrans_nestling-call_Fresno-el-Viejo_290726_0705_segment_0080.wav,XC1161887-Milvus-migrans_nestling-call_Fresno-el-Viejo_290726_0705,Black Kite,Milvus migrans,XC1161887-Milvus-migrans_nestling-call_Fresno-el-Viejo_290726_0705.wav,80,200.0,205.0,5,246.027,32000,dataset\segments\Milvus_migrans\XC1161887-Milvus-migrans_nestling-call_Fresno-el-Viejo_290726_0705_segment_0080.wav,train
XC1161887-Milvus-migrans_nestling-call_Fresno-el-Viejo_290726_0705_segment_0081.wav,XC1161887-Milvus-migrans_nestling-call_Fresno-el-Viejo_290726_0705,Black Kite,Milvus migrans,XC1161887-Milvus-migrans_nestling-call_Fresno-el-Viejo_290726_0705.wav,81,202.5,207.5,5,246.027,32000,dataset\segments\Milvus_migrans\XC1161887-Milvus-migrans_nestling-call_Fresno-el-Viejo_290726_0705_segment_0081.wav,train
XC1161887-Milvus-migrans_nestling-call_Fresno-el-Viejo_290726_0705_segment_0082.wav,XC1161887-Milvus-migrans_nestling-call_Fresno-el-Viejo_290726_0705,Black Kite,Milvus migrans,XC1161887-Milvus-migrans_nestling-call_Fresno-el-Viejo_290726_0705.wav,82,205.0,210.0,5,246.027,32000,dataset\segments\Milvus_migrans\XC1161887-Milvus-migrans_nestling-call_Fresno-el-Viejo_290726_0705_segment_0082.wav,train
XC1161887-Milvus-migrans_nestling-call_Fresno-el-Viejo_290726_0705_segment_0083.wav,XC1161887-Milvus-migrans_nestling-call_Fresno-el-Viejo_290726_0705,Black Kite,Milvus migrans,XC1161887-Milvus-migrans_nestling-call_Fresno-el-Viejo_290726_0705.wav,83,207.5,212.5,5,246.027,32000,dataset\segments\Milvus_migrans\XC1161887-Milvus-migrans_nestling-call_Fresno-el-Viejo_290726_0705_segment_0083.wav,train
XC1161887-Milvus-migrans_nestling-call_Fresno-el-Viejo_290726_0705_segment_0084.wav,XC1161887-Milvus-migrans_nestling-call_Fresno-el-Viejo_290726_0705,Black Kite,Milvus migrans,XC1161887-Milvus-migrans_nestling-call_Fresno-el-Viejo_290726_0705.wav,84,210.0,215.0,5,246.027,32000,dataset\segments\Milvus_migrans\XC1161887-Milvus-migrans_nestling-call_Fresno-el-Viejo_290726_0705_segment_0084.wav,train
XC1161887-Milvus-migrans_nestling-call_Fresno-el-Viejo_290726_0705_segment_0085.wav,XC1161887-Milvus-migrans_nestling-call_Fresno-el-Viejo_290726_0705,Black Kite,Milvus migrans,XC1161887-Milvus-migrans_nestling-call_Fresno-el-Viejo_290726_0705.wav,85,212.5,217.5,5,246.027,32000,dataset\segments\Milvus_migrans\XC1161887-Milvus-migrans_nestling-call_Fresno-el-Viejo_290726_0705_segment_0085.wav,train
XC1161887-Milvus-migrans_nestling-call_Fresno-el-Viejo_290726_0705_segment_0086.wav,XC1161887-Milvus-migrans_nestling-call_Fresno-el-Viejo_290726_0705,Black Kite,Milvus migrans,XC1161887-Milvus-migrans_nestling-call_Fresno-el-Viejo_290726_0705.wav,86,215.0,220.0,5,246.027,32000,dataset\segments\Milvus_migrans\XC1161887-Milvus-migrans_nestling-call_Fresno-el-Viejo_290726_0705_segment_0086.wav,train
XC1161887-Milvus-migrans_nestling-call_Fresno-el-Viejo_290726_0705_segment_0087.wav,XC1161887-Milvus-migrans_nestling-call_Fresno-el-Viejo_290726_0705,Black Kite,Milvus migrans,XC1161887-Milvus-migrans_nestling-call_Fresno-el-Viejo_290726_0705.wav,87,217.5,222.5,5,246.027,32000,dataset\segments\Milvus_migrans\XC1161887-Milvus-migrans_nestling-call_Fresno-el-Viejo_290726_0705_segment_0087.wav,train
XC1161887-Milvus-migrans_nestling-call_Fresno-el-Viejo_290726_0705_segment_0088.wav,XC1161887-Milvus-migrans_nestling-call_Fresno-el-Viejo_290726_0705,Black Kite,Milvus migrans,XC1161887-Milvus-migrans_nestling-call_Fresno-el-Viejo_290726_0705.wav,88,220.0,225.0,5,246.027,32000,dataset\segments\Milvus_migrans\XC1161887-Milvus-migrans_nestling-call_Fresno-el-Viejo_290726_0705_segment_0088.wav,train
XC1161887-Milvus-migrans_nestling-call_Fresno-el-Viejo_290726_0705_segment_0089.wav,XC1161887-Milvus-migrans_nestling-call_Fresno-el-Viejo_290726_0705,Black Kite,Milvus migrans,XC1161887-Milvus-migrans_nestling-call_Fresno-el-Viejo_290726_0705.wav,89,222.5,227.5,5,246.027,32000,dataset\segments\Milvus_migrans\XC1161887-Milvus-migrans_nestling-call_Fresno-el-Viejo_290726_0705_segment_0089.wav,train
XC1161887-Milvus-migrans_nestling-call_Fresno-el-Viejo_290726_0705_segment_0090.wav,XC1161887-Milvus-migrans_nestling-call_Fresno-el-Viejo_290726_0705,Black Kite,Milvus migrans,XC1161887-Milvus-migrans_nestling-call_Fresno-el-Viejo_290726_0705.wav,90,225.0,230.0,5,246.027,32000,dataset\segments\Milvus_migrans\XC1161887-Milvus-migrans_nestling-call_Fresno-el-Viejo_290726_0705_segment_0090.wav,train
XC1161887-Milvus-migrans_nestling-call_Fresno-el-Viejo_290726_0705_segment_0091.wav,XC1161887-Milvus-migrans_nestling-call_Fresno-el-Viejo_290726_0705,Black Kite,Milvus migrans,XC1161887-Milvus-migrans_nestling-call_Fresno-el-Viejo_290726_0705.wav,91,227.5,232.5,5,246.027,32000,dataset\segments\Milvus_migrans\XC1161887-Milvus-migrans_nestling-call_Fresno-el-Viejo_290726_0705_segment_0091.wav,train
XC1161887-Milvus-migrans_nestling-call_Fresno-el-Viejo_290726_0705_segment_0092.wav,XC1161887-Milvus-migrans_nestling-call_Fresno-el-Viejo_290726_0705,Black Kite,Milvus migrans,XC1161887-Milvus-migrans_nestling-call_Fresno-el-Viejo_290726_0705.wav,92,230.0,235.0,5,246.027,32000,dataset\segments\Milvus_migrans\XC1161887-Milvus-migrans_nestling-call_Fresno-el-Viejo_290726_0705_segment_0092.wav,train
XC1161887-Milvus-migrans_nestling-call_Fresno-el-Viejo_290726_0705_segment_0093.wav,XC1161887-Milvus-migrans_nestling-call_Fresno-el-Viejo_290726_0705,Black Kite,Milvus migrans,XC1161887-Milvus-migrans_nestling-call_Fresno-el-Viejo_290726_0705.wav,93,232.5,237.5,5,246.027,32000,dataset\segments\Milvus_migrans\XC1161887-Milvus-migrans_nestling-call_Fresno-el-Viejo_290726_0705_segment_0093.wav,train
XC1161887-Milvus-migrans_nestling-call_Fresno-el-Viejo_290726_0705_segment_0094.wav,XC1161887-Milvus-migrans_nestling-call_Fresno-el-Viejo_290726_0705,Black Kite,Milvus migrans,XC1161887-Milvus-migrans_nestling-call_Fresno-el-Viejo_290726_0705.wav,94,235.0,240.0,5,246.027,32000,dataset\segments\Milvus_migrans\XC1161887-Milvus-migrans_nestling-call_Fresno-el-Viejo_290726_0705_segment_0094.wav,train
XC1161887-Milvus-migrans_nestling-call_Fresno-el-Viejo_290726_0705_segment_0095.wav,XC1161887-Milvus-migrans_nestling-call_Fresno-el-Viejo_290726_0705,Black Kite,Milvus migrans,XC1161887-Milvus-migrans_nestling-call_Fresno-el-Viejo_290726_0705.wav,95,237.5,242.5,5,246.027,32000,dataset\segments\Milvus_migrans\XC1161887-Milvus-migrans_nestling-call_Fresno-el-Viejo_290726_0705_segment_0095.wav,train
XC1161887-Milvus-migrans_nestling-call_Fresno-el-Viejo_290726_0705_segment_0096.wav,XC1161887-Milvus-migrans_nestling-call_Fresno-el-Viejo_290726_0705,Black Kite,Milvus migrans,XC1161887-Milvus-migrans_nestling-call_Fresno-el-Viejo_290726_0705.wav,96,240.0,245.0,5,246.027,32000,dataset\segments\Milvus_migrans\XC1161887-Milvus-migrans_nestling-call_Fresno-el-Viejo_290726_0705_segment_0096.wav,train
XC1166697-milvus-migrans-frente-de-huertatejada-01-05-2026_segment_0000.wav,XC1166697-milvus-migrans-frente-de-huertatejada-01-05-2026,Black Kite,Milvus migrans,XC1166697-milvus-migrans-frente-de-huertatejada-01-05-2026.wav,0,0.0,5.0,5,11.939,32000,dataset\segments\Milvus_migrans\XC1166697-milvus-migrans-frente-de-huertatejada-01-05-2026_segment_0000.wav,train
XC1166697-milvus-migrans-frente-de-huertatejada-01-05-2026_segment_0001.wav,XC1166697-milvus-migrans-frente-de-huertatejada-01-05-2026,Black Kite,Milvus migrans,XC1166697-milvus-migrans-frente-de-huertatejada-01-05-2026.wav,1,2.5,7.5,5,11.939,32000,dataset\segments\Milvus_migrans\XC1166697-milvus-migrans-frente-de-huertatejada-01-05-2026_segment_0001.wav,train
XC1166697-milvus-migrans-frente-de-huertatejada-01-05-2026_segment_0002.wav,XC1166697-milvus-migrans-frente-de-huertatejada-01-05-2026,Black Kite,Milvus migrans,XC1166697-milvus-migrans-frente-de-huertatejada-01-05-2026.wav,2,5.0,10.0,5,11.939,32000,dataset\segments\Milvus_migrans\XC1166697-milvus-migrans-frente-de-huertatejada-01-05-2026_segment_0002.wav,train
XC1096409-house-crow-Colombo-260304_2050-(8)_segment_0000.wav,XC1096409-house-crow-Colombo-260304_2050-(8),House Crow,Corvus splendens,XC1096409-house-crow-Colombo-260304_2050-(8).wav,0,0.0,5.0,5,10.006,32000,dataset\segments\Corvus_splendens\XC1096409-house-crow-Colombo-260304_2050-(8)_segment_0000.wav,train
XC1096409-house-crow-Colombo-260304_2050-(8)_segment_0001.wav,XC1096409-house-crow-Colombo-260304_2050-(8),House Crow,Corvus splendens,XC1096409-house-crow-Colombo-260304_2050-(8).wav,1,2.5,7.5,5,10.006,32000,dataset\segments\Corvus_splendens\XC1096409-house-crow-Colombo-260304_2050-(8)_segment_0001.wav,train
XC1096409-house-crow-Colombo-260304_2050-(8)_segment_0002.wav,XC1096409-house-crow-Colombo-260304_2050-(8),House Crow,Corvus splendens,XC1096409-house-crow-Colombo-260304_2050-(8).wav,2,5.0,10.0,5,10.006,32000,dataset\segments\Corvus_splendens\XC1096409-house-crow-Colombo-260304_2050-(8)_segment_0002.wav,train
"XC1104273-House-Crow-call-very-good-2026-04-18-Wamm-Farms,-Fujairah,-UAE_SoundDevices702_Telinga9_1073_edited_segment_0000.wav","XC1104273-House-Crow-call-very-good-2026-04-18-Wamm-Farms,-Fujairah,-UAE_SoundDevices702_Telinga9_1073_edited",House Crow,Corvus splendens,"XC1104273-House-Crow-call-very-good-2026-04-18-Wamm-Farms,-Fujairah,-UAE_SoundDevices702_Telinga9_1073_edited.wav",0,0.0,5.0,5,12.009,32000,"dataset\segments\Corvus_splendens\XC1104273-House-Crow-call-very-good-2026-04-18-Wamm-Farms,-Fujairah,-UAE_SoundDevices702_Telinga9_1073_edited_segment_0000.wav",train
"XC1104273-House-Crow-call-very-good-2026-04-18-Wamm-Farms,-Fujairah,-UAE_SoundDevices702_Telinga9_1073_edited_segment_0001.wav","XC1104273-House-Crow-call-very-good-2026-04-18-Wamm-Farms,-Fujairah,-UAE_SoundDevices702_Telinga9_1073_edited",House Crow,Corvus splendens,"XC1104273-House-Crow-call-very-good-2026-04-18-Wamm-Farms,-Fujairah,-UAE_SoundDevices702_Telinga9_1073_edited.wav",1,2.5,7.5,5,12.009,32000,"dataset\segments\Corvus_splendens\XC1104273-House-Crow-call-very-good-2026-04-18-Wamm-Farms,-Fujairah,-UAE_SoundDevices702_Telinga9_1073_edited_segment_0001.wav",train
"XC1104273-House-Crow-call-very-good-2026-04-18-Wamm-Farms,-Fujairah,-UAE_SoundDevices702_Telinga9_1073_edited_segment_0002.wav","XC1104273-House-Crow-call-very-good-2026-04-18-Wamm-Farms,-Fujairah,-UAE_SoundDevices702_Telinga9_1073_edited",House Crow,Corvus splendens,"XC1104273-House-Crow-call-very-good-2026-04-18-Wamm-Farms,-Fujairah,-UAE_SoundDevices702_Telinga9_1073_edited.wav",2,5.0,10.0,5,12.009,32000,"dataset\segments\Corvus_splendens\XC1104273-House-Crow-call-very-good-2026-04-18-Wamm-Farms,-Fujairah,-UAE_SoundDevices702_Telinga9_1073_edited_segment_0002.wav",train
"XC1138236-House-Crow-alarm-very-good-2026-05-27-Ras-Al-Khor,-Dubai,-UAE_1400_edited_segment_0000.wav","XC1138236-House-Crow-alarm-very-good-2026-05-27-Ras-Al-Khor,-Dubai,-UAE_1400_edited",House Crow,Corvus splendens,"XC1138236-House-Crow-alarm-very-good-2026-05-27-Ras-Al-Khor,-Dubai,-UAE_1400_edited.wav",0,0.0,5.0,5,6.725,32000,"dataset\segments\Corvus_splendens\XC1138236-House-Crow-alarm-very-good-2026-05-27-Ras-Al-Khor,-Dubai,-UAE_1400_edited_segment_0000.wav",train
"XC1138237-House-Crow-alarm-very-good-2026-05-27-Ras-Al-Khor,-Dubai,-UAE_1401_edited_segment_0000.wav","XC1138237-House-Crow-alarm-very-good-2026-05-27-Ras-Al-Khor,-Dubai,-UAE_1401_edited",House Crow,Corvus splendens,"XC1138237-House-Crow-alarm-very-good-2026-05-27-Ras-Al-Khor,-Dubai,-UAE_1401_edited.wav",0,0.0,5.0,5,19.93,32000,"dataset\segments\Corvus_splendens\XC1138237-House-Crow-alarm-very-good-2026-05-27-Ras-Al-Khor,-Dubai,-UAE_1401_edited_segment_0000.wav",train
"XC1138237-House-Crow-alarm-very-good-2026-05-27-Ras-Al-Khor,-Dubai,-UAE_1401_edited_segment_0001.wav","XC1138237-House-Crow-alarm-very-good-2026-05-27-Ras-Al-Khor,-Dubai,-UAE_1401_edited",House Crow,Corvus splendens,"XC1138237-House-Crow-alarm-very-good-2026-05-27-Ras-Al-Khor,-Dubai,-UAE_1401_edited.wav",1,2.5,7.5,5,19.93,32000,"dataset\segments\Corvus_splendens\XC1138237-House-Crow-alarm-very-good-2026-05-27-Ras-Al-Khor,-Dubai,-UAE_1401_edited_segment_0001.wav",train
"XC1138237-House-Crow-alarm-very-good-2026-05-27-Ras-Al-Khor,-Dubai,-UAE_1401_edited_segment_0002.wav","XC1138237-House-Crow-alarm-very-good-2026-05-27-Ras-Al-Khor,-Dubai,-UAE_1401_edited",House Crow,Corvus splendens,"XC1138237-House-Crow-alarm-very-good-2026-05-27-Ras-Al-Khor,-Dubai,-UAE_1401_edited.wav",2,5.0,10.0,5,19.93,32000,"dataset\segments\Corvus_splendens\XC1138237-House-Crow-alarm-very-good-2026-05-27-Ras-Al-Khor,-Dubai,-UAE_1401_edited_segment_0002.wav",train
"XC1138237-House-Crow-alarm-very-good-2026-05-27-Ras-Al-Khor,-Dubai,-UAE_1401_edited_segment_0003.wav","XC1138237-House-Crow-alarm-very-good-2026-05-27-Ras-Al-Khor,-Dubai,-UAE_1401_edited",House Crow,Corvus splendens,"XC1138237-House-Crow-alarm-very-good-2026-05-27-Ras-Al-Khor,-Dubai,-UAE_1401_edited.wav",3,7.5,12.5,5,19.93,32000,"dataset\segments\Corvus_splendens\XC1138237-House-Crow-alarm-very-good-2026-05-27-Ras-Al-Khor,-Dubai,-UAE_1401_edited_segment_0003.wav",train
"XC1138237-House-Crow-alarm-very-good-2026-05-27-Ras-Al-Khor,-Dubai,-UAE_1401_edited_segment_0004.wav","XC1138237-House-Crow-alarm-very-good-2026-05-27-Ras-Al-Khor,-Dubai,-UAE_1401_edited",House Crow,Corvus splendens,"XC1138237-House-Crow-alarm-very-good-2026-05-27-Ras-Al-Khor,-Dubai,-UAE_1401_edited.wav",4,10.0,15.0,5,19.93,32000,"dataset\segments\Corvus_splendens\XC1138237-House-Crow-alarm-very-good-2026-05-27-Ras-Al-Khor,-Dubai,-UAE_1401_edited_segment_0004.wav",train
"XC1138237-House-Crow-alarm-very-good-2026-05-27-Ras-Al-Khor,-Dubai,-UAE_1401_edited_segment_0005.wav","XC1138237-House-Crow-alarm-very-good-2026-05-27-Ras-Al-Khor,-Dubai,-UAE_1401_edited",House Crow,Corvus splendens,"XC1138237-House-Crow-alarm-very-good-2026-05-27-Ras-Al-Khor,-Dubai,-UAE_1401_edited.wav",5,12.5,17.5,5,19.93,32000,"dataset\segments\Corvus_splendens\XC1138237-House-Crow-alarm-very-good-2026-05-27-Ras-Al-Khor,-Dubai,-UAE_1401_edited_segment_0005.wav",train
"XC1138238-House-Crow-alarm-very-good-2026-05-27-Ras-Al-Khor,-Dubai,-UAE_1402_edited_segment_0000.wav","XC1138238-House-Crow-alarm-very-good-2026-05-27-Ras-Al-Khor,-Dubai,-UAE_1402_edited",House Crow,Corvus splendens,"XC1138238-House-Crow-alarm-very-good-2026-05-27-Ras-Al-Khor,-Dubai,-UAE_1402_edited.wav",0,0.0,5.0,5,39.126,32000,"dataset\segments\Corvus_splendens\XC1138238-House-Crow-alarm-very-good-2026-05-27-Ras-Al-Khor,-Dubai,-UAE_1402_edited_segment_0000.wav",train
"XC1138238-House-Crow-alarm-very-good-2026-05-27-Ras-Al-Khor,-Dubai,-UAE_1402_edited_segment_0001.wav","XC1138238-House-Crow-alarm-very-good-2026-05-27-Ras-Al-Khor,-Dubai,-UAE_1402_edited",House Crow,Corvus splendens,"XC1138238-House-Crow-alarm-very-good-2026-05-27-Ras-Al-Khor,-Dubai,-UAE_1402_edited.wav",1,2.5,7.5,5,39.126,32000,"dataset\segments\Corvus_splendens\XC1138238-House-Crow-alarm-very-good-2026-05-27-Ras-Al-Khor,-Dubai,-UAE_1402_edited_segment_0001.wav",train
"XC1138238-House-Crow-alarm-very-good-2026-05-27-Ras-Al-Khor,-Dubai,-UAE_1402_edited_segment_0002.wav","XC1138238-House-Crow-alarm-very-good-2026-05-27-Ras-Al-Khor,-Dubai,-UAE_1402_edited",House Crow,Corvus splendens,"XC1138238-House-Crow-alarm-very-good-2026-05-27-Ras-Al-Khor,-Dubai,-UAE_1402_edited.wav",2,5.0,10.0,5,39.126,32000,"dataset\segments\Corvus_splendens\XC1138238-House-Crow-alarm-very-good-2026-05-27-Ras-Al-Khor,-Dubai,-UAE_1402_edited_segment_0002.wav",train
"XC1138238-House-Crow-alarm-very-good-2026-05-27-Ras-Al-Khor,-Dubai,-UAE_1402_edited_segment_0003.wav","XC1138238-House-Crow-alarm-very-good-2026-05-27-Ras-Al-Khor,-Dubai,-UAE_1402_edited",House Crow,Corvus splendens,"XC1138238-House-Crow-alarm-very-good-2026-05-27-Ras-Al-Khor,-Dubai,-UAE_1402_edited.wav",3,7.5,12.5,5,39.126,32000,"dataset\segments\Corvus_splendens\XC1138238-House-Crow-alarm-very-good-2026-05-27-Ras-Al-Khor,-Dubai,-UAE_1402_edited_segment_0003.wav",train
"XC1138238-House-Crow-alarm-very-good-2026-05-27-Ras-Al-Khor,-Dubai,-UAE_1402_edited_segment_0004.wav","XC1138238-House-Crow-alarm-very-good-2026-05-27-Ras-Al-Khor,-Dubai,-UAE_1402_edited",House Crow,Corvus splendens,"XC1138238-House-Crow-alarm-very-good-2026-05-27-Ras-Al-Khor,-Dubai,-UAE_1402_edited.wav",4,10.0,15.0,5,39.126,32000,"dataset\segments\Corvus_splendens\XC1138238-House-Crow-alarm-very-good-2026-05-27-Ras-Al-Khor,-Dubai,-UAE_1402_edited_segment_0004.wav",train
"XC1138238-House-Crow-alarm-very-good-2026-05-27-Ras-Al-Khor,-Dubai,-UAE_1402_edited_segment_0005.wav","XC1138238-House-Crow-alarm-very-good-2026-05-27-Ras-Al-Khor,-Dubai,-UAE_1402_edited",House Crow,Corvus splendens,"XC1138238-House-Crow-alarm-very-good-2026-05-27-Ras-Al-Khor,-Dubai,-UAE_1402_edited.wav",5,12.5,17.5,5,39.126,32000,"dataset\segments\Corvus_splendens\XC1138238-House-Crow-alarm-very-good-2026-05-27-Ras-Al-Khor,-Dubai,-UAE_1402_edited_segment_0005.wav",train
"XC1138238-House-Crow-alarm-very-good-2026-05-27-Ras-Al-Khor,-Dubai,-UAE_1402_edited_segment_0006.wav","XC1138238-House-Crow-alarm-very-good-2026-05-27-Ras-Al-Khor,-Dubai,-UAE_1402_edited",House Crow,Corvus splendens,"XC1138238-House-Crow-alarm-very-good-2026-05-27-Ras-Al-Khor,-Dubai,-UAE_1402_edited.wav",6,15.0,20.0,5,39.126,32000,"dataset\segments\Corvus_splendens\XC1138238-House-Crow-alarm-very-good-2026-05-27-Ras-Al-Khor,-Dubai,-UAE_1402_edited_segment_0006.wav",train
"XC1138238-House-Crow-alarm-very-good-2026-05-27-Ras-Al-Khor,-Dubai,-UAE_1402_edited_segment_0007.wav","XC1138238-House-Crow-alarm-very-good-2026-05-27-Ras-Al-Khor,-Dubai,-UAE_1402_edited",House Crow,Corvus splendens,"XC1138238-House-Crow-alarm-very-good-2026-05-27-Ras-Al-Khor,-Dubai,-UAE_1402_edited.wav",7,17.5,22.5,5,39.126,32000,"dataset\segments\Corvus_splendens\XC1138238-House-Crow-alarm-very-good-2026-05-27-Ras-Al-Khor,-Dubai,-UAE_1402_edited_segment_0007.wav",train
"XC1138238-House-Crow-alarm-very-good-2026-05-27-Ras-Al-Khor,-Dubai,-UAE_1402_edited_segment_0008.wav","XC1138238-House-Crow-alarm-very-good-2026-05-27-Ras-Al-Khor,-Dubai,-UAE_1402_edited",House Crow,Corvus splendens,"XC1138238-House-Crow-alarm-very-good-2026-05-27-Ras-Al-Khor,-Dubai,-UAE_1402_edited.wav",8,20.0,25.0,5,39.126,32000,"dataset\segments\Corvus_splendens\XC1138238-House-Crow-alarm-very-good-2026-05-27-Ras-Al-Khor,-Dubai,-UAE_1402_edited_segment_0008.wav",train
"XC1138238-House-Crow-alarm-very-good-2026-05-27-Ras-Al-Khor,-Dubai,-UAE_1402_edited_segment_0009.wav","XC1138238-House-Crow-alarm-very-good-2026-05-27-Ras-Al-Khor,-Dubai,-UAE_1402_edited",House Crow,Corvus splendens,"XC1138238-House-Crow-alarm-very-good-2026-05-27-Ras-Al-Khor,-Dubai,-UAE_1402_edited.wav",9,22.5,27.5,5,39.126,32000,"dataset\segments\Corvus_splendens\XC1138238-House-Crow-alarm-very-good-2026-05-27-Ras-Al-Khor,-Dubai,-UAE_1402_edited_segment_0009.wav",train
"XC1138238-House-Crow-alarm-very-good-2026-05-27-Ras-Al-Khor,-Dubai,-UAE_1402_edited_segment_0010.wav","XC1138238-House-Crow-alarm-very-good-2026-05-27-Ras-Al-Khor,-Dubai,-UAE_1402_edited",House Crow,Corvus splendens,"XC1138238-House-Crow-alarm-very-good-2026-05-27-Ras-Al-Khor,-Dubai,-UAE_1402_edited.wav",10,25.0,30.0,5,39.126,32000,"dataset\segments\Corvus_splendens\XC1138238-House-Crow-alarm-very-good-2026-05-27-Ras-Al-Khor,-Dubai,-UAE_1402_edited_segment_0010.wav",train
"XC1138238-House-Crow-alarm-very-good-2026-05-27-Ras-Al-Khor,-Dubai,-UAE_1402_edited_segment_0011.wav","XC1138238-House-Crow-alarm-very-good-2026-05-27-Ras-Al-Khor,-Dubai,-UAE_1402_edited",House Crow,Corvus splendens,"XC1138238-House-Crow-alarm-very-good-2026-05-27-Ras-Al-Khor,-Dubai,-UAE_1402_edited.wav",11,27.5,32.5,5,39.126,32000,"dataset\segments\Corvus_splendens\XC1138238-House-Crow-alarm-very-good-2026-05-27-Ras-Al-Khor,-Dubai,-UAE_1402_edited_segment_0011.wav",train
"XC1138238-House-Crow-alarm-very-good-2026-05-27-Ras-Al-Khor,-Dubai,-UAE_1402_edited_segment_0012.wav","XC1138238-House-Crow-alarm-very-good-2026-05-27-Ras-Al-Khor,-Dubai,-UAE_1402_edited",House Crow,Corvus splendens,"XC1138238-House-Crow-alarm-very-good-2026-05-27-Ras-Al-Khor,-Dubai,-UAE_1402_edited.wav",12,30.0,35.0,5,39.126,32000,"dataset\segments\Corvus_splendens\XC1138238-House-Crow-alarm-very-good-2026-05-27-Ras-Al-Khor,-Dubai,-UAE_1402_edited_segment_0012.wav",train
"XC1138238-House-Crow-alarm-very-good-2026-05-27-Ras-Al-Khor,-Dubai,-UAE_1402_edited_segment_0013.wav","XC1138238-House-Crow-alarm-very-good-2026-05-27-Ras-Al-Khor,-Dubai,-UAE_1402_edited",House Crow,Corvus splendens,"XC1138238-House-Crow-alarm-very-good-2026-05-27-Ras-Al-Khor,-Dubai,-UAE_1402_edited.wav",13,32.5,37.5,5,39.126,32000,"dataset\segments\Corvus_splendens\XC1138238-House-Crow-alarm-very-good-2026-05-27-Ras-Al-Khor,-Dubai,-UAE_1402_edited_segment_0013.wav",train
"XC1138240-House-Crow-flight-call-very-good-2026-05-27-Ras-Al-Khor,-Dubai,-UAE_1407_edited_segment_0000.wav","XC1138240-House-Crow-flight-call-very-good-2026-05-27-Ras-Al-Khor,-Dubai,-UAE_1407_edited",House Crow,Corvus splendens,"XC1138240-House-Crow-flight-call-very-good-2026-05-27-Ras-Al-Khor,-Dubai,-UAE_1407_edited.wav",0,0.0,5.0,5,34.532,32000,"dataset\segments\Corvus_splendens\XC1138240-House-Crow-flight-call-very-good-2026-05-27-Ras-Al-Khor,-Dubai,-UAE_1407_edited_segment_0000.wav",train
"XC1138240-House-Crow-flight-call-very-good-2026-05-27-Ras-Al-Khor,-Dubai,-UAE_1407_edited_segment_0001.wav","XC1138240-House-Crow-flight-call-very-good-2026-05-27-Ras-Al-Khor,-Dubai,-UAE_1407_edited",House Crow,Corvus splendens,"XC1138240-House-Crow-flight-call-very-good-2026-05-27-Ras-Al-Khor,-Dubai,-UAE_1407_edited.wav",1,2.5,7.5,5,34.532,32000,"dataset\segments\Corvus_splendens\XC1138240-House-Crow-flight-call-very-good-2026-05-27-Ras-Al-Khor,-Dubai,-UAE_1407_edited_segment_0001.wav",train
"XC1138240-House-Crow-flight-call-very-good-2026-05-27-Ras-Al-Khor,-Dubai,-UAE_1407_edited_segment_0002.wav","XC1138240-House-Crow-flight-call-very-good-2026-05-27-Ras-Al-Khor,-Dubai,-UAE_1407_edited",House Crow,Corvus splendens,"XC1138240-House-Crow-flight-call-very-good-2026-05-27-Ras-Al-Khor,-Dubai,-UAE_1407_edited.wav",2,5.0,10.0,5,34.532,32000,"dataset\segments\Corvus_splendens\XC1138240-House-Crow-flight-call-very-good-2026-05-27-Ras-Al-Khor,-Dubai,-UAE_1407_edited_segment_0002.wav",train
"XC1138240-House-Crow-flight-call-very-good-2026-05-27-Ras-Al-Khor,-Dubai,-UAE_1407_edited_segment_0003.wav","XC1138240-House-Crow-flight-call-very-good-2026-05-27-Ras-Al-Khor,-Dubai,-UAE_1407_edited",House Crow,Corvus splendens,"XC1138240-House-Crow-flight-call-very-good-2026-05-27-Ras-Al-Khor,-Dubai,-UAE_1407_edited.wav",3,7.5,12.5,5,34.532,32000,"dataset\segments\Corvus_splendens\XC1138240-House-Crow-flight-call-very-good-2026-05-27-Ras-Al-Khor,-Dubai,-UAE_1407_edited_segment_0003.wav",train
"XC1138240-House-Crow-flight-call-very-good-2026-05-27-Ras-Al-Khor,-Dubai,-UAE_1407_edited_segment_0004.wav","XC1138240-House-Crow-flight-call-very-good-2026-05-27-Ras-Al-Khor,-Dubai,-UAE_1407_edited",House Crow,Corvus splendens,"XC1138240-House-Crow-flight-call-very-good-2026-05-27-Ras-Al-Khor,-Dubai,-UAE_1407_edited.wav",4,10.0,15.0,5,34.532,32000,"dataset\segments\Corvus_splendens\XC1138240-House-Crow-flight-call-very-good-2026-05-27-Ras-Al-Khor,-Dubai,-UAE_1407_edited_segment_0004.wav",train
"XC1138240-House-Crow-flight-call-very-good-2026-05-27-Ras-Al-Khor,-Dubai,-UAE_1407_edited_segment_0005.wav","XC1138240-House-Crow-flight-call-very-good-2026-05-27-Ras-Al-Khor,-Dubai,-UAE_1407_edited",House Crow,Corvus splendens,"XC1138240-House-Crow-flight-call-very-good-2026-05-27-Ras-Al-Khor,-Dubai,-UAE_1407_edited.wav",5,12.5,17.5,5,34.532,32000,"dataset\segments\Corvus_splendens\XC1138240-House-Crow-flight-call-very-good-2026-05-27-Ras-Al-Khor,-Dubai,-UAE_1407_edited_segment_0005.wav",train
"XC1138240-House-Crow-flight-call-very-good-2026-05-27-Ras-Al-Khor,-Dubai,-UAE_1407_edited_segment_0006.wav","XC1138240-House-Crow-flight-call-very-good-2026-05-27-Ras-Al-Khor,-Dubai,-UAE_1407_edited",House Crow,Corvus splendens,"XC1138240-House-Crow-flight-call-very-good-2026-05-27-Ras-Al-Khor,-Dubai,-UAE_1407_edited.wav",6,15.0,20.0,5,34.532,32000,"dataset\segments\Corvus_splendens\XC1138240-House-Crow-flight-call-very-good-2026-05-27-Ras-Al-Khor,-Dubai,-UAE_1407_edited_segment_0006.wav",train
"XC1138240-House-Crow-flight-call-very-good-2026-05-27-Ras-Al-Khor,-Dubai,-UAE_1407_edited_segment_0007.wav","XC1138240-House-Crow-flight-call-very-good-2026-05-27-Ras-Al-Khor,-Dubai,-UAE_1407_edited",House Crow,Corvus splendens,"XC1138240-House-Crow-flight-call-very-good-2026-05-27-Ras-Al-Khor,-Dubai,-UAE_1407_edited.wav",7,17.5,22.5,5,34.532,32000,"dataset\segments\Corvus_splendens\XC1138240-House-Crow-flight-call-very-good-2026-05-27-Ras-Al-Khor,-Dubai,-UAE_1407_edited_segment_0007.wav",train
"XC1138240-House-Crow-flight-call-very-good-2026-05-27-Ras-Al-Khor,-Dubai,-UAE_1407_edited_segment_0008.wav","XC1138240-House-Crow-flight-call-very-good-2026-05-27-Ras-Al-Khor,-Dubai,-UAE_1407_edited",House Crow,Corvus splendens,"XC1138240-House-Crow-flight-call-very-good-2026-05-27-Ras-Al-Khor,-Dubai,-UAE_1407_edited.wav",8,20.0,25.0,5,34.532,32000,"dataset\segments\Corvus_splendens\XC1138240-House-Crow-flight-call-very-good-2026-05-27-Ras-Al-Khor,-Dubai,-UAE_1407_edited_segment_0008.wav",train
"XC1138240-House-Crow-flight-call-very-good-2026-05-27-Ras-Al-Khor,-Dubai,-UAE_1407_edited_segment_0009.wav","XC1138240-House-Crow-flight-call-very-good-2026-05-27-Ras-Al-Khor,-Dubai,-UAE_1407_edited",House Crow,Corvus splendens,"XC1138240-House-Crow-flight-call-very-good-2026-05-27-Ras-Al-Khor,-Dubai,-UAE_1407_edited.wav",9,22.5,27.5,5,34.532,32000,"dataset\segments\Corvus_splendens\XC1138240-House-Crow-flight-call-very-good-2026-05-27-Ras-Al-Khor,-Dubai,-UAE_1407_edited_segment_0009.wav",train
"XC1138240-House-Crow-flight-call-very-good-2026-05-27-Ras-Al-Khor,-Dubai,-UAE_1407_edited_segment_0010.wav","XC1138240-House-Crow-flight-call-very-good-2026-05-27-Ras-Al-Khor,-Dubai,-UAE_1407_edited",House Crow,Corvus splendens,"XC1138240-House-Crow-flight-call-very-good-2026-05-27-Ras-Al-Khor,-Dubai,-UAE_1407_edited.wav",10,25.0,30.0,5,34.532,32000,"dataset\segments\Corvus_splendens\XC1138240-House-Crow-flight-call-very-good-2026-05-27-Ras-Al-Khor,-Dubai,-UAE_1407_edited_segment_0010.wav",train
"XC1138240-House-Crow-flight-call-very-good-2026-05-27-Ras-Al-Khor,-Dubai,-UAE_1407_edited_segment_0011.wav","XC1138240-House-Crow-flight-call-very-good-2026-05-27-Ras-Al-Khor,-Dubai,-UAE_1407_edited",House Crow,Corvus splendens,"XC1138240-House-Crow-flight-call-very-good-2026-05-27-Ras-Al-Khor,-Dubai,-UAE_1407_edited.wav",11,27.5,32.5,5,34.532,32000,"dataset\segments\Corvus_splendens\XC1138240-House-Crow-flight-call-very-good-2026-05-27-Ras-Al-Khor,-Dubai,-UAE_1407_edited_segment_0011.wav",train
"XC1149869-House-Crow-alarm-very-good-2026-06-25-Ras-Al-Khor,-Dubai,-UAE_SoundDevices702_Telinga9_1725_edited_segment_0000.wav","XC1149869-House-Crow-alarm-very-good-2026-06-25-Ras-Al-Khor,-Dubai,-UAE_SoundDevices702_Telinga9_1725_edited",House Crow,Corvus splendens,"XC1149869-House-Crow-alarm-very-good-2026-06-25-Ras-Al-Khor,-Dubai,-UAE_SoundDevices702_Telinga9_1725_edited.wav",0,0.0,5.0,5,19.079,32000,"dataset\segments\Corvus_splendens\XC1149869-House-Crow-alarm-very-good-2026-06-25-Ras-Al-Khor,-Dubai,-UAE_SoundDevices702_Telinga9_1725_edited_segment_0000.wav",train
"XC1149869-House-Crow-alarm-very-good-2026-06-25-Ras-Al-Khor,-Dubai,-UAE_SoundDevices702_Telinga9_1725_edited_segment_0001.wav","XC1149869-House-Crow-alarm-very-good-2026-06-25-Ras-Al-Khor,-Dubai,-UAE_SoundDevices702_Telinga9_1725_edited",House Crow,Corvus splendens,"XC1149869-House-Crow-alarm-very-good-2026-06-25-Ras-Al-Khor,-Dubai,-UAE_SoundDevices702_Telinga9_1725_edited.wav",1,2.5,7.5,5,19.079,32000,"dataset\segments\Corvus_splendens\XC1149869-House-Crow-alarm-very-good-2026-06-25-Ras-Al-Khor,-Dubai,-UAE_SoundDevices702_Telinga9_1725_edited_segment_0001.wav",train
"XC1149869-House-Crow-alarm-very-good-2026-06-25-Ras-Al-Khor,-Dubai,-UAE_SoundDevices702_Telinga9_1725_edited_segment_0002.wav","XC1149869-House-Crow-alarm-very-good-2026-06-25-Ras-Al-Khor,-Dubai,-UAE_SoundDevices702_Telinga9_1725_edited",House Crow,Corvus splendens,"XC1149869-House-Crow-alarm-very-good-2026-06-25-Ras-Al-Khor,-Dubai,-UAE_SoundDevices702_Telinga9_1725_edited.wav",2,5.0,10.0,5,19.079,32000,"dataset\segments\Corvus_splendens\XC1149869-House-Crow-alarm-very-good-2026-06-25-Ras-Al-Khor,-Dubai,-UAE_SoundDevices702_Telinga9_1725_edited_segment_0002.wav",train
"XC1149869-House-Crow-alarm-very-good-2026-06-25-Ras-Al-Khor,-Dubai,-UAE_SoundDevices702_Telinga9_1725_edited_segment_0003.wav","XC1149869-House-Crow-alarm-very-good-2026-06-25-Ras-Al-Khor,-Dubai,-UAE_SoundDevices702_Telinga9_1725_edited",House Crow,Corvus splendens,"XC1149869-House-Crow-alarm-very-good-2026-06-25-Ras-Al-Khor,-Dubai,-UAE_SoundDevices702_Telinga9_1725_edited.wav",3,7.5,12.5,5,19.079,32000,"dataset\segments\Corvus_splendens\XC1149869-House-Crow-alarm-very-good-2026-06-25-Ras-Al-Khor,-Dubai,-UAE_SoundDevices702_Telinga9_1725_edited_segment_0003.wav",train
"XC1149869-House-Crow-alarm-very-good-2026-06-25-Ras-Al-Khor,-Dubai,-UAE_SoundDevices702_Telinga9_1725_edited_segment_0004.wav","XC1149869-House-Crow-alarm-very-good-2026-06-25-Ras-Al-Khor,-Dubai,-UAE_SoundDevices702_Telinga9_1725_edited",House Crow,Corvus splendens,"XC1149869-House-Crow-alarm-very-good-2026-06-25-Ras-Al-Khor,-Dubai,-UAE_SoundDevices702_Telinga9_1725_edited.wav",4,10.0,15.0,5,19.079,32000,"dataset\segments\Corvus_splendens\XC1149869-House-Crow-alarm-very-good-2026-06-25-Ras-Al-Khor,-Dubai,-UAE_SoundDevices702_Telinga9_1725_edited_segment_0004.wav",train
"XC1149869-House-Crow-alarm-very-good-2026-06-25-Ras-Al-Khor,-Dubai,-UAE_SoundDevices702_Telinga9_1725_edited_segment_0005.wav","XC1149869-House-Crow-alarm-very-good-2026-06-25-Ras-Al-Khor,-Dubai,-UAE_SoundDevices702_Telinga9_1725_edited",House Crow,Corvus splendens,"XC1149869-House-Crow-alarm-very-good-2026-06-25-Ras-Al-Khor,-Dubai,-UAE_SoundDevices702_Telinga9_1725_edited.wav",5,12.5,17.5,5,19.079,32000,"dataset\segments\Corvus_splendens\XC1149869-House-Crow-alarm-very-good-2026-06-25-Ras-Al-Khor,-Dubai,-UAE_SoundDevices702_Telinga9_1725_edited_segment_0005.wav",train
"XC1151974-House-Crow-call-odd-very-good-2026-06-27-Khor-Kalba-and-Mangrove-Centre,-Sharjah,-UAE_SoundDevices702_Telinga9_1798_edited_segment_0000.wav","XC1151974-House-Crow-call-odd-very-good-2026-06-27-Khor-Kalba-and-Mangrove-Centre,-Sharjah,-UAE_SoundDevices702_Telinga9_1798_edited",House Crow,Corvus splendens,"XC1151974-House-Crow-call-odd-very-good-2026-06-27-Khor-Kalba-and-Mangrove-Centre,-Sharjah,-UAE_SoundDevices702_Telinga9_1798_edited.wav",0,0.0,5.0,5,28.935,32000,"dataset\segments\Corvus_splendens\XC1151974-House-Crow-call-odd-very-good-2026-06-27-Khor-Kalba-and-Mangrove-Centre,-Sharjah,-UAE_SoundDevices702_Telinga9_1798_edited_segment_0000.wav",train
"XC1151974-House-Crow-call-odd-very-good-2026-06-27-Khor-Kalba-and-Mangrove-Centre,-Sharjah,-UAE_SoundDevices702_Telinga9_1798_edited_segment_0001.wav","XC1151974-House-Crow-call-odd-very-good-2026-06-27-Khor-Kalba-and-Mangrove-Centre,-Sharjah,-UAE_SoundDevices702_Telinga9_1798_edited",House Crow,Corvus splendens,"XC1151974-House-Crow-call-odd-very-good-2026-06-27-Khor-Kalba-and-Mangrove-Centre,-Sharjah,-UAE_SoundDevices702_Telinga9_1798_edited.wav",1,2.5,7.5,5,28.935,32000,"dataset\segments\Corvus_splendens\XC1151974-House-Crow-call-odd-very-good-2026-06-27-Khor-Kalba-and-Mangrove-Centre,-Sharjah,-UAE_SoundDevices702_Telinga9_1798_edited_segment_0001.wav",train
"XC1151974-House-Crow-call-odd-very-good-2026-06-27-Khor-Kalba-and-Mangrove-Centre,-Sharjah,-UAE_SoundDevices702_Telinga9_1798_edited_segment_0002.wav","XC1151974-House-Crow-call-odd-very-good-2026-06-27-Khor-Kalba-and-Mangrove-Centre,-Sharjah,-UAE_SoundDevices702_Telinga9_1798_edited",House Crow,Corvus splendens,"XC1151974-House-Crow-call-odd-very-good-2026-06-27-Khor-Kalba-and-Mangrove-Centre,-Sharjah,-UAE_SoundDevices702_Telinga9_1798_edited.wav",2,5.0,10.0,5,28.935,32000,"dataset\segments\Corvus_splendens\XC1151974-House-Crow-call-odd-very-good-2026-06-27-Khor-Kalba-and-Mangrove-Centre,-Sharjah,-UAE_SoundDevices702_Telinga9_1798_edited_segment_0002.wav",train
"XC1151974-House-Crow-call-odd-very-good-2026-06-27-Khor-Kalba-and-Mangrove-Centre,-Sharjah,-UAE_SoundDevices702_Telinga9_1798_edited_segment_0003.wav","XC1151974-House-Crow-call-odd-very-good-2026-06-27-Khor-Kalba-and-Mangrove-Centre,-Sharjah,-UAE_SoundDevices702_Telinga9_1798_edited",House Crow,Corvus splendens,"XC1151974-House-Crow-call-odd-very-good-2026-06-27-Khor-Kalba-and-Mangrove-Centre,-Sharjah,-UAE_SoundDevices702_Telinga9_1798_edited.wav",3,7.5,12.5,5,28.935,32000,"dataset\segments\Corvus_splendens\XC1151974-House-Crow-call-odd-very-good-2026-06-27-Khor-Kalba-and-Mangrove-Centre,-Sharjah,-UAE_SoundDevices702_Telinga9_1798_edited_segment_0003.wav",train
"XC1151974-House-Crow-call-odd-very-good-2026-06-27-Khor-Kalba-and-Mangrove-Centre,-Sharjah,-UAE_SoundDevices702_Telinga9_1798_edited_segment_0004.wav","XC1151974-House-Crow-call-odd-very-good-2026-06-27-Khor-Kalba-and-Mangrove-Centre,-Sharjah,-UAE_SoundDevices702_Telinga9_1798_edited",House Crow,Corvus splendens,"XC1151974-House-Crow-call-odd-very-good-2026-06-27-Khor-Kalba-and-Mangrove-Centre,-Sharjah,-UAE_SoundDevices702_Telinga9_1798_edited.wav",4,10.0,15.0,5,28.935,32000,"dataset\segments\Corvus_splendens\XC1151974-House-Crow-call-odd-very-good-2026-06-27-Khor-Kalba-and-Mangrove-Centre,-Sharjah,-UAE_SoundDevices702_Telinga9_1798_edited_segment_0004.wav",train
"XC1151974-House-Crow-call-odd-very-good-2026-06-27-Khor-Kalba-and-Mangrove-Centre,-Sharjah,-UAE_SoundDevices702_Telinga9_1798_edited_segment_0005.wav","XC1151974-House-Crow-call-odd-very-good-2026-06-27-Khor-Kalba-and-Mangrove-Centre,-Sharjah,-UAE_SoundDevices702_Telinga9_1798_edited",House Crow,Corvus splendens,"XC1151974-House-Crow-call-odd-very-good-2026-06-27-Khor-Kalba-and-Mangrove-Centre,-Sharjah,-UAE_SoundDevices702_Telinga9_1798_edited.wav",5,12.5,17.5,5,28.935,32000,"dataset\segments\Corvus_splendens\XC1151974-House-Crow-call-odd-very-good-2026-06-27-Khor-Kalba-and-Mangrove-Centre,-Sharjah,-UAE_SoundDevices702_Telinga9_1798_edited_segment_0005.wav",train
"XC1151974-House-Crow-call-odd-very-good-2026-06-27-Khor-Kalba-and-Mangrove-Centre,-Sharjah,-UAE_SoundDevices702_Telinga9_1798_edited_segment_0006.wav","XC1151974-House-Crow-call-odd-very-good-2026-06-27-Khor-Kalba-and-Mangrove-Centre,-Sharjah,-UAE_SoundDevices702_Telinga9_1798_edited",House Crow,Corvus splendens,"XC1151974-House-Crow-call-odd-very-good-2026-06-27-Khor-Kalba-and-Mangrove-Centre,-Sharjah,-UAE_SoundDevices702_Telinga9_1798_edited.wav",6,15.0,20.0,5,28.935,32000,"dataset\segments\Corvus_splendens\XC1151974-House-Crow-call-odd-very-good-2026-06-27-Khor-Kalba-and-Mangrove-Centre,-Sharjah,-UAE_SoundDevices702_Telinga9_1798_edited_segment_0006.wav",train
"XC1151974-House-Crow-call-odd-very-good-2026-06-27-Khor-Kalba-and-Mangrove-Centre,-Sharjah,-UAE_SoundDevices702_Telinga9_1798_edited_segment_0007.wav","XC1151974-House-Crow-call-odd-very-good-2026-06-27-Khor-Kalba-and-Mangrove-Centre,-Sharjah,-UAE_SoundDevices702_Telinga9_1798_edited",House Crow,Corvus splendens,"XC1151974-House-Crow-call-odd-very-good-2026-06-27-Khor-Kalba-and-Mangrove-Centre,-Sharjah,-UAE_SoundDevices702_Telinga9_1798_edited.wav",7,17.5,22.5,5,28.935,32000,"dataset\segments\Corvus_splendens\XC1151974-House-Crow-call-odd-very-good-2026-06-27-Khor-Kalba-and-Mangrove-Centre,-Sharjah,-UAE_SoundDevices702_Telinga9_1798_edited_segment_0007.wav",train
"XC1151974-House-Crow-call-odd-very-good-2026-06-27-Khor-Kalba-and-Mangrove-Centre,-Sharjah,-UAE_SoundDevices702_Telinga9_1798_edited_segment_0008.wav","XC1151974-House-Crow-call-odd-very-good-2026-06-27-Khor-Kalba-and-Mangrove-Centre,-Sharjah,-UAE_SoundDevices702_Telinga9_1798_edited",House Crow,Corvus splendens,"XC1151974-House-Crow-call-odd-very-good-2026-06-27-Khor-Kalba-and-Mangrove-Centre,-Sharjah,-UAE_SoundDevices702_Telinga9_1798_edited.wav",8,20.0,25.0,5,28.935,32000,"dataset\segments\Corvus_splendens\XC1151974-House-Crow-call-odd-very-good-2026-06-27-Khor-Kalba-and-Mangrove-Centre,-Sharjah,-UAE_SoundDevices702_Telinga9_1798_edited_segment_0008.wav",train
"XC1151974-House-Crow-call-odd-very-good-2026-06-27-Khor-Kalba-and-Mangrove-Centre,-Sharjah,-UAE_SoundDevices702_Telinga9_1798_edited_segment_0009.wav","XC1151974-House-Crow-call-odd-very-good-2026-06-27-Khor-Kalba-and-Mangrove-Centre,-Sharjah,-UAE_SoundDevices702_Telinga9_1798_edited",House Crow,Corvus splendens,"XC1151974-House-Crow-call-odd-very-good-2026-06-27-Khor-Kalba-and-Mangrove-Centre,-Sharjah,-UAE_SoundDevices702_Telinga9_1798_edited.wav",9,22.5,27.5,5,28.935,32000,"dataset\segments\Corvus_splendens\XC1151974-House-Crow-call-odd-very-good-2026-06-27-Khor-Kalba-and-Mangrove-Centre,-Sharjah,-UAE_SoundDevices702_Telinga9_1798_edited_segment_0009.wav",train
"XC1151975-House-Crow-call-odd-very-good-2026-06-27-Khor-Kalba-and-Mangrove-Centre,-Sharjah,-UAE_SoundDevices702_Telinga9_1799_edited_segment_0000.wav","XC1151975-House-Crow-call-odd-very-good-2026-06-27-Khor-Kalba-and-Mangrove-Centre,-Sharjah,-UAE_SoundDevices702_Telinga9_1799_edited",House Crow,Corvus splendens,"XC1151975-House-Crow-call-odd-very-good-2026-06-27-Khor-Kalba-and-Mangrove-Centre,-Sharjah,-UAE_SoundDevices702_Telinga9_1799_edited.wav",0,0.0,5.0,5,24.258,32000,"dataset\segments\Corvus_splendens\XC1151975-House-Crow-call-odd-very-good-2026-06-27-Khor-Kalba-and-Mangrove-Centre,-Sharjah,-UAE_SoundDevices702_Telinga9_1799_edited_segment_0000.wav",train
"XC1151975-House-Crow-call-odd-very-good-2026-06-27-Khor-Kalba-and-Mangrove-Centre,-Sharjah,-UAE_SoundDevices702_Telinga9_1799_edited_segment_0001.wav","XC1151975-House-Crow-call-odd-very-good-2026-06-27-Khor-Kalba-and-Mangrove-Centre,-Sharjah,-UAE_SoundDevices702_Telinga9_1799_edited",House Crow,Corvus splendens,"XC1151975-House-Crow-call-odd-very-good-2026-06-27-Khor-Kalba-and-Mangrove-Centre,-Sharjah,-UAE_SoundDevices702_Telinga9_1799_edited.wav",1,2.5,7.5,5,24.258,32000,"dataset\segments\Corvus_splendens\XC1151975-House-Crow-call-odd-very-good-2026-06-27-Khor-Kalba-and-Mangrove-Centre,-Sharjah,-UAE_SoundDevices702_Telinga9_1799_edited_segment_0001.wav",train
"XC1151975-House-Crow-call-odd-very-good-2026-06-27-Khor-Kalba-and-Mangrove-Centre,-Sharjah,-UAE_SoundDevices702_Telinga9_1799_edited_segment_0002.wav","XC1151975-House-Crow-call-odd-very-good-2026-06-27-Khor-Kalba-and-Mangrove-Centre,-Sharjah,-UAE_SoundDevices702_Telinga9_1799_edited",House Crow,Corvus splendens,"XC1151975-House-Crow-call-odd-very-good-2026-06-27-Khor-Kalba-and-Mangrove-Centre,-Sharjah,-UAE_SoundDevices702_Telinga9_1799_edited.wav",2,5.0,10.0,5,24.258,32000,"dataset\segments\Corvus_splendens\XC1151975-House-Crow-call-odd-very-good-2026-06-27-Khor-Kalba-and-Mangrove-Centre,-Sharjah,-UAE_SoundDevices702_Telinga9_1799_edited_segment_0002.wav",train
"XC1151975-House-Crow-call-odd-very-good-2026-06-27-Khor-Kalba-and-Mangrove-Centre,-Sharjah,-UAE_SoundDevices702_Telinga9_1799_edited_segment_0003.wav","XC1151975-House-Crow-call-odd-very-good-2026-06-27-Khor-Kalba-and-Mangrove-Centre,-Sharjah,-UAE_SoundDevices702_Telinga9_1799_edited",House Crow,Corvus splendens,"XC1151975-House-Crow-call-odd-very-good-2026-06-27-Khor-Kalba-and-Mangrove-Centre,-Sharjah,-UAE_SoundDevices702_Telinga9_1799_edited.wav",3,7.5,12.5,5,24.258,32000,"dataset\segments\Corvus_splendens\XC1151975-House-Crow-call-odd-very-good-2026-06-27-Khor-Kalba-and-Mangrove-Centre,-Sharjah,-UAE_SoundDevices702_Telinga9_1799_edited_segment_0003.wav",train
"XC1151975-House-Crow-call-odd-very-good-2026-06-27-Khor-Kalba-and-Mangrove-Centre,-Sharjah,-UAE_SoundDevices702_Telinga9_1799_edited_segment_0004.wav","XC1151975-House-Crow-call-odd-very-good-2026-06-27-Khor-Kalba-and-Mangrove-Centre,-Sharjah,-UAE_SoundDevices702_Telinga9_1799_edited",House Crow,Corvus splendens,"XC1151975-House-Crow-call-odd-very-good-2026-06-27-Khor-Kalba-and-Mangrove-Centre,-Sharjah,-UAE_SoundDevices702_Telinga9_1799_edited.wav",4,10.0,15.0,5,24.258,32000,"dataset\segments\Corvus_splendens\XC1151975-House-Crow-call-odd-very-good-2026-06-27-Khor-Kalba-and-Mangrove-Centre,-Sharjah,-UAE_SoundDevices702_Telinga9_1799_edited_segment_0004.wav",train
"XC1151975-House-Crow-call-odd-very-good-2026-06-27-Khor-Kalba-and-Mangrove-Centre,-Sharjah,-UAE_SoundDevices702_Telinga9_1799_edited_segment_0005.wav","XC1151975-House-Crow-call-odd-very-good-2026-06-27-Khor-Kalba-and-Mangrove-Centre,-Sharjah,-UAE_SoundDevices702_Telinga9_1799_edited",House Crow,Corvus splendens,"XC1151975-House-Crow-call-odd-very-good-2026-06-27-Khor-Kalba-and-Mangrove-Centre,-Sharjah,-UAE_SoundDevices702_Telinga9_1799_edited.wav",5,12.5,17.5,5,24.258,32000,"dataset\segments\Corvus_splendens\XC1151975-House-Crow-call-odd-very-good-2026-06-27-Khor-Kalba-and-Mangrove-Centre,-Sharjah,-UAE_SoundDevices702_Telinga9_1799_edited_segment_0005.wav",train
"XC1151975-House-Crow-call-odd-very-good-2026-06-27-Khor-Kalba-and-Mangrove-Centre,-Sharjah,-UAE_SoundDevices702_Telinga9_1799_edited_segment_0006.wav","XC1151975-House-Crow-call-odd-very-good-2026-06-27-Khor-Kalba-and-Mangrove-Centre,-Sharjah,-UAE_SoundDevices702_Telinga9_1799_edited",House Crow,Corvus splendens,"XC1151975-House-Crow-call-odd-very-good-2026-06-27-Khor-Kalba-and-Mangrove-Centre,-Sharjah,-UAE_SoundDevices702_Telinga9_1799_edited.wav",6,15.0,20.0,5,24.258,32000,"dataset\segments\Corvus_splendens\XC1151975-House-Crow-call-odd-very-good-2026-06-27-Khor-Kalba-and-Mangrove-Centre,-Sharjah,-UAE_SoundDevices702_Telinga9_1799_edited_segment_0006.wav",train
"XC1151975-House-Crow-call-odd-very-good-2026-06-27-Khor-Kalba-and-Mangrove-Centre,-Sharjah,-UAE_SoundDevices702_Telinga9_1799_edited_segment_0007.wav","XC1151975-House-Crow-call-odd-very-good-2026-06-27-Khor-Kalba-and-Mangrove-Centre,-Sharjah,-UAE_SoundDevices702_Telinga9_1799_edited",House Crow,Corvus splendens,"XC1151975-House-Crow-call-odd-very-good-2026-06-27-Khor-Kalba-and-Mangrove-Centre,-Sharjah,-UAE_SoundDevices702_Telinga9_1799_edited.wav",7,17.5,22.5,5,24.258,32000,"dataset\segments\Corvus_splendens\XC1151975-House-Crow-call-odd-very-good-2026-06-27-Khor-Kalba-and-Mangrove-Centre,-Sharjah,-UAE_SoundDevices702_Telinga9_1799_edited_segment_0007.wav",train
"XC1151978-House-Crow-call-very-good-2026-06-27-Khor-Kalba-and-Mangrove-Centre,-Sharjah,-UAE_SoundDevices702_Telinga9_1783_edited_segment_0000.wav","XC1151978-House-Crow-call-very-good-2026-06-27-Khor-Kalba-and-Mangrove-Centre,-Sharjah,-UAE_SoundDevices702_Telinga9_1783_edited",House Crow,Corvus splendens,"XC1151978-House-Crow-call-very-good-2026-06-27-Khor-Kalba-and-Mangrove-Centre,-Sharjah,-UAE_SoundDevices702_Telinga9_1783_edited.wav",0,0.0,5.0,5,12.676,32000,"dataset\segments\Corvus_splendens\XC1151978-House-Crow-call-very-good-2026-06-27-Khor-Kalba-and-Mangrove-Centre,-Sharjah,-UAE_SoundDevices702_Telinga9_1783_edited_segment_0000.wav",train
"XC1151978-House-Crow-call-very-good-2026-06-27-Khor-Kalba-and-Mangrove-Centre,-Sharjah,-UAE_SoundDevices702_Telinga9_1783_edited_segment_0001.wav","XC1151978-House-Crow-call-very-good-2026-06-27-Khor-Kalba-and-Mangrove-Centre,-Sharjah,-UAE_SoundDevices702_Telinga9_1783_edited",House Crow,Corvus splendens,"XC1151978-House-Crow-call-very-good-2026-06-27-Khor-Kalba-and-Mangrove-Centre,-Sharjah,-UAE_SoundDevices702_Telinga9_1783_edited.wav",1,2.5,7.5,5,12.676,32000,"dataset\segments\Corvus_splendens\XC1151978-House-Crow-call-very-good-2026-06-27-Khor-Kalba-and-Mangrove-Centre,-Sharjah,-UAE_SoundDevices702_Telinga9_1783_edited_segment_0001.wav",train
"XC1151978-House-Crow-call-very-good-2026-06-27-Khor-Kalba-and-Mangrove-Centre,-Sharjah,-UAE_SoundDevices702_Telinga9_1783_edited_segment_0002.wav","XC1151978-House-Crow-call-very-good-2026-06-27-Khor-Kalba-and-Mangrove-Centre,-Sharjah,-UAE_SoundDevices702_Telinga9_1783_edited",House Crow,Corvus splendens,"XC1151978-House-Crow-call-very-good-2026-06-27-Khor-Kalba-and-Mangrove-Centre,-Sharjah,-UAE_SoundDevices702_Telinga9_1783_edited.wav",2,5.0,10.0,5,12.676,32000,"dataset\segments\Corvus_splendens\XC1151978-House-Crow-call-very-good-2026-06-27-Khor-Kalba-and-Mangrove-Centre,-Sharjah,-UAE_SoundDevices702_Telinga9_1783_edited_segment_0002.wav",train
"XC1151978-House-Crow-call-very-good-2026-06-27-Khor-Kalba-and-Mangrove-Centre,-Sharjah,-UAE_SoundDevices702_Telinga9_1783_edited_segment_0003.wav","XC1151978-House-Crow-call-very-good-2026-06-27-Khor-Kalba-and-Mangrove-Centre,-Sharjah,-UAE_SoundDevices702_Telinga9_1783_edited",House Crow,Corvus splendens,"XC1151978-House-Crow-call-very-good-2026-06-27-Khor-Kalba-and-Mangrove-Centre,-Sharjah,-UAE_SoundDevices702_Telinga9_1783_edited.wav",3,7.5,12.5,5,12.676,32000,"dataset\segments\Corvus_splendens\XC1151978-House-Crow-call-very-good-2026-06-27-Khor-Kalba-and-Mangrove-Centre,-Sharjah,-UAE_SoundDevices702_Telinga9_1783_edited_segment_0003.wav",train
"XC1169641-House-Crow-call-very-good-2026-08-14-Jumeriah-Village-Triangle,-Dubai,-UAE_SoundDevices702_Telinga9_2153_Edited_segment_0000.wav","XC1169641-House-Crow-call-very-good-2026-08-14-Jumeriah-Village-Triangle,-Dubai,-UAE_SoundDevices702_Telinga9_2153_Edited",House Crow,Corvus splendens,"XC1169641-House-Crow-call-very-good-2026-08-14-Jumeriah-Village-Triangle,-Dubai,-UAE_SoundDevices702_Telinga9_2153_Edited.wav",0,0.0,5.0,5,40.469,32000,"dataset\segments\Corvus_splendens\XC1169641-House-Crow-call-very-good-2026-08-14-Jumeriah-Village-Triangle,-Dubai,-UAE_SoundDevices702_Telinga9_2153_Edited_segment_0000.wav",train
"XC1169641-House-Crow-call-very-good-2026-08-14-Jumeriah-Village-Triangle,-Dubai,-UAE_SoundDevices702_Telinga9_2153_Edited_segment_0001.wav","XC1169641-House-Crow-call-very-good-2026-08-14-Jumeriah-Village-Triangle,-Dubai,-UAE_SoundDevices702_Telinga9_2153_Edited",House Crow,Corvus splendens,"XC1169641-House-Crow-call-very-good-2026-08-14-Jumeriah-Village-Triangle,-Dubai,-UAE_SoundDevices702_Telinga9_2153_Edited.wav",1,2.5,7.5,5,40.469,32000,"dataset\segments\Corvus_splendens\XC1169641-House-Crow-call-very-good-2026-08-14-Jumeriah-Village-Triangle,-Dubai,-UAE_SoundDevices702_Telinga9_2153_Edited_segment_0001.wav",train
"XC1169641-House-Crow-call-very-good-2026-08-14-Jumeriah-Village-Triangle,-Dubai,-UAE_SoundDevices702_Telinga9_2153_Edited_segment_0002.wav","XC1169641-House-Crow-call-very-good-2026-08-14-Jumeriah-Village-Triangle,-Dubai,-UAE_SoundDevices702_Telinga9_2153_Edited",House Crow,Corvus splendens,"XC1169641-House-Crow-call-very-good-2026-08-14-Jumeriah-Village-Triangle,-Dubai,-UAE_SoundDevices702_Telinga9_2153_Edited.wav",2,5.0,10.0,5,40.469,32000,"dataset\segments\Corvus_splendens\XC1169641-House-Crow-call-very-good-2026-08-14-Jumeriah-Village-Triangle,-Dubai,-UAE_SoundDevices702_Telinga9_2153_Edited_segment_0002.wav",train
"XC1169641-House-Crow-call-very-good-2026-08-14-Jumeriah-Village-Triangle,-Dubai,-UAE_SoundDevices702_Telinga9_2153_Edited_segment_0003.wav","XC1169641-House-Crow-call-very-good-2026-08-14-Jumeriah-Village-Triangle,-Dubai,-UAE_SoundDevices702_Telinga9_2153_Edited",House Crow,Corvus splendens,"XC1169641-House-Crow-call-very-good-2026-08-14-Jumeriah-Village-Triangle,-Dubai,-UAE_SoundDevices702_Telinga9_2153_Edited.wav",3,7.5,12.5,5,40.469,32000,"dataset\segments\Corvus_splendens\XC1169641-House-Crow-call-very-good-2026-08-14-Jumeriah-Village-Triangle,-Dubai,-UAE_SoundDevices702_Telinga9_2153_Edited_segment_0003.wav",train
"XC1169641-House-Crow-call-very-good-2026-08-14-Jumeriah-Village-Triangle,-Dubai,-UAE_SoundDevices702_Telinga9_2153_Edited_segment_0004.wav","XC1169641-House-Crow-call-very-good-2026-08-14-Jumeriah-Village-Triangle,-Dubai,-UAE_SoundDevices702_Telinga9_2153_Edited",House Crow,Corvus splendens,"XC1169641-House-Crow-call-very-good-2026-08-14-Jumeriah-Village-Triangle,-Dubai,-UAE_SoundDevices702_Telinga9_2153_Edited.wav",4,10.0,15.0,5,40.469,32000,"dataset\segments\Corvus_splendens\XC1169641-House-Crow-call-very-good-2026-08-14-Jumeriah-Village-Triangle,-Dubai,-UAE_SoundDevices702_Telinga9_2153_Edited_segment_0004.wav",train
"XC1169641-House-Crow-call-very-good-2026-08-14-Jumeriah-Village-Triangle,-Dubai,-UAE_SoundDevices702_Telinga9_2153_Edited_segment_0005.wav","XC1169641-House-Crow-call-very-good-2026-08-14-Jumeriah-Village-Triangle,-Dubai,-UAE_SoundDevices702_Telinga9_2153_Edited",House Crow,Corvus splendens,"XC1169641-House-Crow-call-very-good-2026-08-14-Jumeriah-Village-Triangle,-Dubai,-UAE_SoundDevices702_Telinga9_2153_Edited.wav",5,12.5,17.5,5,40.469,32000,"dataset\segments\Corvus_splendens\XC1169641-House-Crow-call-very-good-2026-08-14-Jumeriah-Village-Triangle,-Dubai,-UAE_SoundDevices702_Telinga9_2153_Edited_segment_0005.wav",train
"XC1169641-House-Crow-call-very-good-2026-08-14-Jumeriah-Village-Triangle,-Dubai,-UAE_SoundDevices702_Telinga9_2153_Edited_segment_0006.wav","XC1169641-House-Crow-call-very-good-2026-08-14-Jumeriah-Village-Triangle,-Dubai,-UAE_SoundDevices702_Telinga9_2153_Edited",House Crow,Corvus splendens,"XC1169641-House-Crow-call-very-good-2026-08-14-Jumeriah-Village-Triangle,-Dubai,-UAE_SoundDevices702_Telinga9_2153_Edited.wav",6,15.0,20.0,5,40.469,32000,"dataset\segments\Corvus_splendens\XC1169641-House-Crow-call-very-good-2026-08-14-Jumeriah-Village-Triangle,-Dubai,-UAE_SoundDevices702_Telinga9_2153_Edited_segment_0006.wav",train
"XC1169641-House-Crow-call-very-good-2026-08-14-Jumeriah-Village-Triangle,-Dubai,-UAE_SoundDevices702_Telinga9_2153_Edited_segment_0007.wav","XC1169641-House-Crow-call-very-good-2026-08-14-Jumeriah-Village-Triangle,-Dubai,-UAE_SoundDevices702_Telinga9_2153_Edited",House Crow,Corvus splendens,"XC1169641-House-Crow-call-very-good-2026-08-14-Jumeriah-Village-Triangle,-Dubai,-UAE_SoundDevices702_Telinga9_2153_Edited.wav",7,17.5,22.5,5,40.469,32000,"dataset\segments\Corvus_splendens\XC1169641-House-Crow-call-very-good-2026-08-14-Jumeriah-Village-Triangle,-Dubai,-UAE_SoundDevices702_Telinga9_2153_Edited_segment_0007.wav",train
"XC1169641-House-Crow-call-very-good-2026-08-14-Jumeriah-Village-Triangle,-Dubai,-UAE_SoundDevices702_Telinga9_2153_Edited_segment_0008.wav","XC1169641-House-Crow-call-very-good-2026-08-14-Jumeriah-Village-Triangle,-Dubai,-UAE_SoundDevices702_Telinga9_2153_Edited",House Crow,Corvus splendens,"XC1169641-House-Crow-call-very-good-2026-08-14-Jumeriah-Village-Triangle,-Dubai,-UAE_SoundDevices702_Telinga9_2153_Edited.wav",8,20.0,25.0,5,40.469,32000,"dataset\segments\Corvus_splendens\XC1169641-House-Crow-call-very-good-2026-08-14-Jumeriah-Village-Triangle,-Dubai,-UAE_SoundDevices702_Telinga9_2153_Edited_segment_0008.wav",train
"XC1169641-House-Crow-call-very-good-2026-08-14-Jumeriah-Village-Triangle,-Dubai,-UAE_SoundDevices702_Telinga9_2153_Edited_segment_0009.wav","XC1169641-House-Crow-call-very-good-2026-08-14-Jumeriah-Village-Triangle,-Dubai,-UAE_SoundDevices702_Telinga9_2153_Edited",House Crow,Corvus splendens,"XC1169641-House-Crow-call-very-good-2026-08-14-Jumeriah-Village-Triangle,-Dubai,-UAE_SoundDevices702_Telinga9_2153_Edited.wav",9,22.5,27.5,5,40.469,32000,"dataset\segments\Corvus_splendens\XC1169641-House-Crow-call-very-good-2026-08-14-Jumeriah-Village-Triangle,-Dubai,-UAE_SoundDevices702_Telinga9_2153_Edited_segment_0009.wav",train
"XC1169641-House-Crow-call-very-good-2026-08-14-Jumeriah-Village-Triangle,-Dubai,-UAE_SoundDevices702_Telinga9_2153_Edited_segment_0010.wav","XC1169641-House-Crow-call-very-good-2026-08-14-Jumeriah-Village-Triangle,-Dubai,-UAE_SoundDevices702_Telinga9_2153_Edited",House Crow,Corvus splendens,"XC1169641-House-Crow-call-very-good-2026-08-14-Jumeriah-Village-Triangle,-Dubai,-UAE_SoundDevices702_Telinga9_2153_Edited.wav",10,25.0,30.0,5,40.469,32000,"dataset\segments\Corvus_splendens\XC1169641-House-Crow-call-very-good-2026-08-14-Jumeriah-Village-Triangle,-Dubai,-UAE_SoundDevices702_Telinga9_2153_Edited_segment_0010.wav",train
"XC1169641-House-Crow-call-very-good-2026-08-14-Jumeriah-Village-Triangle,-Dubai,-UAE_SoundDevices702_Telinga9_2153_Edited_segment_0011.wav","XC1169641-House-Crow-call-very-good-2026-08-14-Jumeriah-Village-Triangle,-Dubai,-UAE_SoundDevices702_Telinga9_2153_Edited",House Crow,Corvus splendens,"XC1169641-House-Crow-call-very-good-2026-08-14-Jumeriah-Village-Triangle,-Dubai,-UAE_SoundDevices702_Telinga9_2153_Edited.wav",11,27.5,32.5,5,40.469,32000,"dataset\segments\Corvus_splendens\XC1169641-House-Crow-call-very-good-2026-08-14-Jumeriah-Village-Triangle,-Dubai,-UAE_SoundDevices702_Telinga9_2153_Edited_segment_0011.wav",train
"XC1169641-House-Crow-call-very-good-2026-08-14-Jumeriah-Village-Triangle,-Dubai,-UAE_SoundDevices702_Telinga9_2153_Edited_segment_0012.wav","XC1169641-House-Crow-call-very-good-2026-08-14-Jumeriah-Village-Triangle,-Dubai,-UAE_SoundDevices702_Telinga9_2153_Edited",House Crow,Corvus splendens,"XC1169641-House-Crow-call-very-good-2026-08-14-Jumeriah-Village-Triangle,-Dubai,-UAE_SoundDevices702_Telinga9_2153_Edited.wav",12,30.0,35.0,5,40.469,32000,"dataset\segments\Corvus_splendens\XC1169641-House-Crow-call-very-good-2026-08-14-Jumeriah-Village-Triangle,-Dubai,-UAE_SoundDevices702_Telinga9_2153_Edited_segment_0012.wav",train
"XC1169641-House-Crow-call-very-good-2026-08-14-Jumeriah-Village-Triangle,-Dubai,-UAE_SoundDevices702_Telinga9_2153_Edited_segment_0013.wav","XC1169641-House-Crow-call-very-good-2026-08-14-Jumeriah-Village-Triangle,-Dubai,-UAE_SoundDevices702_Telinga9_2153_Edited",House Crow,Corvus splendens,"XC1169641-House-Crow-call-very-good-2026-08-14-Jumeriah-Village-Triangle,-Dubai,-UAE_SoundDevices702_Telinga9_2153_Edited.wav",13,32.5,37.5,5,40.469,32000,"dataset\segments\Corvus_splendens\XC1169641-House-Crow-call-very-good-2026-08-14-Jumeriah-Village-Triangle,-Dubai,-UAE_SoundDevices702_Telinga9_2153_Edited_segment_0013.wav",train
"XC1169641-House-Crow-call-very-good-2026-08-14-Jumeriah-Village-Triangle,-Dubai,-UAE_SoundDevices702_Telinga9_2153_Edited_segment_0014.wav","XC1169641-House-Crow-call-very-good-2026-08-14-Jumeriah-Village-Triangle,-Dubai,-UAE_SoundDevices702_Telinga9_2153_Edited",House Crow,Corvus splendens,"XC1169641-House-Crow-call-very-good-2026-08-14-Jumeriah-Village-Triangle,-Dubai,-UAE_SoundDevices702_Telinga9_2153_Edited.wav",14,35.0,40.0,5,40.469,32000,"dataset\segments\Corvus_splendens\XC1169641-House-Crow-call-very-good-2026-08-14-Jumeriah-Village-Triangle,-Dubai,-UAE_SoundDevices702_Telinga9_2153_Edited_segment_0014.wav",train
"XC1169643-House-Crow-call-very-good-2026-08-14-Jumeriah-Village-Triangle,-Dubai,-UAE_SoundDevices702_Telinga9_2157_edited_segment_0000.wav","XC1169643-House-Crow-call-very-good-2026-08-14-Jumeriah-Village-Triangle,-Dubai,-UAE_SoundDevices702_Telinga9_2157_edited",House Crow,Corvus splendens,"XC1169643-House-Crow-call-very-good-2026-08-14-Jumeriah-Village-Triangle,-Dubai,-UAE_SoundDevices702_Telinga9_2157_edited.wav",0,0.0,5.0,5,22.762,32000,"dataset\segments\Corvus_splendens\XC1169643-House-Crow-call-very-good-2026-08-14-Jumeriah-Village-Triangle,-Dubai,-UAE_SoundDevices702_Telinga9_2157_edited_segment_0000.wav",train
"XC1169643-House-Crow-call-very-good-2026-08-14-Jumeriah-Village-Triangle,-Dubai,-UAE_SoundDevices702_Telinga9_2157_edited_segment_0001.wav","XC1169643-House-Crow-call-very-good-2026-08-14-Jumeriah-Village-Triangle,-Dubai,-UAE_SoundDevices702_Telinga9_2157_edited",House Crow,Corvus splendens,"XC1169643-House-Crow-call-very-good-2026-08-14-Jumeriah-Village-Triangle,-Dubai,-UAE_SoundDevices702_Telinga9_2157_edited.wav",1,2.5,7.5,5,22.762,32000,"dataset\segments\Corvus_splendens\XC1169643-House-Crow-call-very-good-2026-08-14-Jumeriah-Village-Triangle,-Dubai,-UAE_SoundDevices702_Telinga9_2157_edited_segment_0001.wav",train
"XC1169643-House-Crow-call-very-good-2026-08-14-Jumeriah-Village-Triangle,-Dubai,-UAE_SoundDevices702_Telinga9_2157_edited_segment_0002.wav","XC1169643-House-Crow-call-very-good-2026-08-14-Jumeriah-Village-Triangle,-Dubai,-UAE_SoundDevices702_Telinga9_2157_edited",House Crow,Corvus splendens,"XC1169643-House-Crow-call-very-good-2026-08-14-Jumeriah-Village-Triangle,-Dubai,-UAE_SoundDevices702_Telinga9_2157_edited.wav",2,5.0,10.0,5,22.762,32000,"dataset\segments\Corvus_splendens\XC1169643-House-Crow-call-very-good-2026-08-14-Jumeriah-Village-Triangle,-Dubai,-UAE_SoundDevices702_Telinga9_2157_edited_segment_0002.wav",train
"XC1169643-House-Crow-call-very-good-2026-08-14-Jumeriah-Village-Triangle,-Dubai,-UAE_SoundDevices702_Telinga9_2157_edited_segment_0003.wav","XC1169643-House-Crow-call-very-good-2026-08-14-Jumeriah-Village-Triangle,-Dubai,-UAE_SoundDevices702_Telinga9_2157_edited",House Crow,Corvus splendens,"XC1169643-House-Crow-call-very-good-2026-08-14-Jumeriah-Village-Triangle,-Dubai,-UAE_SoundDevices702_Telinga9_2157_edited.wav",3,7.5,12.5,5,22.762,32000,"dataset\segments\Corvus_splendens\XC1169643-House-Crow-call-very-good-2026-08-14-Jumeriah-Village-Triangle,-Dubai,-UAE_SoundDevices702_Telinga9_2157_edited_segment_0003.wav",train
"XC1169643-House-Crow-call-very-good-2026-08-14-Jumeriah-Village-Triangle,-Dubai,-UAE_SoundDevices702_Telinga9_2157_edited_segment_0004.wav","XC1169643-House-Crow-call-very-good-2026-08-14-Jumeriah-Village-Triangle,-Dubai,-UAE_SoundDevices702_Telinga9_2157_edited",House Crow,Corvus splendens,"XC1169643-House-Crow-call-very-good-2026-08-14-Jumeriah-Village-Triangle,-Dubai,-UAE_SoundDevices702_Telinga9_2157_edited.wav",4,10.0,15.0,5,22.762,32000,"dataset\segments\Corvus_splendens\XC1169643-House-Crow-call-very-good-2026-08-14-Jumeriah-Village-Triangle,-Dubai,-UAE_SoundDevices702_Telinga9_2157_edited_segment_0004.wav",train
"XC1169643-House-Crow-call-very-good-2026-08-14-Jumeriah-Village-Triangle,-Dubai,-UAE_SoundDevices702_Telinga9_2157_edited_segment_0005.wav","XC1169643-House-Crow-call-very-good-2026-08-14-Jumeriah-Village-Triangle,-Dubai,-UAE_SoundDevices702_Telinga9_2157_edited",House Crow,Corvus splendens,"XC1169643-House-Crow-call-very-good-2026-08-14-Jumeriah-Village-Triangle,-Dubai,-UAE_SoundDevices702_Telinga9_2157_edited.wav",5,12.5,17.5,5,22.762,32000,"dataset\segments\Corvus_splendens\XC1169643-House-Crow-call-very-good-2026-08-14-Jumeriah-Village-Triangle,-Dubai,-UAE_SoundDevices702_Telinga9_2157_edited_segment_0005.wav",train
"XC1169643-House-Crow-call-very-good-2026-08-14-Jumeriah-Village-Triangle,-Dubai,-UAE_SoundDevices702_Telinga9_2157_edited_segment_0006.wav","XC1169643-House-Crow-call-very-good-2026-08-14-Jumeriah-Village-Triangle,-Dubai,-UAE_SoundDevices702_Telinga9_2157_edited",House Crow,Corvus splendens,"XC1169643-House-Crow-call-very-good-2026-08-14-Jumeriah-Village-Triangle,-Dubai,-UAE_SoundDevices702_Telinga9_2157_edited.wav",6,15.0,20.0,5,22.762,32000,"dataset\segments\Corvus_splendens\XC1169643-House-Crow-call-very-good-2026-08-14-Jumeriah-Village-Triangle,-Dubai,-UAE_SoundDevices702_Telinga9_2157_edited_segment_0006.wav",train
"XC1169643-House-Crow-call-very-good-2026-08-14-Jumeriah-Village-Triangle,-Dubai,-UAE_SoundDevices702_Telinga9_2157_edited_segment_0007.wav","XC1169643-House-Crow-call-very-good-2026-08-14-Jumeriah-Village-Triangle,-Dubai,-UAE_SoundDevices702_Telinga9_2157_edited",House Crow,Corvus splendens,"XC1169643-House-Crow-call-very-good-2026-08-14-Jumeriah-Village-Triangle,-Dubai,-UAE_SoundDevices702_Telinga9_2157_edited.wav",7,17.5,22.5,5,22.762,32000,"dataset\segments\Corvus_splendens\XC1169643-House-Crow-call-very-good-2026-08-14-Jumeriah-Village-Triangle,-Dubai,-UAE_SoundDevices702_Telinga9_2157_edited_segment_0007.wav",train
